clean_text,word_count,char_count,hashtag_count,mention_count,url_count,exclamation_count,question_count,uppercase_ratio,multi_exclamation,disaster_word_flag,target
sassy city girl country hunk stranded in smoky mountain snowstorm <hashtag> aoms <url> <hashtag> ibooklove <hashtag> bookboost,17,126,3,0,1,0,0,0.07758620689655173,0,0,1
god s kingdom heavenly gov t will rule over all people on the earth after armageddon <url> <url>,18,96,0,0,2,0,0,0.08888888888888889,0,0,0
mopheme and bigstar johnson are a problem in this game body bagging niggas <hashtag> vuzuhustle,15,95,1,0,0,0,0,0.05813953488372093,0,0,0
<user> sounds like a whirlwind life!,6,36,0,1,0,1,0,0.04878048780487805,0,0,0
malaysia confirms plane debris washed up on reunion island is from flight mh <num> <url>,15,88,0,0,1,0,0,0.10784313725490197,0,0,1
live a balanced life! balance your fear of <hashtag> allah with hope in his mercy and love for him,19,98,1,0,0,1,0,0.05555555555555555,0,0,0
climate consequences u s forest service says spending more than half of budget on fires <url> <url>,17,99,0,0,2,0,0,0.3037037037037037,0,0,1
brooke just face timed me at the concert and just screamed for <num> minutes straight,15,85,0,0,0,0,0,0.0,0,0,0
but time began at last to obliterate the freshness of my alarm <url>,13,68,0,0,1,0,0,0.054945054945054944,0,0,0
what natural disaster are you when you get angry? <url>,10,55,0,0,1,0,1,0.19444444444444445,0,0,0
<user> he did get a <user> bump of approval which is probably why he s blown up <url> <hashtag> musicadvisory,20,109,1,2,1,0,0,0.05970149253731343,0,0,0
detonation into the realistic assets entering india koz <url>,9,61,0,0,1,0,0,0.10126582278481013,0,0,0
i m laughing in the face of casualties and sorrow the first time i m thinking past tomorrow but i am not throwin away my shot,26,125,0,0,0,0,0,0.8,0,0,1
one direction is my pick for <url> fan army <hashtag> directioners <url> x <num>,14,80,1,0,2,0,0,0.1262135922330097,0,0,0
freebesieged martinmj <num> yougov which <hashtag> tory landslide you can t possibly mean the wafer thin majority of <hashtag> g <url>,21,134,2,0,1,0,0,0.15,0,0,1
i hope the only time i end up on tv is when i m being arrested for lighting buildings on fire,21,93,0,0,0,0,0,0.05319148936170213,0,1,1
don t miss chris <hashtag> appy s detonation of the myths obscuring our crime in <hashtag> hiroshima <num> yrs ago this month <user> <url>,24,138,2,1,1,0,0,0.05185185185185185,0,0,1
<user> loads of stuff going on recently see the blog at <url> <hashtag> sinkhole <hashtag> piling <url>,17,103,2,1,2,0,0,0.08527131782945736,0,0,0
ks except every character is shizune the world would explode,10,60,0,0,0,0,0,0.06451612903225806,0,0,0
<user> how is this scum still alive obliterate this cancer,10,58,0,1,0,0,0,0.03333333333333333,0,0,0
quick fact no <hashtag> nuclear reactor has come into operation in the <hashtag> us for over <num> years <url>,19,110,2,0,1,0,0,0.07339449541284404,0,0,0
why is it trouble <user> <user> live on <url>,9,45,0,2,1,0,0,0.02666666666666667,0,0,0
australia s ashes disaster how the collapse unfolded at trent bridge <url> <hashtag> cricket,14,92,1,0,1,0,0,0.07547169811320754,0,1,1
if schwarber ran into me going that fast i would explode into pieces,13,68,0,0,0,0,0,0.04411764705882353,0,0,0
<user> sky looks clear no smoke from the fires enjoy your time in tahoe one of my favorite places!,19,98,0,1,0,1,0,0.06363636363636363,0,0,1
downtown emergency service center is hiring! <hashtag> chemical <hashtag> dependency counselor or intern in <hashtag> seattle apply now! <hashtag> jobs <url>,21,157,4,0,1,2,0,0.09420289855072464,0,0,0
another mac vuln! <url>,4,23,0,0,1,1,0,0.16666666666666666,0,0,0
attack on titan game on ps vita yay! can t wait for <num>,13,57,0,0,0,1,0,0.10714285714285714,0,0,0
typhoon soudelor approaches after <num> killed <num> missing in floods in philippines <url> <hashtag> typhoon,15,109,1,0,1,0,0,0.07142857142857142,0,0,1
<hashtag> foodscare <hashtag> offers <num> go <hashtag> nestleindia slips into loss after <hashtag> magginoodle <hashtag> ban unsafe and hazardous for <hashtag> humanconsumption,22,177,6,0,0,0,0,0.02564102564102564,0,0,1
se pone a cantar crying lightning,6,33,0,0,0,0,0,0.0,0,0,0
we rescued my dog at least <num> years ago ?? she s old but still sweet as ever ?? <user> <url>,21,95,0,1,1,0,4,0.05309734513274336,0,0,0
vince mcmahon once again a billionaire i remember reading a deluge of posts about vince mcmahon losing <num> m <url>,20,116,0,0,1,0,0,0.07352941176470588,0,0,0
today s storm will pass let tomorrow s light greet you with a kiss bask in this loving warmth let your soul return to bliss,25,123,0,0,0,0,0,0.015267175572519083,0,0,1
<user> not gonna lie i m panicking a little bit vic hardy not there freeman not practicing,17,90,0,1,0,0,0,0.038834951456310676,0,0,0
another mechanical mod explosion man injured when a pharaoh mod blows up in his hand <url> <url>,17,96,0,0,2,0,0,0.14814814814814814,0,1,1
alton brown just did a livestream and he burned the butter and touched the hot plate too soon and made a nut joke <url>,24,119,0,0,1,0,0,0.014705882352941176,0,0,0
a look at state actions a year after ferguson s upheaval <url>,12,62,0,0,1,0,0,0.0759493670886076,0,0,0
one direction is my pick for <url> fan army <hashtag> directioners <url> x <num>,14,80,1,0,2,0,0,0.1262135922330097,0,0,0
<user> me amp you both amp i ll be dam if i get any of that drought bud,18,71,0,1,0,0,0,0.047058823529411764,0,0,0
landslide in italian alps kills three rome reuters three people were killed when a severe rainstorm in th <url>,19,111,0,0,1,0,0,0.10294117647058823,0,0,1
robert conquest famine museum kiev <user> <user> <url>,8,54,0,2,1,0,0,0.1686746987951807,0,0,0
nikoniko <num> breaking news! unconfirmed! i just heard a loud bang nearby in what appears to be a blast of wind from my neighbour s ass,26,136,0,0,0,2,0,0.021739130434782608,0,0,0
<user> <user> daughtery would get destroyed on twitter his comments are emotionally driven rants with little factual basis,18,122,0,2,0,0,0,0.03076923076923077,0,0,0
<user> social casualty,3,22,0,1,0,0,0,0.16129032258064516,0,0,0
the efak would be designed for building occupants once they evacuate and report to their evacuation assembly sites,18,114,0,0,0,0,0,0.043859649122807015,0,1,1
i did another one i did another one you still ain t done shit about the other one nigga body bagging meek,22,105,0,0,0,0,0,0.045454545454545456,0,0,1
<user> no worries you d have to be on every hitters most pitchers got destroyed,15,79,0,1,0,0,0,0.011904761904761904,0,0,0
i ll be at sfa very soon <hashtag> pandemonium <url>,10,52,1,0,1,0,0,0.1111111111111111,0,0,1
don t like those head first slides especially into home !! <hashtag> danger,13,75,1,0,0,2,0,0.029850746268656716,1,0,0
<user> she shouldn t being with them is gonna ruin her game and vanessa is a great player,18,89,0,1,0,0,0,0.0425531914893617,0,0,0
investigators have said a virgin galactic spaceship crash was caused by structural failure after the co pilot <url>,18,115,0,0,1,0,0,0.0661764705882353,0,0,1
rly tragedy in mp some live to recount horror when i saw coaches of my train plunging into water i called <url>,22,111,0,0,1,0,0,0.06569343065693431,0,0,1
the shooting or the airplane accident <url>,7,43,0,0,1,0,0,0.0967741935483871,0,0,1
how many cars do those cyclists wreck going past scratching with pedals they should be banned <hashtag> c <num> news,20,116,1,0,0,0,0,0.0196078431372549,0,0,0
only had a car for not even a week and got in a fucking car accident mfs can t fucking drive,21,92,0,0,0,0,0,0.010309278350515464,0,0,1
lone survivor the eyewitness account of operation redwing and the lost heroes of seal team <url> <url>,17,102,0,0,2,0,0,0.21428571428571427,0,0,1
but now <hashtag> skyrim awaits to be rescued again,9,51,1,0,0,0,0,0.044444444444444446,0,0,0
i liked a <user> video from <user> <url> gun range mayhem!,11,58,0,2,1,1,0,0.22988505747126436,0,0,0
<hashtag> idfire parker ridge fact sheet aug <num> <num> parker ridge wildfire information phone <num> <num> <num> email pa <url>,20,129,1,0,1,0,0,0.13333333333333333,0,0,1
lava dragon breeder! i just bred a lava dragon in dragonvale! visit my park to check it out! <url>,19,98,0,0,1,3,0,0.12173913043478261,0,0,0
dorette thats the name of the mudslide cake maker,9,49,0,0,0,0,0,0.8367346938775511,0,0,0
kessler syndrome is the name for the catastrophic exponential proliferation of space debris and destruction of satellites <hashtag> gravitymovie,19,144,1,0,0,0,0,0.036231884057971016,0,0,1
<user> <user> even you have to admit seras that sasha was a cute peice of ass then she exploded all over the sidewalk,23,117,0,2,0,0,0,0.07194244604316546,0,0,0
we are so arrogant in our destruction that we think the earth needs us she doesn t,17,82,0,0,0,0,0,0.03571428571428571,0,0,0
so a train derailed and instead of me getting to work early like i would ve i m now late as fuck,22,96,0,0,0,0,0,0.03125,0,0,1
governor allows parole for school bus hijacker <url> via <user> i remember this crime sent chills through parents,18,113,0,1,1,0,0,0.10606060606060606,0,0,1
k matako bot breaking news! unconfirmed! i just heard a loud bang nearby in what appears to be a blast of wind from my neighbour s ass,27,134,0,0,0,2,0,0.021897810218978103,0,0,0
i would like to electrocute everyone who uses the word fair in connection with income tax policies william f buckley jr,21,119,0,0,0,0,0,0.03968253968253968,0,0,0
stuck in a rainstorm? stay toward the middle of the road most streets are crowned so water tends to pool on the sides,23,117,0,0,0,0,1,0.025210084033613446,0,0,0
chinese rescue team arrives in myanmar to help flood victims <url> sittway <url>,13,80,0,0,2,0,0,0.09649122807017543,0,1,1
i keep scrolling to find out what he said or did but there seems to be no exact starting point wounds run deep,23,110,0,0,0,0,0,0.016666666666666666,0,0,0
<user> runs in the blood,5,24,0,1,0,0,0,0.038461538461538464,0,0,0
in lies we trust <hashtag> dvd cia hollywood and bioterrorism len horowitz vaccines nwo <url> <url>,16,99,1,0,2,0,0,0.1532258064516129,0,0,0
i went to pick up my lunch today and the bartender was holding my change hostage because he wanted my number ??,22,111,0,0,0,0,2,0.008928571428571428,0,0,1
such activities of govt can t derail us from our aim amp we still remain peaceful and unite for <hashtag> freesikhpoliticalprisnors amp <user>,23,142,1,1,0,0,0,0.0410958904109589,0,0,0
families to sue over legionnaires more than <num> families affected by the fatal outbreak of legionnaires disea <url>,18,117,0,0,1,0,0,0.09558823529411764,0,0,1
still echoes of their screams,5,29,0,0,0,0,0,0.03225806451612903,0,0,0
<user> mate they ve taken another <num> since i posted this tweet it s pandemonium,15,82,0,1,0,0,0,0.047619047619047616,0,0,1
<user> i predict a riot,5,23,0,1,0,0,0,0.11538461538461539,0,0,1
black friday turns bloody would rather be shopping <url> <hashtag> mystery,11,74,1,0,1,0,0,0.07058823529411765,0,0,0
ted cruz fires back at jeb amp bush we lose because of republicans like jeb amp mitt video <url>,19,96,0,0,1,0,0,0.1,0,0,0
sorrower fresh wounds over old scars <num> death metal <url> <url>,11,66,0,0,2,0,0,0.1523809523809524,0,0,1
<user> <user> i seen judas priest in <num> when rob came back scorpions as support fucking annihilated the place astonishing gig,21,128,0,2,0,0,0,0.05,0,0,0
<user> <user> haha ?? are you really comparing yourselves to the emergency services! thats brilliant! talk about up your own arse!,21,130,0,2,0,3,6,0.028169014084507043,0,0,0
ain t no bags in the trunk it s a body,11,38,0,0,0,0,0,0.02631578947368421,0,0,0
alaska s prince of wales <hashtag> archipelagowolves are nearing <hashtag> extinction demand emergency protection! <hashtag> standforwolves <url>,17,145,3,0,1,1,0,0.10071942446043165,0,0,1
<user> i m seeing them and issues at aftershock ??,10,50,0,1,0,0,2,0.1111111111111111,0,0,0
abe s government made clear that grenades were not weapon,10,57,0,0,0,0,0,0.016666666666666666,0,0,1
dying with debt can be costly for survivors,8,43,0,0,0,0,0,0.023255813953488372,0,0,0
i just screamed <user> <url>,5,28,0,1,1,0,0,0.3018867924528302,0,0,1
people keep not tagging self harm and it s fucking me up,12,56,0,0,0,0,0,0.8035714285714286,0,0,0
whoa a <hashtag> wmata train derailed at smithsonian?,8,53,1,0,0,0,1,0.045454545454545456,0,0,1
<user> <user> they totally demolished genisys which was a beautiful film and almost <num> of the people agreed,18,110,0,2,0,0,0,0.0,0,0,1
complete solution to get rid of <url> browser hijacker removal guide ! <url>,13,76,0,0,2,1,0,0.13675213675213677,0,0,0
<user> at least you were sincere ??,7,35,0,1,0,0,2,0.06666666666666667,0,0,1
conklin being flattened shuffled feet instead of kick slide didn t get hands up into chest <url>,17,96,0,0,1,0,0,0.0603448275862069,0,0,0
london is cool,3,14,0,0,0,0,0,0.058823529411764705,0,0,0
it s going on three years that we have been separated sometimes you have to let a man know you will leave him amp that u can survive without,29,140,0,0,0,0,0,0.013888888888888888,0,0,0
learn how i gained access to the secrets of the top earners amp used them to explode my home business here <url> please <hashtag> rt,25,132,1,0,1,0,0,0.2097902097902098,0,0,0
<user> you would get inundated!!,5,32,0,1,0,2,0,0.025,1,0,0
rss russia begins mass destruction of illegally imported food <url>,10,67,0,0,1,0,0,0.09195402298850575,0,0,1
severe thunderstorm warning for oklahoma county in ok until <num> <num> pm cdt <hashtag> okwx,15,93,1,0,0,0,0,0.1282051282051282,0,0,1
think i ll become a businessman a demolish a community centre and build condos on it but foiled by a troupe of multi racial breakdancers,25,136,0,0,0,0,0,0.0,0,0,0
to supply and install new frp emergency slide at tunas kijangbank negara malaysia closing date <num> <num> <num> <url>,19,118,0,0,1,0,0,0.15555555555555556,0,0,0
you call them weekends i call them bloody mary times this summer s been full of them my new <url>,20,97,0,0,1,0,0,0.0743801652892562,0,0,0
<user> as it was typical for them their bullets collided and none managed to reach their targets such was the curse of a,23,120,0,1,0,0,0,0.028985507246376812,0,0,0
i crashed my car into a parked car the other day <hashtag> modestmouseremix <hashtag> truestory,15,95,2,0,0,0,0,0.0125,0,0,0
<user> hailstorm hey there is a secret trick to get <num> <num> gems clash ofclans check them now on my profile,21,111,0,1,0,0,0,0.09649122807017543,0,0,0
to luka they should all die! all of them! everything annihilated! alois trancy,13,78,0,0,0,3,0,0.08139534883720931,0,0,0
<hashtag> sirensicebreaker what is one fantasy work about a diverse heroine that you think everyone should read? <url>,18,118,1,0,1,0,1,0.06299212598425197,0,0,0
i can t have kids cuz i got in a bicycle accident amp split my testicles it s impossible for me to have kids michael you are the father,29,135,0,0,0,0,0,0.17142857142857143,0,0,0
<user> thanks sen feinstein now hurry home because california is a huge uncontrolled wild fire lightening is starting new fires,20,127,0,1,0,0,0,0.050359712230215826,0,1,1
<hashtag> anthrax <hashtag> bioterrorism cdc to carry out extensive review of lab safety and pathogen handling procedures <url>,18,127,2,0,1,0,0,0.15873015873015872,0,0,1
new documents found pointing to japan s wwii atomic bomb program <url>,12,70,0,0,1,0,0,0.20689655172413793,0,0,1
suicide bomber kills <num> in saudi security site mosque <hashtag> world <hashtag> news,13,87,2,0,0,0,0,0.029850746268656716,0,0,1
faan orders evacuation of abandoned aircraft at mma <url> via <user>,11,68,0,1,1,0,0,0.14942528735632185,0,1,0
casualty team ice cream recall sends chill through food industry <url>,11,70,0,0,1,0,0,0.14772727272727273,0,0,0
look down upon three methods touching obtaing rank electrical transcription detonation butiqob,12,94,0,0,0,0,0,0.06315789473684211,0,0,0
dk eyewitness travel guide denmark travel guide ebay auctions you should keep an eye on <url>,16,93,0,0,1,0,0,0.09734513274336283,0,0,0
man goes into airplane engine accident <url> via <user>,9,55,0,1,1,0,0,0.16,0,0,1
forest fires amp dying salmon time <num> act not deny climate change nightmares are here <url> <hashtag> bcpoli <hashtag> canpoli <hashtag> vanpoli,22,147,3,0,1,0,0,0.08695652173913043,0,0,1
<user> i just screamed to the world how much i love my little pony ??,15,69,0,1,0,0,2,0.08974358974358974,0,0,0
it s an eerie way of revealing both our history and our possible fate <hashtag> cadrought <hashtag> lakeisabella by <user> <url>,21,128,2,1,1,0,0,0.07575757575757576,0,0,0
a sandstorm in jordan has coated the middle east s largest refugee camp in a layer of grit <url> <url>,20,102,0,0,2,0,0,0.08695652173913043,0,0,1
i need a spot w some drink specials i m kinda tired of the epicentre,15,68,0,0,0,0,0,0.02857142857142857,0,0,0
big data and social information explosion the union that could evolve your retail strategy hua,15,94,0,0,0,0,0,0.14432989690721648,0,1,0
bluedio turbine hurricane h bluetooth <num> <num> wireless stereo headphones headset blk full re <url> <url>,16,108,0,0,2,0,0,0.17985611510791366,0,0,0
truth <url> <hashtag> news <hashtag> bbc <hashtag> cnn <hashtag> islam <hashtag> truth <hashtag> god <hashtag> isis <hashtag> terrorism <hashtag> quran <hashtag> lies <url>,23,172,10,0,2,0,0,0.19166666666666668,0,0,0
china s stock market crash are there gems in the rubble? <url> <hashtag> tcot <hashtag> p <num> <hashtag> news,19,110,3,0,1,0,1,0.15625,0,0,0
money can t buy happiness is just a lie we tell poor people to keep them from rioting,18,85,0,0,0,0,0,0.011363636363636364,0,0,1
<user> t dog had been holed up in an apartment store with several other survivors glenn morales andrea jacqui and merle,21,119,0,1,0,0,0,0.06870229007633588,0,0,1
we gone get it get it in blood,8,30,0,0,0,0,0,0.03225806451612903,0,0,0
<user> everyone here ahh i hate snow! me lol u call this a snowstorm ? <hashtag> growingupincolorado,17,100,1,1,0,1,1,0.07142857142857142,0,0,1
canceling deal for <num> warships <hashtag> france agrees to repay <hashtag> russia via <user> <url>,15,100,2,1,1,0,0,0.10309278350515463,0,0,0
let s not forget our wounded female veterans <url>,9,50,0,0,1,0,0,0.029411764705882353,0,0,1
the hijacker turned sat tutor who evaded authorities for three decades <url> via <user>,14,87,0,1,1,0,0,0.16346153846153846,0,0,1
<num> passengers evacuated safely after green line train derails <url>,10,70,0,0,1,0,0,0.08235294117647059,0,0,1
<user> any support sys <num> <user> auth taken hostage by blk us clergyforced <num> exist younger amp grossly disfigured by bioterrorism? <user>,22,144,0,3,0,0,1,0.24475524475524477,0,0,1
pandemonium in aba as woman delivers baby without face photos <url> <url>,12,73,0,0,2,0,0,0.1559633027522936,0,0,0
inws alert spsgsp from <num> <num> <num> <num> <num> pm to <num> <num> pm edt for pickens county strong thunderstorm will impact <url>,23,134,0,0,1,0,0,0.373134328358209,0,0,1
tips to prevent basement leaks create control joints to eliminate random cracking <hashtag> homeimprovement <hashtag> flooding <url>,17,132,2,0,1,0,0,0.04477611940298507,0,0,0
<hashtag> rolandonabeats ellie goulding my blood acesse nosso site para ouvir! <url>,12,84,1,0,1,1,0,0.13402061855670103,0,0,0
in a dream you saw a way to survive and you were full of joy,15,60,0,0,0,0,0,0.01639344262295082,0,0,0
we learn and grow and become stronger as we face and survive the trials through which we must pass <hashtag> thomassmonson <hashtag> lds <hashtag> mormon,25,153,3,0,0,0,0,0.06299212598425197,0,0,0
forbes china s stock market crash are there gems in the rubble? china s stock market crash this summer ha <url>,21,111,0,0,1,0,1,0.14492753623188406,0,0,0
there is no victory at bargain basement prices dwight david eisenhower,11,70,0,0,0,0,0,0.0547945205479452,0,0,0
what natural disaster are you when you get angry? <url>,10,55,0,0,1,0,1,0.1388888888888889,0,0,0
<user> i can see why one of your favorite books is beautiful disaster it may now be one of mine??,20,97,0,1,0,0,2,0.05504587155963303,0,0,0
my back is so sunburned,5,23,0,0,0,0,0,0.038461538461538464,0,0,1
posted a new song earthquake <url> <url>,7,40,0,0,2,0,0,0.11688311688311688,0,1,0
marlon williams gt elvis presley gt marlon williams gt steel panther shuffle mode like a bloody legend,17,102,0,0,0,0,0,0.08035714285714286,0,0,0
i think twitter was invented to keep us insomniacs from rioting in the wee small hours,16,86,0,0,0,0,0,0.022988505747126436,0,0,0
watch this airport get swallowed up by a sandstorm in under a minute <url>,14,74,0,0,1,0,0,0.2087912087912088,0,0,1
<user> you better make all your shots tomorrow cause i m recording and flames will be thrown tomorrow,18,101,0,1,0,0,0,0.038461538461538464,0,0,0
love waking up to my dad screaming at me ??,10,43,0,0,0,0,6,0.02127659574468085,0,0,0
earthquake drill ??,3,19,0,0,0,0,2,0.05263157894736842,0,1,1
can wait to see how pissed donnie is when i tell him i was in another accident??,17,80,0,0,0,0,2,0.1375,0,0,0
<user> fatality!!,2,17,0,1,0,10,0,0.2727272727272727,1,0,0
im tired of all these <hashtag> allivesmatter people they only say this to derail <hashtag> blacklivesmatter they dont do anything for all lives lmfao,24,150,2,0,0,0,0,0.022058823529411766,0,0,0
<user> do we all use the same weapon? cause we might be screwed xd,14,66,0,1,0,0,1,0.06493506493506493,0,0,0
<user> if <num> blks amp <num> whts colluded <num> take wht f <user> auth hostage amp <num> make her look blk w bioterrorism amp use her lgl org idis id still hers?,32,164,0,2,0,0,1,0.18,0,0,1
<user> <user> you cunt,4,22,0,2,0,0,0,0.14705882352941177,0,0,0
learning from the legacy of a catastrophic eruption the new yorker <url>,12,72,0,0,1,0,0,0.15384615384615385,0,0,1
video we re picking up bodies from water rescuers are searching for hundreds of migrants in the mediterran <url>,19,112,0,0,1,0,0,0.09558823529411764,0,0,1
police investigating after an e bike collided with a car in little portugal e bike rider suffered serious non life threatening injuries,22,135,0,0,0,0,0,0.029197080291970802,0,0,1
men escape car engulfed in flames in parley s canyon crews investigating cause <url> <url>,15,90,0,0,2,0,0,0.05555555555555555,0,0,1
hundreds of migrants feared drowned off libya migrants stand next to their tent at a camp set near calais <url>,20,111,0,0,1,0,0,0.06060606060606061,0,0,1
<user> it appears our <hashtag> govt has lost an <hashtag> ethical and or moral relevance this means the whole <hashtag> usa population is in danger from them,27,158,3,1,0,0,0,0.050359712230215826,0,0,0
hundreds feared drowned as migrant boat capsizes off libya <url>,10,64,0,0,1,0,0,0.09876543209876543,0,0,1
tube strike absolute pandemonium,4,32,0,0,0,0,0,0.029411764705882353,0,0,0
some evansville residents told to limit water usage due to sinkhole construction some evansville residents have <url>,17,117,0,0,1,0,0,0.06521739130434782,0,0,1
??one night and we re gonna come and crash the party weren t invited but we re feelin so <url>,20,94,0,0,1,0,2,0.0603448275862069,0,0,0
i m mentally preparing myself for a bomb ass school year if it s not i m burning buildings ??,20,93,0,0,0,0,2,0.021505376344086023,0,0,0
i crushed a <num> <num> km run with a pace of <num> <num> with nike sportwatch gps <hashtag> nikeplus <url>,20,107,1,0,1,0,0,0.08653846153846154,0,0,0
<user> screams don t scare me and its animatronics,9,50,0,1,0,0,0,0.03333333333333333,0,0,0
<num> die in myanmar floods <num> affected <url> <url>,9,54,0,0,2,0,0,0.0898876404494382,0,0,1
turkish troops killed in kurdish militant suicide attack <url>,9,62,0,0,1,0,0,0.04938271604938271,0,0,1
so grateful for all the support flooding in from <user> dinner guests! thank you all! <url>,16,91,0,1,1,2,0,0.1592920353982301,0,0,1
fire hazard associated with installation of non compliant external cladding on high rise buildings insurance aust <url>,17,119,0,0,1,0,0,0.06428571428571428,0,1,0
<num> year old boy charged with manslaughter of toddler report an <num> year old boy has been charged with manslaughter over the fatal sh,24,137,0,0,0,0,0,0.0661764705882353,0,0,1
after a violent afternoon storm more severe weather heads for chicago tonight details gt <url>,15,94,0,0,1,0,0,0.0423728813559322,0,0,1
<num> years after hiroshima and nagasaki consequences of a nuclear detonation <user> <url>,13,90,0,1,1,0,0,0.11214953271028037,0,0,1
<user> content is held hostage by network due to affiliation fees,11,65,0,1,0,0,0,0.0,0,0,1
new roof and hardy up windstorm inspection tomorrow <url>,9,57,0,0,1,0,0,0.06666666666666667,0,0,0
a big issue left undone is how to get home if adverse weather hits <user> has no real emergency plan in place <url>,23,115,0,1,1,0,0,0.050359712230215826,0,0,1
storm batters auckland and northland a violent overnight storm has battered auckland and northland uprooting <url>,16,114,0,0,1,0,0,0.07407407407407407,0,0,1
anyway <num> me? mateo just doesnt exist? hes a mirage a pointless addition to our generation a human natural disaster im sorry but its true,25,140,0,0,0,0,2,0.028985507246376812,0,0,0
<user> <user> straight body bagging,5,35,0,2,0,0,0,0.0392156862745098,0,0,0
me watching law amp order ib <user> vine by <user> <url>,11,56,0,2,1,0,0,0.11458333333333333,0,0,1
<user> if <num> blks amp <num> whts colluded <num> take wht f <user> auth hostage amp <num> make her look blk w bioterrorism amp use her lgl org idis id still hers?,32,164,0,2,0,0,1,0.19333333333333333,0,0,1
conning builds strong case for portfolio <hashtag> diversification for property casualty insurers <url>,13,103,1,0,1,0,0,0.10810810810810811,0,0,0
coastal german shepherd rescue oc shared a link <url> <hashtag> animalrescue <url>,12,82,1,0,2,0,0,0.09734513274336283,0,0,0
the more i listen to it the more i believe casualties of cool is one of the best albums there ever was,22,102,0,0,0,0,0,0.04854368932038835,0,0,0
<num> foot sinkhole opens in lowndes county residential area <url>,10,66,0,0,1,0,0,0.1728395061728395,0,0,1
benzema increasingly looks to be a casualty of benitez s new look squad arsenal bound? <num> <num> chance i think,20,113,0,0,0,0,1,0.037037037037037035,0,0,1
<user> <user> mega bloody marvellous,5,36,0,2,0,0,0,0.11320754716981132,0,0,0
commodities are crashing like it s <num> all over again <url> via <user>,13,72,0,1,1,0,0,0.14130434782608695,0,0,0
if your friends really were your friends they d support you regardless of your decisions unless you become a mass murderer or something,23,135,0,0,0,0,0,0.014598540145985401,0,0,0
fall off a cliff please <url>,6,29,0,0,1,0,0,0.10416666666666667,0,0,1
<user> <user> remember when u were up like <num> <num> and blew it in one game? u probs don t because it was before the kings won the cup,29,137,0,2,0,0,1,0.029411764705882353,0,0,1
i m my own woman crush ??,7,25,0,0,0,0,4,0.037037037037037035,0,0,0
we are getting some reports of flooding near jonesboro high school please use caution when driving in the area turn around don t drown!,24,135,0,0,0,1,0,0.043795620437956206,0,0,1
nieces these are especially good for you with the kids megan swanger ruthann mccormick daisy henley <url>,17,105,0,0,1,0,0,0.10236220472440945,0,0,0
california school bus hijacker parole stands <url> <hashtag> sacramento,9,71,1,0,1,0,0,0.1518987341772152,0,0,1
high priority severe thunderstorm watch ended issued for lethbridge updated aug <num> th <num> <num> mdt <url>,17,110,0,0,1,0,0,0.4098360655737705,0,0,1
officer wounded suspect killed in exchange of gunfire richmond police officer wounded suspect killed in exc <url>,17,113,0,0,1,0,0,0.07462686567164178,0,0,1
there is this old lady rockin out to death metal in her sedan downtown smoking a cigarette i found my real mom,22,110,0,0,0,0,0,0.017857142857142856,0,0,0
<user> familia arm injury or head case?,7,39,0,1,0,0,1,0.14583333333333334,0,0,1
new print available on <url> waiting too long by pamela blizzard <url>,12,70,0,0,2,1,0,0.0990990990990991,0,0,0
<user> but the design decision to let s make something fresh and beautiful and wonderful and then wreck it is kindof odd in restrospect,24,135,0,1,0,0,0,0.07142857142857142,0,0,0
<hashtag> worldnews video we re picking up bodies from water bbc news home rescuers are searching for hundreds of <url>,20,119,1,0,1,0,0,0.12318840579710146,0,0,1
check out my lava lamp dude ?? <url>,8,36,0,0,1,0,4,0.09090909090909091,0,0,1
<user> <user> except we don t know who started the riot or if it even makes sense to credit any particular individuals,22,118,0,2,0,0,0,0.02962962962962963,0,0,1
let it be gone away like a dust in the wind big wind like a tornado with blizzard thunder and storm its that what i always want it,28,130,0,0,0,0,0,0.05925925925925926,0,0,1
<user> and suddenly i m inundated with research <user>,9,54,0,2,0,0,0,0.031746031746031744,0,0,1
how many men would a human hew if a human could hew men? popular tongue twister among woodchucks,18,96,0,0,0,0,1,0.01,0,0,0
<user> yeah i don t think he s elite either i think hazard is the better player too but not by much,22,99,0,1,0,0,0,0.07407407407407407,0,0,0
the threat anthrax cdc <url> via <user>,7,39,0,1,1,0,0,0.18032786885245902,0,0,1
i m so high moe i m bouta crush this friday s,12,45,0,0,0,0,0,0.06666666666666667,0,0,0
earthquake m <num> <num> <num> km n of brenas puerto rico time <num> <num> <num> <num> <num> <num> utc <num> <num> <num> <num> <num> <num> <num> <num> at <url>,29,159,0,0,1,0,0,0.10526315789473684,0,1,1
rt <user> likened to the <num> steps and the good shepherd by the film producer the desolate garden on all here <url>,22,117,0,1,1,0,0,0.37681159420289856,0,0,0
<hashtag> hot c <num> specially modified to land in a stadium and rescue hostages in iran in <num> <url> <hashtag> prebreak <hashtag> best,23,138,3,0,1,0,0,0.05555555555555555,0,0,1
i found a diamond in the rubble,7,31,0,0,0,0,0,0.03225806451612903,0,0,0
<user> <user> just cos germany invaded poland japan bombed pearl harbor pre emptive suicide <url>,15,97,0,2,1,0,0,0.3025210084033613,0,0,1
mh <num> intact part lifts odds plane glided not crashed into sea <url>,13,71,0,0,1,0,0,0.06976744186046512,0,0,1
<user> yes i m a bleeding heart liberal,8,39,0,1,0,0,0,0.08695652173913043,0,0,1
exploration takes seismic shift in gabon to somalia worldoil subscription <url> ?? <hashtag> somalia,14,100,2,0,1,0,7,0.09322033898305085,0,0,0
texas seeks comment on rules for changes to windstorm insurer <url>,11,67,0,0,1,0,0,0.17857142857142858,0,0,0
truck ablaze r <num> voortrekker ave outside or tambo intl cargo section <url>,13,78,0,0,1,0,0,0.6082474226804123,0,0,1
<user> <user> also me please i would very much like a link,12,58,0,2,0,0,0,0.0547945205479452,0,0,0
<user> <user> that or they might be killed in an airplane accident in the night a car wreck! politics at it s best,23,114,0,2,0,1,0,0.031746031746031744,0,0,0
why did god order obliteration of ancient canaanites? <url> via <user>,11,70,0,1,1,0,1,0.06315789473684211,0,0,0
<hashtag> novalismi joseph mallord william turner shade and darkness the evening of the deluge <num> clicca sul titolo <url>,19,124,1,0,1,0,0,0.07913669064748201,0,0,0
perfect night for a soak! lava here i come?? <url>,10,50,0,0,1,1,2,0.05970149253731343,0,0,0
<num> beyonce is my pick for <url> fan army <hashtag> beyhive <url>,12,67,1,0,2,0,0,0.14772727272727273,0,0,0
rly tragedy in mp some live to recount horror when i saw coaches of my train plunging into water i called <url>,22,111,0,0,1,0,0,0.072992700729927,0,0,1
<user> bloomberg will publish anything negative to try and derail public support in favor of the <hashtag> irandeal,18,115,1,1,0,0,0,0.04807692307692308,0,0,0
sinkhole on west side damaging cars via <user> <url>,9,52,0,1,1,0,0,0.11764705882352941,0,0,1
police teenagers arrested for curfew violations in evanston were riding stolen bicycles two teenagers taken into cus <hashtag> chicago <hashtag> news,21,149,2,0,0,0,0,0.0364963503649635,0,0,1
<user> thanks i m teaching an online class amp asking my students lots of questions like this sorry for the deluge of ren art!,24,126,0,1,0,1,0,0.02857142857142857,0,0,0
thank you uplifting spirit when im drowned you ve been an anchor,12,64,0,0,0,0,0,0.06153846153846154,0,0,0
woo rt <user> call of duty black ops <num> esports mode lets players ban weapons <url> <url>,17,92,0,1,2,0,0,0.23484848484848486,0,0,0
nowplaying gt amp wildfire feat freaks in love feels like it should original mix massive dance radio listenlive <url>,19,117,0,0,1,0,0,0.19285714285714287,0,0,0
catastrophic wild fires threatening u s mid west amp republicans fighting new climate change rules i guess this is the ultimate in darwinism,23,140,0,0,0,0,0,0.04895104895104895,0,0,1
acquire your postexistence straight a elevation in addition to upheaval ideas yet perquisite brzjc,14,98,0,0,0,0,0,0.030303030303030304,0,0,0
<user> he thrusts a little more before he jams his cock deep inside her flooding her womb and pussy with his hot thick cum,24,122,0,1,0,0,0,0.007692307692307693,0,0,0
if this atl to san fran flight goes down in a desolate square state it s been real twitter,19,90,0,0,0,0,0,0.07608695652173914,0,0,0
womens buckle casual stylish shoulder handbags pockets cross body bags white <url>,12,82,0,0,1,0,0,0.1717171717171717,0,0,0
<user> we enjoyed the show today great fun the emergency non evacuation was interesting have a great run,18,104,0,1,0,0,0,0.02702702702702703,0,1,0
rightways building structural integrity amp failure inspections damages defects testing repair <url> via <user>,14,111,0,1,1,0,0,0.02857142857142857,0,0,1
sigalert update <hashtag> <num> n <num> closed at <num> fwy ufn trash truck fire,14,80,1,0,0,0,0,0.6417910447761194,0,1,1
i m liable to sound like a wounded animal during sex if the ?? is good lol,17,74,0,0,0,0,2,0.013513513513513514,0,0,0
this real shit will damage a bitch,7,34,0,0,0,0,0,0.029411764705882353,0,0,0
i have a rising follower graph! <num> more followers in the past week get your stats right here <url>,19,101,0,0,1,1,0,0.034782608695652174,0,0,0
<hashtag> charminar demolish if it in falling state anyway take engineers opinion <hashtag> telangana,14,101,2,0,0,0,0,0.012048192771084338,0,0,0
<user> <user> i remember now there was a british man who survived both also can t remember his name though,20,106,0,2,0,0,0,0.05511811023622047,0,0,0
man cam just demolished his plate his ass was hungry,10,52,0,0,0,0,0,0.05660377358490566,0,0,0
<hashtag> welovela <hashtag> nhlducks avalanche defense how they match vs st louis blues <url> <hashtag> sportsroadhouse,16,120,3,0,1,0,0,0.21428571428571427,0,0,0
i lava you,3,10,0,0,0,0,0,0.7272727272727273,0,0,0
withering to death is an album found when he undermine d his backyard because his cat inundated the floor mustering cat food,22,124,0,0,0,0,0,0.007518796992481203,0,0,0
is this the end of australia s best burger? <url> via <user>,12,60,0,1,1,0,1,0.10588235294117647,0,0,0
bluedio turbine hurricane h bluetooth <num> <num> wireless stereo headphones headset blk full re <url> <url>,16,108,0,0,2,0,0,0.12949640287769784,0,0,0
choking hazard prompts recall of kraft cheese singles <url>,9,59,0,0,1,0,0,0.17105263157894737,0,0,0
natalie stavola our co star explains her role in love and hostages check it out! <hashtag> lh movie <hashtag> indiefilm <hashtag> comingsoon <url>,23,146,3,0,1,1,0,0.07971014492753623,0,0,0
the way you move is like a full on rainstorm and i m a house of cards,17,69,0,0,0,0,0,0.028169014084507043,0,0,1
someone s gonna get screamed at for getting the lyrics wrong lmao,12,65,0,0,0,0,0,0.0,0,0,0
the greatest female beat boxer ever now but it s w e save babies outta burning buildings on my free time but ya know whatevs,25,124,0,0,0,0,0,0.015267175572519083,0,0,0
got my first gamer troll i just demolished a kid from philly with toronto on mlb and he was upset <hashtag> backtoback <hashtag> chargedup ??,25,141,2,0,0,0,6,0.08661417322834646,0,0,1
best believe all the wrong decisions are being made out here in these memphis streets during this here rainstorm lol my folk doe,23,128,0,0,0,0,0,0.015625,0,0,0
what news reports am i missing? are there buildings on fire people shot etc due to videos? <hashtag> ppsellsbabyparts <url>,20,123,1,0,1,0,2,0.09022556390977443,0,1,1
aftershock back to school kick off was great i want to thank everyone for making it possible what a great night,21,111,0,0,0,0,0,0.02631578947368421,0,0,0
<user> u fkn asswipe playing for israeli child killers the fkn karma police will get u,16,86,0,1,0,0,0,0.04081632653061224,0,0,1
<user> <user> so we should send it all <num> him then? drown him in it? i like the way u think! <hashtag> allthekidneybeansandsorbet <num> misha <hashtag> yes,27,158,2,2,0,1,2,0.09352517985611511,0,0,0
vinnie jones goes on the beat with northumbria police <url>,10,59,0,0,1,0,0,0.11842105263157894,0,0,0
diego costa needs to stop getting injuries urg,8,46,0,0,0,0,0,0.043478260869565216,0,0,0
fco minister <user> condemns attack at a mosque in saudi arabia that has resulted in at least <num> deaths <url>,20,112,0,1,1,0,0,0.07407407407407407,0,0,1
in <hashtag> islam saving a person is equal in reward to saving all humans! islam is the opposite of terrorism!,20,111,1,0,0,2,0,0.0196078431372549,0,0,1
ever since kelly s burned i keep having dreams about being inside burning buildings ??,15,86,0,0,0,0,2,0.03488372093023256,0,0,0
body shops inundated with cars dented by hail good news insurance pays bad news you are stuck with deductible ! <hashtag> wcvb,22,126,1,0,0,1,0,0.023809523809523808,0,0,1
<user> don t overwork yourself your album is gonna be fire just don t overwork or stress! i love you take care,22,110,0,1,0,1,0,0.017391304347826087,0,1,0
christie keeps telling me that i need to be electrocuted,10,56,0,0,0,0,0,0.0,0,0,0
the episode where trunks annihilated freiza is the cleanest shit ever he showed that nigga no mercy,17,99,0,0,0,0,0,0.039603960396039604,0,0,0
u s national park services tonto national forest stop the annihilation of the salt river wild horse <url> via <user>,20,116,0,1,1,0,0,0.15217391304347827,0,0,1
success is not built on success its built on failure its built on frustration its built on catastrophe <hashtag> real,20,117,1,0,0,0,0,0.03571428571428571,0,0,0
<user> <user> yeah just who we need another middle class hating republican out to get hard working cops fire fighters teachers,21,126,0,2,0,0,0,0.014492753623188406,0,1,0
i can t bloody wait!! sony sets a date for stephen king s the dark tower <hashtag> stephenking <hashtag> thedarktower <url> <user>,22,130,2,1,1,2,0,0.125,1,0,0
another white guy trying to mass murder people for no apparent reason just because let me guess he s mentally ill blah blah blah <hashtag> antioch,26,146,1,0,0,0,0,0.014598540145985401,0,0,1
great british bake off s back and dorret s chocolate gateau collapsed jan moir <url> <url>,16,90,0,0,2,0,0,0.1746031746031746,0,0,1
rly tragedy in mp some live to recount horror when i saw coaches of my train plunging into water i called <url>,22,111,0,0,1,0,0,0.058394160583941604,0,0,1
i m on <num> blood pressure meds and it s still probably through the roof! long before the <hashtag> ppact story broke i was involved in animal rescue,28,150,1,0,0,1,0,0.0364963503649635,0,0,0
<hashtag> russia food crematoria provoke outrage in country w soaring poverty soviet famine memory <url> <url>,16,110,1,0,2,0,0,0.07246376811594203,0,0,1
<user> it is almost amazing to think someone thought suicide bombing would actually be a good idea,17,98,0,1,0,0,0,0.038834951456310676,0,0,1
help i m in a whirlwind of nostalgia,8,36,0,0,0,0,0,0.8055555555555556,0,0,0
james kunstler how bad architecture wrecked cities <url> <hashtag> residualincome <hashtag> mlm <url>,13,101,2,0,2,0,0,0.1016949152542373,0,0,0
can you recommend anyone for this <hashtag> job? rn emergency services full time <num> p <num> <num> a rose de lima campus <url> <hashtag> hiring,25,145,2,0,1,0,1,0.11764705882352941,0,0,0
<user> it is indeed if the apocalypse comes this week i know where i ll be,16,74,0,1,0,0,0,0.045454545454545456,0,0,0
families to sue over legionnaires more than <num> families affected by the fatal outbreak of legionnaires disea <url>,18,117,0,0,1,0,0,0.0661764705882353,0,0,1
<hashtag> camera <hashtag> art <hashtag> photography <url> <hashtag> <num> new bolt cyclone dr pp <num> dr dual outlet power pack for external camera flash <num>,25,161,4,0,1,0,0,0.176056338028169,0,0,0
<user> don t be a fart ??in a windstorm follow me already jeez,13,62,0,1,0,0,2,0.5070422535211268,0,0,1
<user> i ve been following you this long sunk cost fallacy or somethin,13,70,0,1,0,0,0,0.02564102564102564,0,0,0
i just remember us driving and singing collide together,9,55,0,0,0,0,0,0.0,0,0,0
drop it down on a nigga do damage ! ??,10,38,0,0,0,1,2,0.02631578947368421,0,0,0
<user> for the <hashtag> international emergency medicine conference w lennox hill hospital and <hashtag> drjustinmazur,15,119,2,1,0,0,0,0.018518518518518517,0,0,0
i still need to finish the lover but i m watching this other drama for <num> hours now and i m an emotional wreck so the lover needs to wait,30,140,0,0,0,0,0,0.022058823529411766,0,0,0
my head gonna explode soon,5,26,0,0,0,0,0,0.038461538461538464,0,0,0
here s how media in pakistan covered the capture of terrorist mohammed naved <url>,14,82,0,0,1,0,0,0.06930693069306931,0,0,1
nasahurricane? eastern pacific full update satellite sees formation of eastern pacific s tropical storm hilda th <url>,17,118,0,0,1,0,1,0.2571428571428571,0,0,1
<user> would love to see a diablo map themed after places like westmarch or mt arreat or pandemonium,18,100,0,1,0,0,0,0.07407407407407407,0,0,0
selection september bridgeport men charged in home invasion police looking for burglar <url>,13,92,0,0,1,0,0,0.05357142857142857,0,0,1
<user> mencius tears are worse correct? takes the explosion n more pain day to day right?,16,89,0,1,0,0,2,0.07608695652173914,0,1,0
thank you <user> for no longer shipping live microbes for the department of defense <url>,15,89,0,1,1,0,0,0.102803738317757,0,0,0
<num> deaths have been certified by the government as nuclear disaster related deaths,13,85,0,0,0,0,0,0.011235955056179775,0,0,1
<user> working at zumiez is the <url> which location??,9,54,0,1,1,0,2,0.022988505747126436,0,0,0
i m in utter shock and devastation you don t go to work to be left feeling how i do now life really is too short ??,27,115,0,0,0,0,2,0.02586206896551724,0,0,1
new documents found pointing to japan s wwii atomic bomb program <url>,12,70,0,0,1,0,0,0.20689655172413793,0,0,1
update va firefighter on administrative leave after facebook post calls for people to put officers in body bags <url>,19,117,0,0,1,0,0,0.08633093525179857,0,0,0
<user> is it darude sandstorm?,5,30,0,1,0,0,1,0.11363636363636363,0,0,0
how to prepare your <hashtag> property for a <hashtag> storm <url> <url>,12,72,2,0,2,0,0,0.1,0,0,1
usa today <user> will no longer to transport bioterror pathogens after <url> <hashtag> newsintweets <url>,15,105,1,1,2,0,0,0.12318840579710146,0,0,0
s <num> <num> a puncture wound without foreign body of left index finger without damage to nail initial encounter <hashtag> icd <num>,22,133,1,0,0,0,0,0.02654867256637168,0,0,1
freyas video blew up everywhere,5,31,0,0,0,0,0,0.8709677419354839,0,0,0
the architect behind kanye west s volcano <url>,8,47,0,0,1,0,0,0.19402985074626866,0,0,0
china s stock market crash are there gems in the rubble? <url> <url> <url>,14,74,0,0,3,0,1,0.14728682170542637,0,0,0
video we re picking up bodies from water rescuers are searching for hundreds of migrants in the mediterran <url>,19,112,0,0,1,0,0,0.07352941176470588,0,0,1
?? new ladies shoulder tote <hashtag> handbag faux leather hobo purse cross body bag <hashtag> womens <url> <url>,18,113,2,0,2,0,2,0.12403100775193798,0,0,0
back to back like i m on the cover of lethal weapon,12,51,0,0,0,0,0,0.0392156862745098,0,0,0
but if it s the apocalypse lol gf m <num>,10,41,0,0,0,0,0,0.027777777777777776,0,0,0
let s fraction the vital need for our fatalities how would you break it down in <hashtag> education <hashtag> econom <url>,21,122,2,0,1,0,0,0.06504065040650407,0,0,0
<user> setsuko thurlow survived the <hashtag> hiroshima bomb this is her story <url> <url>,14,90,1,1,2,0,0,0.13636363636363635,0,0,1
stuart broad takes eight before joe root runs riot against aussies,11,66,0,0,0,0,0,0.16666666666666666,0,0,0
<hashtag> nyc <hashtag> news legionnaires death toll rises to <num> in new york city all eight fatalities were of older adults with <url>,23,137,2,0,1,0,0,0.10294117647058823,0,0,1
if time heals all wounds how come the belly button stays the same?,13,66,0,0,0,0,1,0.015151515151515152,0,0,0
if a truckload of soldiers will be blown up nobody panics but when one little lion dies everyone loses their mind <url>,22,119,0,0,1,0,0,0.036231884057971016,0,0,1
relaxinpr miprv rt latimes arson suspect linked to <num> fires caught in northern california <url>,15,98,0,0,1,0,0,0.10434782608695652,0,0,1
fire hazard associated with installation of non compliant external cladding on <url> by <url>,14,93,0,1,2,0,0,0.040983606557377046,0,1,1
<hashtag> nasa announced that a massive <hashtag> solar storm is headed straight for us <url>,15,93,2,0,1,0,0,0.08602150537634409,0,0,1
rise up like a natural disaster we take the bat and then we take back the town??,17,80,0,0,0,0,4,0.012195121951219513,0,0,0
<user> <user> <user> <user> <user> and by doing this you re enabling the possible collapse of the industry,18,106,0,5,0,0,0,0.1037037037037037,0,1,0
parker ridge fact sheet aug <num> <num> parker ridge wildfire information phone <num> <num> <num> email pa <url> <hashtag> idfire,20,129,1,0,1,0,0,0.13333333333333333,0,0,1
<hashtag> hot c <num> specially modified to land in a stadium and rescue hostages in iran in <num> <url> <hashtag> prebreak <hashtag> best,23,138,3,0,1,0,0,0.03968253968253968,0,0,1
<user> keep an eye out we ll be looking for lots of new team members in coming days weeks,19,89,0,1,0,0,0,0.020833333333333332,0,0,0
would a paramedic really do that? leave someone inside a building that s about to collapse blow up? <user>,19,106,0,1,0,0,2,0.05217391304347826,0,1,1
in my experience if you re always angry and critical as a pundit you are in grave danger of going off the rails <num>,24,117,0,0,0,0,0,0.008695652173913044,0,0,0
could anyone tell me of this here has crashed or just taking a very long time <hashtag> windows <num> please! <url>,21,115,1,0,1,1,0,0.12605042016806722,0,0,0
<hashtag> news fedex no longer to transport bioterror germs in wake of anthrax lab mishaps say what? fedex no <url> <hashtag> tcot,22,130,2,0,1,0,1,0.10218978102189781,0,0,1
my mic and controllers aren t working one second,9,48,0,0,0,0,0,0.020833333333333332,0,0,0
if plan a does not work don t panic bc there are <num> more letters i like this but feel like i may be running out of letters thoughts?,29,135,0,0,0,0,1,0.029411764705882353,0,0,0
<user> jack closed the sketchbook biting his lip under his mask i m doing good how re you?,18,90,0,1,0,0,1,0.058823529411764705,0,0,0
<hashtag> news <hashtag> crimes police id victim in fatal crash that closed i <num> near franklin one person is d <url> <hashtag> justice <hashtag> courts,25,154,4,0,1,0,0,0.058823529411764705,0,0,1
national free root beer float day is tomorrow at a amp w from <num> pm close!! help support the wounded warrior project with donations!!,24,136,0,0,0,4,0,0.05223880597014925,1,0,0
over half of poll respondents worry nuclear disaster fading from public consciousness <url> <hashtag> fukushima,15,111,2,0,1,0,0,0.025,0,0,0
police officer wounded suspect dead after exchanging shots richmond police officer wounded suspect killed after exchange of gunfire,18,131,0,0,0,0,0,0.06818181818181818,0,1,1
large sinkhole swallows entire pond in lowndes county georgia large sinkhole <url> <hashtag> occasion <num> b,16,109,1,0,1,0,0,0.12173913043478261,0,0,1
wild fires freak me the fuck out like hell no,10,45,0,0,0,0,0,0.043478260869565216,0,0,1
photo lavenderpoetrycafe trauma memories are encoded in images as trauma is a more sensory than cognitive <url>,17,111,0,0,1,0,0,0.045112781954887216,0,0,1
drunk meals <num> what to cook when you re totally obliterated <url>,12,68,0,0,1,0,0,0.15476190476190477,0,0,0
when you go to a concert and someone screams in your ear does it look like i wanna loose my hearing anytime soon??,23,114,0,0,0,0,3,0.025423728813559324,0,0,1
cpanel crash course <url> <hashtag> course <url>,7,48,1,0,2,0,0,0.136986301369863,0,0,0
<user> <user> this liberal compassion is bs a specific feminist said the us bombed japan back to traditional sexist values,20,122,0,2,0,0,0,0.1037037037037037,0,0,0
those that i have sworn to defend have proven themselves to be friends of the house hailstorm,17,93,0,0,0,0,0,0.0425531914893617,0,0,0
apc chieftain tasks dickson on n <num> b floods donation to bayelsa <url>,13,73,0,0,1,0,0,0.18823529411764706,0,0,1
apocalypse please,2,17,0,0,0,0,0,0.058823529411764705,0,0,0
<user> check out what s in my parking lot!! he said that until last year it was an ambulance in st johns <url>,23,110,0,1,1,2,0,0.08270676691729323,1,0,0
russian food crematoria provoke outrage amid crisis famine memories yahoo news <url>,12,84,0,0,1,0,0,0.047619047619047616,0,0,1
whao <num> nigerian refugees repatriated from cameroon <url>,8,60,0,0,1,0,0,0.06741573033707865,0,0,1
you wrecked me never felt so low in my life but it s okay god got me,17,68,0,0,0,0,0,0.05714285714285714,0,0,0
<user> a nuclear bomb is a terrible weapon!!,8,44,0,1,0,2,0,0.021739130434782608,1,0,1
governor allows parole for california school bus hijacker fresno linked local network <url> <url>,14,97,0,0,2,0,0,0.10526315789473684,0,0,0
cross border terrorism pakistan caught red handed again the times of india <url>,13,80,0,0,1,0,0,0.07,0,0,1
wondering if gold could gap up <num> on the jobs numbers tomorrow and just obliterate the shorts a big player with guys could smash them,25,136,0,0,0,0,0,0.014814814814814815,0,0,0
new summer long thin body bag hip a word skirt blue <url> <url>,13,63,0,0,2,0,0,0.08247422680412371,0,0,0
<user> well i have seen it now! that s a bummer we ve had this heat wave tho <num> c!! i d prefer the rain p,26,108,0,1,0,3,0,0.06611570247933884,1,0,1
salute to all the kids still trapped in adult bodies,10,52,0,0,0,0,0,0.0,0,0,0
learn how i gained access to the secrets of the top earners amp used them to explode my home business here <url> please <hashtag> rt,25,132,1,0,1,0,0,0.1888111888111888,0,0,0
descended or sunk however it may be to the shadowed land beyond the crest of a striking cobra landing harshly upon his back torch and,25,133,0,0,0,0,0,0.0,0,0,0
traffic collision no injury i <num> s at i <num> s <num> rd ave offramp south sac <url>,18,87,0,0,1,0,0,0.15053763440860216,0,0,1
i m more into the healing reviving side of the game rather than better attacking so for now siren gt all other characters except new girl,26,137,0,0,0,0,0,0.014084507042253521,0,0,0
downtown emergency service center is hiring a <hashtag> chemical <hashtag> dependency counselor or intern apply now! <hashtag> seattle <hashtag> jobs <url>,21,155,4,0,1,1,0,0.125,0,0,0
photographer brian ruebs endures <num> feet climb to capture bride and groom <url>,13,82,0,0,1,0,0,0.08163265306122448,0,0,0
<user> the hail is ruining everything plus my car i haven t even gotten yet have yet another killer migraine and i lost my glasses ??,26,133,0,1,0,0,2,0.02877697841726619,0,0,1
<user> we can hear the conversation now sorry senator we thought you said electrocute <num> million etc,17,103,0,1,0,0,0,0.01680672268907563,0,0,0
<user> <user> trump will get absolutely demolished in a general election,11,72,0,2,0,0,0,0.023255813953488372,0,0,0
my <user> answer to why do my answers get collapsed when others don t? <url>,15,76,0,1,1,0,1,0.0967741935483871,0,0,0
<hashtag> meditationbymsg <num> ppl got method of meditation in u p amp got deluge of divine blessing <num> happy n peaceful life <url>,23,135,1,0,1,0,0,0.0851063829787234,0,0,0
cw <num> dealing with disaster <url>,6,36,0,0,1,0,0,0.09433962264150944,0,0,1
sleeping with sirens vai vir pra sp,7,35,0,0,0,0,0,0.0,0,0,0
<user> more like demolition derby ??,6,36,0,1,0,0,2,0.0,0,0,0
my ipod crashed <hashtag> weloveyoulouis <hashtag> mtvhottest one direction,9,75,2,0,0,0,0,0.1875,0,0,1
<user> alright now i m gonna crash i m so exhausted,11,51,0,1,0,0,0,0.03508771929824561,0,0,0
<hashtag> bbshelli seems pretty sure she s the one that s going to stay! <hashtag> bb <num>,17,91,2,0,0,1,0,0.07246376811594203,0,0,0
<user> jay big l pun biggie wrap over zero question fatality flawless victory <url>,14,83,0,1,1,0,0,0.12903225806451613,0,0,0
draw day demolition daily football selection service that consistently makes money lay yo <url> <url>,15,101,0,0,2,0,0,0.07246376811594203,0,0,0
driving the avalanche after having my car for a week is like driving a tank,15,75,0,0,0,0,0,0.0,0,0,1
<user> yo flex im here <url>,6,28,0,1,1,0,0,0.12244897959183673,0,0,0
the girls next to me screamed what the fuck is a chonce i m cryibg,15,66,0,0,0,0,0,0.7727272727272727,0,0,0
only shadowman can save the big easy from a deluge of supernatural monstrosities read free <url> <url>,17,102,0,0,2,0,0,0.15714285714285714,0,0,0
my biggest fear is disappointing the people who believe in me,11,61,0,0,0,0,0,0.01639344262295082,0,0,0
cyclists it is pandemonium on the roads today drive carefully!,10,62,0,0,0,1,0,0.031746031746031744,0,0,0
michael is engulfed by that jumper,6,34,0,0,0,0,0,0.0,0,0,0
the meaning i picked the one that changed my life overcome fear behold wonder tcc catch the light endless <url>,20,111,0,0,1,0,0,0.051094890510948905,0,0,0
a poignant reminder that in war there are many casualties <url>,11,63,0,0,1,0,0,0.06172839506172839,0,0,1
twelve feared killed in pakistani air ambulance helicopter crash <url>,10,70,0,0,1,0,0,0.04597701149425287,0,0,1
transwomen and drag queens of color lead the riot a well known butch lesbian is usually credited for inciting it,20,112,0,0,0,0,0,0.008849557522123894,0,0,0
america like south africa is a traumatised sick country in different ways of course but still messed up,18,103,0,0,0,0,0,0.027777777777777776,0,0,0
the latest more homes razed by northern california wildfire <url> <url>,11,71,0,0,2,0,0,0.12037037037037036,0,0,1
having trouble understanding the rotations within a left leaning red black tree my class is currently learni <url>,18,114,0,0,1,0,0,0.058823529411764705,0,0,0
a protest rally at stone mountain? atleast they re not burning down buildings and looting store like some individuals do when they protest,23,138,0,0,0,0,1,0.02857142857142857,0,0,0
body bagging bitches ?? <url>,5,29,0,0,1,0,4,0.16666666666666666,0,0,0
<user> gm! i pray any attack of the enemy <num> derail ur destiny is blocked by the lord amp that he floods ur life w heavenly blessings,27,136,0,1,0,1,0,0.05673758865248227,0,0,0
<user> and thunder o,4,20,0,1,0,0,0,0.14814814814814814,0,0,0
us drone bombs islamic state target in syria after taking off from turkey a us armed drone has bombed a targe <url>,22,115,0,0,1,0,0,0.08088235294117647,0,0,1
tension in bayelsa as patience jonathan plans to hijack apc pdp <url>,12,69,0,0,1,0,0,0.23863636363636365,0,0,1
i m grateful for our first responders <user> <user> and others who acted so swiftly to save countless lives today,20,113,0,2,0,0,0,0.06818181818181818,0,0,1
eyewitness accounts of survivors of hiroshima gleaned from a number of oral history projects <url>,15,98,0,0,1,0,0,0.07758620689655173,0,0,1
kurd suicide attack kills <num> turkish soldiers <url>,8,54,0,0,1,0,0,0.16417910447761194,0,0,1
connor franta damn sirens i hope everyone is okay dan howell can you please get murdered on another street,19,106,0,0,0,0,0,0.25225225225225223,0,0,1
another white mass murderer <hashtag> antioch <url>,7,51,1,0,1,0,0,0.11290322580645161,0,0,1
gas leak forces evacuation in east saint john <url> <hashtag> nb <url>,12,70,1,0,2,0,0,0.10526315789473684,0,1,1
<user> my pc account got hacked someone tried to pull out over <num> bucks which wasn t there now i have an nsf amp no idea who or why,29,134,0,1,0,0,0,0.03496503496503497,0,0,0
photo referencereference xekstrin i thought the nostrils were eyes and i almost cried from fear partake <url>,17,109,0,0,1,0,0,0.42424242424242425,0,0,0
<user> on northgate by the taco truck that s fire,10,49,0,1,0,0,0,0.03636363636363636,0,1,1
i always tell my mom to bring me food or i will hold her cat hostage??,16,70,0,0,0,0,2,0.02857142857142857,0,0,0
the drowning girl by caitlin r kiernan centipede press signed numbered limited full re <url> <url>,16,98,0,0,2,0,0,0.15217391304347827,0,0,0
nazi mass murderer became chairman at vaccine drug company in <url>,11,67,0,0,1,0,0,0.14942528735632185,0,0,1
<user> <user> can you hear me screaming !!,8,42,0,2,0,5,0,0.05084745762711865,1,0,0
llf talk world news u s in record hurricane drought the united states hasn t been hit by a major hurricane in <url>,23,115,0,0,1,0,0,0.18571428571428572,0,0,1
<user> destroy oppa image? oops! there s nothing left right? haa,11,64,0,1,0,1,2,0.07692307692307693,0,0,0
monkeys abused by notorious laboratory dealer a peta eyewitness invest <url> via <user>,13,87,0,1,1,0,0,0.16071428571428573,0,0,0
<user> what alternatives? legal alternatives? protesting? rioting may not be the most peaceful thing but it s a demonstration of how,21,132,0,1,0,0,3,0.029197080291970802,0,0,0
a segment of the v h s anthology series is getting the feature film treatment <url>,16,83,0,0,1,0,0,0.10576923076923077,0,0,0
<hashtag> lifestyle it makes me sick baby clothes deemed a hazard <url> <url>,13,77,1,0,2,0,0,0.10434782608695652,0,0,0
tunisia beach massacre linked to march terror attack on museum <url>,11,68,0,0,1,0,0,0.08235294117647059,0,0,1
watch this airport get swallowed up by a sandstorm in under a minute <url>,14,74,0,0,1,0,0,0.2087912087912088,0,0,1
mental twitter note make sure my smoke alarm battery is up to snuff at all times or face many twitter reminders of changing my battery,25,134,0,0,0,0,0,0.029411764705882353,0,0,0
firepower in the lab electronic resource automation in the fight against infectious diseases and bioterrorism <url>,16,115,0,0,1,0,0,0.028368794326241134,0,0,0
some curls come out so pretty and some look like i just finished shooting the movie twister,17,91,0,0,0,0,0,0.03296703296703297,0,0,0
devia ler as we collide <hashtag> wattys <num> no <hashtag> wattpad <hashtag> teenfiction <url> <url>,15,101,3,0,2,0,0,0.17592592592592593,0,0,0
someone just reblogged a picture of self harm scars oh please its <num> can we stop,16,83,0,0,0,0,0,0.0,0,0,0
twitter is just here to destroy your childhood,8,46,0,0,0,0,0,0.021739130434782608,0,0,0
experts in france begin examining airplane debris found on reunion island french air accident experts on wednesday began examining t,20,132,0,0,0,0,0,0.04411764705882353,0,0,1
wpri <num> eyewitness news rhode island set to modernize its voting equipment wpri <num> eyewitness <url>,16,105,0,0,1,0,0,0.15126050420168066,0,0,0
the cryptic words that guided pilots on the hiroshima bombing mission <url>,12,75,0,0,1,0,0,0.06521739130434782,0,0,1
richmond coaches were devastated to hear of the death of their second driver mr chance who was sitting jam <url>,20,112,0,0,1,0,0,0.04316546762589928,0,0,1
as anniversary nears atomic bomb survivors speak out against nuclear power <url>,12,80,0,0,1,0,0,0.1717171717171717,0,0,1
on the eve of jon stewart leaving the daily show wmata has honored him by letting another train get derailed and crippling the service,24,134,0,0,0,0,0,0.08148148148148149,0,0,1
men escape car engulfed in flames in parley s canyon crews investigating cause <url> <url>,15,90,0,0,2,0,0,0.09523809523809523,0,0,1
what s wrong with just a lil smoke and good conversation ??,12,59,0,0,0,0,4,0.01639344262295082,0,0,0
nine giant body sized garbage bags later i m just going to start throwing things away <hashtag> moving <num> k <num> <hashtag> expertwhiner,23,139,2,0,0,0,0,0.017543859649122806,0,0,0
aftershock was the most terrifying best roller coaster i ve ever been on disclaimer i ve been on very few,20,105,0,0,0,0,0,0.11926605504587157,0,0,0
wrapup <num> u s cable tv companies shares crushed after disney disappoints <url>,13,81,0,0,1,0,0,0.16666666666666666,0,0,0
oops h bomb lost <num> miles off the okinawan coast fell off the ship <num> <url>,16,81,0,0,1,0,0,0.08247422680412371,0,0,1
<num> <num> <num> <user> <num> pm hazard in high traffic area at <num> wrightsboro rd <url>,16,91,0,1,1,0,0,0.46153846153846156,0,0,1
seismic audio sa <num> t sa <num> t padded black speaker covers <num> qty of <num> <num> pair! <url> <url>,20,106,0,0,2,1,0,0.28,0,0,0
i gained <num> followers in the last week you? know your stats and grow with <url>,16,82,0,0,1,0,1,0.07291666666666667,0,0,0
i feel that crash and burn by thomas rhett for sure,11,51,0,0,0,0,0,0.05660377358490566,0,0,0
nearly <num> thousand people affected by floods in <hashtag> paraguay ? <url> <url>,13,83,1,0,2,0,1,0.08571428571428572,0,0,1
carmike cinemas on antioch shooting we are grateful for staff and first responders safety is highest priority <url>,18,115,0,0,1,0,0,0.12408759124087591,0,0,1
refugio oil spill may have been costlier bigger than projected <url>,11,68,0,0,1,0,0,0.058823529411764705,0,0,1
they are the real heroes rip brave hearts <url>,9,47,0,0,1,0,0,0.14285714285714285,0,0,0
rt <user> <hashtag> nws issues severe <hashtag> thunderstorm warnings for parts of <hashtag> ar <hashtag> nc <hashtag> ok expect more trauma cases <url>,23,152,5,1,1,0,0,0.1865671641791045,0,0,1
nowplaying rock you like a hurricane scorpions <url>,8,52,0,0,1,0,0,0.18309859154929578,0,0,0
a diamond is just a piece of charcoal that handled stress exceptionally well we are hard pressed on every side but not crushed <num> cor <num> <num>,27,148,0,0,0,0,0,0.014705882352941176,0,0,1
<user> <user> im screaming hes my favourite,7,43,0,2,0,0,0,0.45454545454545453,0,0,0
reuters russian food crematoria provoke outrage amid crisis famine memories <url> <url>,12,87,0,0,2,0,0,0.07258064516129033,0,0,1
such a lonely day and it s mine it s a day that i m glad i survived ??,19,70,0,0,0,0,2,0.0625,0,0,0
one thing you can be sure of there will never be bush fires in scotland as the ground is always soaking wet??,22,109,0,0,0,0,4,0.026785714285714284,0,0,0
things you can pick up from tozlet seat butt leprosy full blown jerkface syndrome a lateral lisp amp toilet rickets,20,115,0,0,0,0,0,0.03333333333333333,0,0,0
former township fire truck being used in philippines langley times <url> <hashtag> filipino,13,91,1,0,1,0,0,0.07920792079207921,0,1,0
handbags genuine mulberry antony cross body messenger bag dark oak soft buffalo leather <num> <num> end date w <url>,19,116,1,0,1,0,0,0.15328467153284672,0,0,0
my gang walking round with them brown flames amp thats <num> nd,12,63,0,0,0,0,0,0.171875,0,0,0
schools in western uganda still burning down buildings during strikes strikes in western uganda always lit literally,17,116,0,0,0,0,0,0.08264462809917356,0,0,1
<user> hi i thought that i recognised your smile i believe that the emergency services are the best performing arts followers simon,22,131,0,1,0,0,0,0.06521739130434782,0,0,0
<user> there are a few reasons for that but one of them is the constant drake inundation extremely annoying if drake lands us a,24,127,0,1,0,0,0,0.06521739130434782,0,0,0
<user> also pls help us w our campaign to warn the public about the hazardous keratin treatments the brazilian blowout copycats,21,127,0,1,0,0,0,0.11678832116788321,0,0,0
download itunes <url> floods of glory by luiz santos <hashtag> jazz <hashtag> art <hashtag> music,15,97,3,1,1,0,0,0.12087912087912088,0,0,0
wen i finally get the girl i want i m flooding yall wit all pics of us rs tho,19,77,0,0,0,0,0,0.06493506493506493,0,0,0
someone teaching you that obedience will obliterate trials in your life is trying to sell you a used car jesus s life blows that theory,25,135,0,0,0,0,0,0.014492753623188406,0,0,1
landslide caused by severe rainstorm kills <num> in italian alps <url> <url>,12,76,0,0,2,0,0,0.07407407407407407,0,0,1
whao <num> nigerian refugees repatriated from cameroon <url>,8,60,0,0,1,0,0,0.06741573033707865,0,0,1
do you know the emergency plan at your workplace? if not ask your supervisor or operations manager <hashtag> retail,19,115,1,0,0,0,1,0.028037383177570093,0,0,0
check out vintage longaberger floral fabric shoulder cross body bag brown leather strap <url> <user>,15,100,0,1,1,0,0,0.15517241379310345,0,0,0
shootings explosions hand grenades thrown at cars and houses amp vehicles and buildings set on fire it all just baffles me is this sweden?,24,138,0,0,0,0,1,0.02127659574468085,0,1,1
they sky was ablaze tonight in los angeles i m expecting ig and fb to be filled with sunset shots if i know my peeps!!,25,118,0,0,0,2,0,0.07563025210084033,1,0,0
training grains of wheat to bare gold in the august heat of their anger i m the no trespass lest you seek danger,23,112,0,0,0,0,0,0.02654867256637168,0,0,0
<user> <user> when he flattened machida did he lose that fight nope he lost fights to guys he shouldn t of lost to also,24,119,0,2,0,0,0,0.02962962962962963,0,0,1
my workplace is going to be pandemonium when the season starts ??,12,65,0,0,0,0,2,0.015384615384615385,0,0,0
usgs eq m <num> <num> <num> km s of twentynine palms california time <num> <num> <num> <num> <num> <num> utc <num> <num> <num> <num> <url> <hashtag> earthquake,27,159,1,0,1,0,0,0.16296296296296298,0,1,1
just us four can demolish this?? <user> <user> <user> <url>,10,59,0,3,1,0,2,0.10891089108910891,0,0,0
info s wnd <num> <num> cld sct <num> bkn <num> exp inst apch rwy <num> curfew in oper until <num> z taxiways foxtrot <num> amp foxtrot <num> navbl tmp <num>,30,156,0,0,0,0,0,0.5563380281690141,0,0,0
<user> what is double result live on the app?,9,45,0,1,0,0,1,0.058823529411764705,0,0,0
zouma just flattened that guy??,5,31,0,0,0,0,2,0.03225806451612903,0,0,0
maryland mansion fire that killed <num> caused by damaged plug under christmas tree report says into the flames firefighter s bravery,21,133,0,0,0,0,0,0.02962962962962963,0,1,1
<num> <num> <hashtag> earthquake in <num> km ssw of anza california <hashtag> iphone users download the earthquake app for more information <url>,22,145,2,0,1,0,0,0.10687022900763359,0,1,1
i could demolish this right now! <url>,7,38,0,0,1,1,0,0.08928571428571429,0,0,0
tell the united nations plantations are not forests! <url> via <user>,11,69,0,1,1,1,0,0.10309278350515463,0,0,0
<user> i m glad you got away xd but my be safe was in reference to a tornado near calgary and drum heller at around <num> o,27,123,0,1,0,0,0,0.05511811023622047,0,0,1
<user> bombed on kanye in that <hashtag> elephantintheroom ??,9,61,1,1,0,0,8,0.12121212121212122,0,0,1
the desolate hope part <num> mirad <url> via <user>,9,51,0,1,1,0,0,0.2463768115942029,0,0,0
<user> puck flattened ball lol,5,30,0,1,0,0,0,0.06060606060606061,0,0,0
nuclear deal indo japan pact lies at the heart of two us reactor based projects if japan were to go ahead an <url>,23,114,0,0,1,0,0,0.10218978102189781,0,0,1
reddit will now quarantine offensive content <url> <hashtag> technology <hashtag> technews <hashtag> puledo tech update,15,119,3,0,1,0,0,0.10091743119266056,0,0,0
hazard hazardous condition at sb i <num> fwy at sw terwilliger blvd portland or portland police <hashtag> pp <num> <num> <num> <hashtag> pdx <num>,24,146,2,0,0,0,0,0.504,0,0,1
exploring new worlds three moments of an explosion by china mi ville <url> <url>,14,80,0,0,2,0,0,0.12931034482758622,0,1,1
i m there! bride amp groom on mountain cliff edge ha ha just kidding i will not ever be there ha ha <url>,23,105,0,0,1,1,0,0.16793893129770993,0,0,0
spot flood combo <num> inch <num> w curved cree led work light bar <num> x <num> offroad fog lamp full re <url> <url>,23,117,0,0,2,0,0,0.17985611510791366,0,1,0
i liked a <user> video <url> minecraft night lucky block mod bob apocalypse wither <num> <num> amp more! mod showcase,20,117,0,1,1,1,0,0.3609022556390977,0,0,0
<user> the example i used is even worse in that it s a caf trying to market itself w hashtag hijacking,21,102,0,1,0,0,0,0.01834862385321101,0,0,0
<user> <num> <num> that catastrophe man opens school w another he s an athlete not a teacher a principle not fulfilling any inside clerical duties,25,146,0,1,0,0,0,0.0,0,0,0
i chose you so if we can search for the joy of just the two of us we ll be near smiles no matter what cold flames burn our bod <hashtag> portgassdk,32,147,1,0,0,0,0,0.03571428571428571,0,0,0
<user> like a beautiful ass tragedy lol,7,39,0,1,0,0,0,0.0,0,0,1
tell <user> to rescind medals of honor given to us soldiers at the massacre of wounded knee sign now amp rt! <url>,22,114,0,1,1,1,0,0.13286713286713286,0,0,1
the most generous bride on earth couple feeds <num> syrian refugees on their wedding day <url> via <user> love it!,20,114,0,1,1,1,0,0.09352517985611511,0,0,0
rory mcilroy to test ankle injury in weekend practice <hashtag> chinadotcom <hashtag> sports <url> <url>,15,104,2,0,2,0,0,0.16666666666666666,0,0,0
<user> meek is definitely capable of body bagging his ass on the track drake was just smooth as fuck with it!,21,109,0,1,0,1,0,0.017699115044247787,0,0,0
<num> his explanation was that you request as much as you want provided you get your job done but you re constantly drowning in work!,25,133,0,0,0,1,0,0.0,0,0,0
<user> <user> i should bloody hope so she said folding her arms sitting back in her chair,17,89,0,2,0,0,0,0.009523809523809525,0,0,0
learning from the legacy of a catastrophic eruption <url>,9,57,0,0,1,0,0,0.13513513513513514,0,0,1
world class tgirl ass <num> scene <num> pandemonium <url>,9,57,0,0,1,0,0,0.16901408450704225,0,0,0
toddler bedding firetruck bundle fire truck firefighter sticker decals sign wall <url>,12,86,0,0,1,0,0,0.14563106796116504,0,1,0
gut deutsch musik! the old and rotten the monarchy has collapsed the new may live long live the german republic! <url>,21,118,0,0,1,2,0,0.07971014492753623,0,0,0
<hashtag> retweet cameroon repatriating about <num> nigerian refugees due to boko haram <url>,13,93,1,0,1,0,0,0.0594059405940594,0,0,1
i apologise sincerely for the inevitable deluge of <hashtag> gbbo tweets to come i won t hold any grudges if you decide to unfollow <hashtag> baking <hashtag> cakes,28,164,3,0,0,0,0,0.043478260869565216,0,0,0
<user> a group of mascara smeared girls rioting will be horrific i think,13,72,0,1,0,0,0,0.013157894736842105,0,0,1
obama declares disaster for typhoon devastated saipan obama signs disaster declaration for northern marians a <url>,16,115,0,0,1,0,0,0.11029411764705882,0,0,1
this is the natural and unavoidable consequence of socialism everywhere it has been tried <url> a,16,97,0,0,1,0,0,0.05217391304347826,0,0,1
meek mill should join isis since he loves suicide bombing his career for no good reason,16,87,0,0,0,0,0,0.0,0,0,0
i will survive by gloria gaynor with oktaviana devi <url>,10,57,0,0,1,0,0,0.14814814814814814,0,0,1
smoke detectors not required in all buildings an office building on shevlin hixon drive was on fire there we <url>,20,114,0,0,1,0,0,0.0661764705882353,0,1,1
<user> ?? bruh that s the lady from mulan!!,9,43,0,1,0,2,4,0.0392156862745098,1,0,0
illinois tornado slipped under the radar emergency officials say <url>,10,70,0,0,1,0,0,0.12643678160919541,0,0,1
when i breathe it sounds like a windstorm haha cool,10,51,0,0,0,0,0,0.057692307692307696,0,0,0
fully engulfed garage fire propane tanks inside sunnymeade dr,9,61,0,0,0,0,0,0.140625,0,1,1
michael talking about when he was electrocuted omg <hashtag> rowysolouisville <url>,11,83,1,0,1,0,0,0.14285714285714285,0,0,1
russia stood down cold war nuke ban or face ocean superiority unconditional surrender next putin game set match release the hostages,21,132,0,0,0,0,0,0.03007518796992481,0,0,1
not even the berlin wall survived the <num> s i daubt they ll ever be a generation like the <num> s <user> <url>,23,112,0,1,1,0,0,0.06818181818181818,0,0,0
the kids at the orphanage were obviously not too traumatised <url>,11,66,0,0,1,0,0,0.034482758620689655,0,0,0
no uk train accident fatalities for <num> th year running despite <num> increase in passenger journeys <url> <user>,18,115,0,1,1,0,0,0.05223880597014925,0,0,1
<user> <user> mizzou has annihilated florida the past <num> seasons even ended muschamp s career just can t compete with bama,21,125,0,2,0,0,0,0.03937007874015748,0,0,0
we are having forest fires out here in <hashtag> socal but the only fire you should watch for is <user> <hashtag> realhiphop <url>,23,130,2,1,1,0,0,0.10218978102189781,0,1,1
the latest more homes razed by northern california wildfire <url> <url>,11,71,0,0,2,0,0,0.14814814814814814,0,0,1
ablaze for you lord d,5,21,0,0,0,0,0,0.13636363636363635,0,0,0
it s not a cute dinner date til cams nose starts bleeding,12,57,0,0,0,0,0,0.03508771929824561,0,0,0
i m at baan thai tsunami sushi in washington dc <url>,11,53,0,0,1,0,0,0.1780821917808219,0,0,0
august <num> <num> one hundred odd pilgrims from england and holland set sail for the new world they were unimpressed <url>,21,123,0,0,1,0,0,0.08029197080291971,0,0,0
<user> <user> loud groaning let us bang,7,39,0,2,0,0,0,0.11666666666666667,0,0,0
<user> what you don t think the allies should have just sucked up <num> million casualties?,16,91,0,1,0,0,1,0.022222222222222223,0,0,1
the <num> returned refugees what were they fleeing from amp how will the vietnamese govt treat them now they are returned? <hashtag> dutton <hashtag> presser,25,157,2,0,0,0,1,0.02857142857142857,0,0,1
reddit will now quarantine offensive content reddit co founder and ceo steve huffman has unveiled more specif <url>,18,115,0,0,1,0,0,0.11764705882352941,0,0,0
all you have to do is look up sports riots on google and you ll see more than couches being burned you fr gotta go <url>,26,120,0,0,1,0,0,0.05,0,0,1
<user> <user> you can keep this please!! arachys <num> pieces now deals <num> weapon damage up from <num>,18,105,0,2,0,5,0,0.05511811023622047,1,0,1
this is one violent and belligerent storm i m enjoying watching it unfold,13,73,0,0,0,0,0,0.02702702702702703,0,0,1
<user> besides your nasty thunderstorm or snowstorm nah can t say that i have,14,77,0,1,0,0,0,0.046511627906976744,0,0,0
i m so traumatised,4,18,0,0,0,0,0,0.05263157894736842,0,0,0
hollywood movie about trapped miners released in chile <url> <hashtag> newsdict <hashtag> news <hashtag> chile,15,110,3,0,1,0,0,0.10891089108910891,0,0,0
silence <hashtag> palermo <hashtag> shipwreck <hashtag> children <hashtag> deaths <url>,10,87,4,0,1,0,0,0.14492753623188406,0,0,1
my mom is watching a show about bridges breaking falling and the people on them drowning in their cars aka one of my biggest fears ??,26,133,0,0,0,0,4,0.007407407407407408,0,0,0
get a load of this welfare loving sponge a blight on society <url>,13,66,0,0,1,0,0,0.06896551724137931,0,0,0
china s stock market crash are there gems in the rubble? china s stock market crash this su <url> via <user>,21,108,0,1,1,0,1,0.13768115942028986,0,0,0
<num> sky news mandem in totteham going madd burning up fed cars an dem ting dere,16,81,0,0,0,0,0,0.0,0,0,1
<user> yeah you are! <hashtag> speakingfromexperience,6,53,1,1,0,1,0,0.1111111111111111,0,0,0
new <hashtag> free <hashtag> porn <hashtag> clip! taking of hostages dangerous for favors free <url> <hashtag> rt <hashtag> adult <hashtag> sex <hashtag> tube,23,158,7,0,1,1,0,0.14035087719298245,0,0,0
injuries illnesses and fatalities latest numbers <url>,7,54,0,0,1,0,0,0.0958904109589041,0,0,1
foto love isn t everything to me anymore the last album i made red was a devastated record because <url>,20,104,0,0,1,0,0,0.07518796992481203,0,0,0
i cant believe a fucking cis female is going to somehow claim to be offended over a transgendered female who s been attacked by media,25,133,0,0,0,0,0,0.007518796992481203,0,0,0
<user> leos ass just got metaphorically blown up again <hashtag> piperwearsthepants <hashtag> charmed,13,101,2,1,0,0,0,0.043478260869565216,0,0,0
so pardon me while i burst into flames i ve had enough of the world and its people s mindless games,21,99,0,0,0,0,0,0.0392156862745098,0,0,0
<hashtag> spotlight take me to paradise by arsonist mc <hashtag> wniagospel <url> <user> <url>,14,94,2,1,2,0,0,0.19491525423728814,0,0,0
?? ice age the meltdown,5,23,0,0,0,0,2,0.0,0,0,0
ah yes the gays are totally destroying america i can see buildings burning and meteors crashing into schools wow,19,112,0,0,0,0,0,0.02654867256637168,0,0,0
<num> reasons why we love women in the military lulgzimbestpicts <url> <url>,12,76,0,0,2,0,0,0.0990990990990991,0,0,0
i ran with earbuds in which i now realize means i probably didn t politely say hi to jared but more or less screamed at him ??,27,126,0,0,0,0,6,0.03076923076923077,0,0,0
hough jeff crap the content marketing deluge by dougkessler <hashtag> b <num> b <hashtag> b <num> bagency <url> via slideshare <hashtag> contentmarketing,22,153,3,0,1,0,0,0.1044776119402985,0,0,0
<num> dead <num> injured <num> displaced this is <hashtag> syria <num> visit <url> <hashtag> us <hashtag> canada <url>,18,118,3,0,2,0,0,0.09848484848484848,0,1,1
japan fuso class battleship yamashiro naval cover <num> photo cachet sunk wwii <url> <url>,14,90,0,0,2,0,0,0.3170731707317073,0,0,1
the eden hazard of hockey <url>,6,31,0,0,1,0,0,0.14285714285714285,0,0,0
factors to consider when hiring a demolition company noxdv,9,58,0,0,0,0,0,0.15517241379310345,0,0,0
kach was a group to which belonged baruch goldstein a mass murderer who in <num> shot and killed <num> palestinian <url>,21,120,0,0,1,0,0,0.058823529411764705,0,0,1
watch this airport get swallowed up by a sandstorm in under a minute <url>,14,74,0,0,1,0,0,0.18681318681318682,0,0,1
<user> ?? i m sorry but i m out,9,31,0,1,0,0,10,0.10416666666666667,0,0,0
aspiring musician amp song writer shares her talent at the gmmbc youth explosion on this past saturday <url>,18,108,0,0,1,0,0,0.1171875,0,1,0
don t let the <hashtag> tubestrike derail your mood and join us at the pisco bar for drinks after work! <hashtag> coya <hashtag> london <url>,25,141,3,0,1,1,0,0.06818181818181818,0,0,0
railways caught unawares by mp tragedy accident spot never marked as vulnerable times of <url> <hashtag> news,17,109,1,0,1,0,0,0.088,0,0,1
cleared incident with injury i <num> inner loop exit <num> md <num> georgia ave silver spring,16,93,0,0,0,0,0,0.17045454545454544,0,0,1
i have never screamed so loud <url>,7,35,0,0,1,0,0,0.11320754716981132,0,0,0
gunman who opened fire at tennessee movie theater killed by police anyone suspect suicide by cop?,16,97,0,0,0,0,1,0.03,0,1,1
homemade frozen yogurt pops? have you had luck making them? <url> <url>,12,71,0,0,2,0,2,0.11428571428571428,0,0,0
<user> <user> people near meltdown comics who have free time to wait in line on sunday nights are not a representative sample <hashtag> <num>,24,141,1,2,0,0,0,0.10714285714285714,0,0,0
are people not concerned that after <hashtag> slab s obliteration in scotland <hashtag> labour uk is ripping itself apart over <hashtag> labourleadership contest?,23,162,3,0,0,0,1,0.07407407407407407,0,0,0
ugh so hungry i m going to demolish this food!,10,46,0,0,0,1,0,0.06521739130434782,0,0,0
i m crazy enough to run in <num> degree mid day heat under the blazing sun in a place where i m not <url>,24,105,0,0,1,0,0,0.08130081300813008,0,0,0
sharp rise in women children casualties in afghan war un says <url> <url>,13,73,0,0,2,0,0,0.1308411214953271,0,0,1
shot through the heart xv you are going to totally give love a bad name with this heart pierc <url> <url>,21,105,0,0,2,0,0,0.10714285714285714,0,0,0
the rcmp are reporting fatalities and serious injuries as a result of the collision on the tch near whitbourne,19,110,0,0,0,0,0,0.08108108108108109,0,0,1
<user> he ll kill me instead if he survived the shot i don t exactly know i fled the scene and pulled the trigger with,25,118,0,1,0,0,0,0.045454545454545456,0,0,1
<url> <user> please take the <hashtag> faroeislands off your itinerary until the mass murder of dolphins amp whales stops,19,121,1,1,1,0,0,0.07746478873239436,0,0,0
sb <num> new deepwater horizon oil spill distribution of funds from bp settlement road and bridge projects in bal <url>,20,119,0,0,1,0,0,0.10218978102189781,0,0,1
nws has issued a severe thunderstorm warning for oklahoma ok until <num> <num> pm,14,81,0,0,0,0,0,0.14666666666666667,0,0,1
the real question is why is the tornado siren going off in dyersburg?,13,69,0,0,0,0,1,0.028985507246376812,0,0,1
<user> wouldn t that have sunk the sub?,8,39,0,1,0,0,1,0.0,0,0,0
police kill hatchet wielding gunman who opened fire inside nashville movie theater a middle aged man armed wi <url>,19,115,0,0,1,0,0,0.043478260869565216,0,1,1
<url> <user> do your passengers know about the mass murder that takes place in the <hashtag> faroeislands every year?,19,117,1,1,1,0,1,0.07462686567164178,0,0,1
<user> <user> <user> i say concern but not panic too many games left and some games left against each other,20,107,0,3,0,0,0,0.05970149253731343,0,0,0
disregard my snap story there is an angry white girl riot happening as we speak <hashtag> evacuate,17,98,1,0,0,0,0,0.011111111111111112,0,0,1
if flooding occurs in your home how to stop mold growth via <user> <url>,14,72,0,1,1,0,0,0.12,0,0,1
i tell my cousins i don t wanna hang out and they text me saying we re coming over honestly do you have a death wish,26,116,0,0,0,0,0,0.01694915254237288,0,0,0
i put my chicken nuggets in the microwave for <num> minutes intead of <num> on accident and they fucking burned,20,111,0,0,0,0,0,0.7961165048543689,0,0,0
<user> waiting for an ambulance,5,31,0,1,0,0,0,0.058823529411764705,0,0,0
notley s tactful yet very direct response to harper s attack on alberta s gov t hell yeah premier! <url> <hashtag> ableg <hashtag> cdnpoli,24,138,2,0,1,1,0,0.10144927536231885,0,0,1
suicide bomber kills <num> in saudi security site mosque reuters canada reuters canadasuicide bomber kills <num> <url>,17,118,0,0,1,0,0,0.08088235294117647,0,0,1
terrorists attack police post <num> spos injured <url> <hashtag> yug,10,68,1,0,1,0,0,0.1506849315068493,0,1,1
fur leather coats sprite amp weapon of choice was a lifestyle chosen back in <num> <url>,16,88,0,0,1,0,0,0.10476190476190476,0,0,0
oc <num> x mhtw <num> fnet officials alabama home quarantined over possible ebola case washington post,16,102,0,0,0,0,0,0.05263157894736842,0,0,1
nothing but trouble lil wayne amp charlie puth??,8,48,0,0,0,0,8,0.08620689655172414,0,0,0
i love the song healing is here deluge amp wanted to sing it at my church but it s not in spanish so i translated it <url>,27,122,0,0,1,0,0,0.027972027972027972,0,0,0
i feel so lucky rn,5,18,0,0,0,0,0,0.05555555555555555,0,0,0
check this out! lightning reshapes rocks at the atomic level <url> <hashtag> scichat <hashtag> science,15,102,2,0,1,1,0,0.04950495049504951,0,0,1
dem flatliners who destroy creativity balance longevity amp truth stand with lucifer in all his flames of destruction <url>,19,123,0,0,1,0,0,0.15384615384615385,0,0,1
we will be burning up like neon lights??,8,40,0,0,0,0,6,0.022727272727272728,0,0,1
the fear of the lord is the start of knowledge but the foolish have no use for wisdom and teaching amsal <num> <num>,23,116,0,0,0,0,0,0.02702702702702703,0,0,0
stepkans media two confirmed dead after the boat they were travelling in collided in l victoria <url>,17,101,0,0,1,0,0,0.08264462809917356,0,1,1
<hashtag> breaking <hashtag> la refugio oil spill may have been costlier bigger than projected <url>,15,100,2,0,1,0,0,0.050505050505050504,0,0,1
<user> <hashtag> bahrain police had previously died in a road accident they were not killed by explosion <url>,18,110,1,1,1,0,0,0.06451612903225806,0,1,1
i never understood guys who wanted to run into burning buildings you chase murderers not if they re on fire,20,107,0,0,0,0,0,0.0,0,1,0
i just collapsed in my bed ugh i m exhausted,10,44,0,0,0,0,0,0.045454545454545456,0,0,0
two giant cranes holding a bridge collapse into nearby homes <url> via <url>,13,76,0,0,2,0,0,0.07272727272727272,0,1,1
<user> thorgan hazard made his move permanent go gladbach this summer lmao,12,74,0,1,0,0,0,0.06097560975609756,0,0,0
rescued med migrants arrive in sicily <url>,7,43,0,0,1,0,0,0.1,0,0,1
car engulfed in flames backs up traffic at parley s summit <url>,12,64,0,0,1,0,0,0.07228915662650602,0,0,1
picking up flattened hay men masonite in wahpeton nd <url>,10,58,0,1,1,0,0,0.1,0,0,0
new ladies shoulder tote handbag women cross body bag faux leather fashion purse full re <url> <url>,17,100,0,0,2,0,0,0.1510791366906475,0,0,0
sevenfigz has a crush <url>,5,27,0,0,1,0,0,0.1111111111111111,0,0,1
demolition means progress flint michigan and the fate of the american metropolis highsmith <url>,14,96,0,0,1,0,0,0.1391304347826087,0,0,1
photo weallheartonedirection i wouldn t let david electrocute himself so i m the asshole <url>,15,94,0,0,1,0,0,0.06837606837606838,0,0,0
<user> accepts wisconsin emergency response plan on behalf of <user> <hashtag> nbc <num> <url>,14,94,1,2,1,0,0,0.10810810810810811,0,0,0
<hashtag> nar <hashtag> phuket ultimate <hashtag> preparedness library <url> prepare yourself for any catastrophe over <url>,16,124,3,0,2,0,0,0.12030075187969924,0,0,1
why weren t they taken back to africa once rescued? <hashtag> c <num> news,14,74,1,0,0,0,1,0.03389830508474576,0,0,1
afghan soldier kills us general america s highest ranking fatality since vietnam <url>,13,86,0,0,1,0,0,0.1941747572815534,0,0,1
ransomware holds b c man s computer files hostage a virus locked andrew wilson s family photos and other <url>,20,110,0,0,1,0,0,0.07142857142857142,0,0,0
let her go passenger,4,20,0,0,0,0,0,0.09090909090909091,0,0,0
pakistan air ambulance helicopter crash kills nine <url>,8,56,0,0,1,0,0,0.0684931506849315,0,0,1
china s stock market crash are there gems in the rubble? <url> <hashtag> forbesasia,14,83,1,0,1,0,1,0.15217391304347827,0,0,1
i still don t know why independence day and social casualty are not on the rowyso setlist these songs would be so good live,24,123,0,0,0,0,0,0.008130081300813009,0,0,0
kaduna begins demolition of buildings on govt school lands <url>,10,64,0,0,1,0,0,0.16161616161616163,0,0,1
rcmp confirm fatalities in two vehicle crash tch remains closed at whitbourne due to accident <url>,16,99,0,0,1,0,0,0.1111111111111111,0,0,1
watch this airport get swallowed up by a sandstorm in under a minute <url>,14,74,0,0,1,0,0,0.17582417582417584,0,0,1
i liked a <user> video <url> gta <num> online collateral damage! gta v online pc,15,80,0,1,1,1,0,0.3434343434343434,0,0,0
<hashtag> cowboys wednesday s injury report rb lance dunbar injures ankle is listed as day to day <url>,18,103,1,0,1,0,0,0.08695652173913043,0,0,0
share large sinkhole swallows entire pond in lowndes county georgia a large <url> <hashtag> yonews,15,98,1,0,1,0,0,0.10091743119266056,0,0,1
cuban leader extends sympathy to vietnam over flooding at <url>,10,63,0,0,1,0,0,0.05,0,0,1
man killed in crash in barrington hills a hoffman estates man was killed in a single car crash wednesday afte <url>,21,115,0,0,1,0,0,0.07352941176470588,0,0,1
watch this airport get swallowed up by a sandstorm in under a minute <url>,14,74,0,0,1,0,0,0.16483516483516483,0,0,1
shame how they took em from being an intriguing dominant force to a jobbing c list demolition <url>,18,99,0,0,1,0,0,0.059322033898305086,0,0,0
coastal german shepherd rescue oc shared a link ecstatic rescued racco <url> <hashtag> animalrescue,14,99,1,0,1,0,0,0.11607142857142858,0,0,0
i visited hiroshima in <num> it is an incredible place this model shows devastation of the bomb <url>,18,101,0,0,1,0,0,0.06666666666666667,0,0,1
<user> you fucking better berlatsky if i don t win this fucking thing in a landslide i m holding you personally fucking responsible,23,131,0,1,0,0,0,0.03676470588235294,0,0,0
he just wrecked all of you <url>,7,32,0,0,1,0,0,0.061224489795918366,0,0,0
the best thing about this is it drowned out the call from the guy angry cause he hadn t gotten a tracking number <url>,24,118,0,0,1,0,0,0.036231884057971016,0,0,0
<user> the saw is fast af and does great damage i upgraded it a shitton and used it exclusively for a whole playthrough,23,119,0,1,0,0,0,0.015748031496062992,0,0,0
this sounds like a song you would hear in a movie where they are walking away from burning buildings and cars and shit,23,118,0,0,0,0,0,0.8135593220338984,0,0,0
emergency units simulate a chemical explosion at nu suppose a student in the research labs at northwestern <url>,18,112,0,0,1,0,0,0.07518796992481203,0,1,1
why did i come to work today literally wanna collapse of exhaustion,12,67,0,0,0,0,0,0.043478260869565216,0,1,1
fatality,1,8,0,0,0,0,0,0.0,0,0,0
i don t understand taking any life as a trophy it s violent killing <url> <hashtag> cecilthelion <hashtag> badchoices <hashtag> bantrophyhunting,21,144,3,0,1,0,0,0.2318840579710145,0,0,1
i concur the longer you spend with your child the more harm? mmk <url>,14,70,0,0,1,0,1,0.05555555555555555,0,0,0
spot flood combo <num> inch <num> w curved cree led work light bar <num> x <num> offroad fog lamp full re <url> <url>,23,117,0,0,2,0,0,0.18705035971223022,0,1,0
a fierce windstorm can t take place without da calm stillness of the eye center so w that said ur internal aspects weigh more than external,26,139,0,0,0,0,0,0.007142857142857143,0,0,0
wreckage conclusively confirmed as from mh <num> malaysia pm <url> <url>,11,72,0,0,2,0,0,0.1651376146788991,0,0,1
the cafe run by acid attack survivors in <hashtag> india <url> <url>,12,68,1,0,2,0,0,0.15053763440860216,0,0,1
<hashtag> nowplaying last smoke before the snowstorm by benjamin francis leftwich hopefully new album coming soon ? <url>,18,121,1,0,1,0,1,0.08208955223880597,0,0,0
investigators say a fatal virgin galactic spaceship crash last year was caused by structural failure after the <url>,18,116,0,0,1,0,0,0.058394160583941604,0,0,1
<hashtag> news families to sue over legionnaires more than <num> families affected by the fatal outbreak of legionnaires <url>,19,126,1,0,1,0,0,0.058823529411764705,0,0,1
fears over missing migrants in med rescuers search for survivors after a boat carrying as many as <num> migrants <url>,20,118,0,0,1,0,0,0.051094890510948905,0,0,1
skinny jeans are hazardous for your health! <hashtag> socialnews <url>,10,70,1,0,1,1,0,0.10256410256410256,0,0,1
the court system is truly broken indeed! but then its no surprise based on who it s run by! <url>,20,97,0,0,1,2,0,0.02631578947368421,0,0,0
<hashtag> christians united for <hashtag> israel <hashtag> cufi jews should convert soon or die by armageddon <url> <hashtag> us <url>,20,134,4,0,2,0,0,0.13970588235294118,0,0,0
my phone looks like it was in a car ship airplane accident terrible,13,67,0,0,0,0,0,0.029411764705882353,0,0,0
nuu that fam?? fwt i m leave you in a body bag??,12,48,0,0,0,0,4,0.1875,0,0,0
<user> <user> amp the stat of high auto deaths applies to children in a vehicle i guess they can out run lightrail better than adult,25,132,0,2,0,0,0,0.041666666666666664,0,0,0
<num> soldiers killed in isis suicide bomb in air base east homs syria news zaman alwsl <url> <hashtag> isis <hashtag> homs,21,123,2,0,1,0,0,0.264,0,0,1
the man who can drive himself further once the effort gets painful is the man who will win roger bannister,20,106,0,0,0,0,0,0.02727272727272727,0,0,0
tonight it s going to be mayhem <hashtag> <num> playthursdays everybody free w text <num> i st nw <num> <url>,20,109,1,1,1,0,0,0.16379310344827586,0,0,0
nasa modis image dust storm over morocco and the straits of gibraltar <url> <hashtag> duststorm,15,95,1,0,1,0,0,0.18269230769230768,0,0,1
<user> i never thought it would be a wtf moment yet it s here after months of <num> degree heat next we will have flash floods,26,126,0,1,0,0,0,0.015503875968992248,0,0,1
<user> i think of that every time i go to the epicentre haha,13,60,0,1,0,0,0,0.030303030303030304,0,0,0
<hashtag> usgs m <num> <num> <num> km s of volcano hawaii time <num> <num> <num> <num> <num> <num> utc <num> <num> <num> <num> <num> <num> <num> <num> at epicenter <url> <hashtag> sm,32,182,2,0,1,0,0,0.1259259259259259,0,0,1
beautiful disaster <url>,3,24,0,0,1,0,0,0.047619047619047616,0,0,0
? new ladies shoulder tote <hashtag> handbag faux leather hobo purse cross body bag <hashtag> womens <url> <url> rt en,20,118,2,0,2,0,1,0.15827338129496402,0,0,0
a man a woman romance amp south afrikaan trouble on sale preorder <hashtag> thebargain <url>,15,92,2,0,1,0,0,0.12037037037037036,0,0,0
hurricane guillermo live noaa tracking looping wed aug <num> th <url> <url> <url>,13,81,0,0,3,0,0,0.48507462686567165,0,0,1
<user> for the people who died in human experiments by unit <num> of japanese military <url> <url>,17,98,0,1,2,0,0,0.1366906474820144,0,0,1
legionnaires disease what s being done to stop deadly outbreak <url> ?? ??,13,74,1,0,1,0,9,0.1188118811881188,0,0,1
<user> add fez weather to the equation and you have the best recipe for disaster,15,80,0,1,0,0,0,0.02247191011235955,0,0,0
<user> <user> <user> mine are diesel and twister both small for the breed but very strong! i have a beautiful pug too,22,117,0,3,0,1,0,0.043795620437956206,0,0,0
crawling in my skin these wounds they will not hea,10,50,0,0,0,0,0,0.04,0,0,1
could billboard s hot <num> chart be displaced by these social media driven music charts? <url>,16,95,0,0,1,0,1,0.07079646017699115,0,0,1
enjoyed live action attack on titan but every time i see posters i m reminded how freshly clean and coiffed everyone is in the apocalypse,25,137,0,0,0,0,0,0.036231884057971016,0,0,0
<user> nothing wrong with that the lethal weapon series is great yes they re all great,16,86,0,1,0,0,0,0.10526315789473684,0,0,0
<hashtag> golf mcilroy fuels pga speculation after video injured world number one rory mcilroy fueled speculatio <url> <hashtag> news,19,133,2,0,1,0,0,0.11764705882352941,0,1,0
<user> is this what u want netanyahu leading these united states into a catastrophic religious world war? enough already!,19,121,0,1,0,1,1,0.2777777777777778,0,0,0
next man up ah screw this! i m so tired of injuries what happened to camp cupcake? more like camp cramp and break,23,113,0,0,0,1,1,0.18333333333333332,0,0,0
bbc forced to retract false claims about cyclone pam <url> via <user>,12,69,0,1,1,0,0,0.14583333333333334,0,0,1
comment deaths of older children what do the data tell <hashtag> us? <url> <hashtag> nghlth,15,91,2,0,1,0,1,0.06382978723404255,0,0,1
rock springs residents living off elk street continue to battle flooding issues after monday s rain storm while <url>,19,117,0,0,1,0,0,0.1388888888888889,0,0,1
deal of the day <url> brand new dserialpcilp lava computer pci bus dual serial <num> board <hashtag> e <url>,19,108,1,0,2,0,0,0.2517985611510791,0,0,0
of course the one day i have to dress professionally aka unsensibly for class is the day i have try and outrun a natural disaster!,25,130,0,0,0,1,0,0.023076923076923078,0,0,1
<user> no lives lost except those of first responders or the public they re charged with protecting?,17,100,0,1,0,0,1,0.046296296296296294,0,0,1
<hashtag> landslide! trump <num> <num> bush <num> <num> <url> via <user> <user>,12,79,1,2,1,1,0,0.056818181818181816,0,0,0
go too ibiza pop ah pill get drunk amp fall off a cliff real talk <user> <user> <user>,18,86,0,3,0,0,0,0.17355371900826447,0,0,0
<user> cue the flood of people ironically calling you that,10,58,0,1,0,0,0,0.0,0,1,0
somehow find you and i collide <url>,7,36,0,0,1,0,0,0.11320754716981132,0,0,0
see the <num> yr old pkk suicide bomber who detonated bomb in turkey army trench <url> via <user> <url>,19,103,0,1,2,0,0,0.11594202898550725,0,0,1
found this cool photo not mine <num> dodge wayne bodied <num> window bus ex libby mt fire department truck all ori <url>,22,120,0,0,1,0,0,0.08695652173913043,0,1,1
drunk meals <num> what to cook when you re totally obliterated <url>,12,68,0,0,1,0,0,0.14285714285714285,0,0,0
<user> <user> when did a <num> seat majority with <num> of the vote become a landslide?,16,87,0,2,0,0,1,0.06818181818181818,0,0,1
just got sent this photo from ruby <hashtag> alaska as smoke from <hashtag> wildfires pours into a school,18,105,2,0,0,0,0,0.03409090909090909,0,0,1
fukushima mutant vegetable images sweep across the region two years after nuclear disaster <url> via <user>,16,107,0,1,1,0,0,0.03816793893129771,0,0,1
<user> <user> not to hijack but as a bona fide cislady i can confirm this as true incidental homosexuality gay bi for women,23,123,0,2,0,0,0,0.02158273381294964,0,0,1
<hashtag> thedoolinggroup <num> injured when <num> school buses collide <hashtag> breaking school bus slams into school bus in bordento <url>,20,141,2,0,1,0,0,0.1276595744680851,0,1,1
blazing hot! etisalat free mb for complete <num> months etisalat is giving out <num> mb on tecno q <num> here is the ime <url>,24,126,0,0,1,1,0,0.19117647058823528,0,0,0
<user> place out it was ex pars defender andy tod in full uniform it was instant pandemonium utter mayhem ensued!,20,113,0,1,0,1,0,0.048,0,0,0
<user> why not even more awesome norse landscapes with loads of atmosphere and life than boring dead snotgreen wastelands,19,121,0,1,0,0,0,0.007633587786259542,0,1,0
summer heat drives bobcats to calgary backyards <num> <url> <url>,10,65,0,0,2,0,0,0.08163265306122448,0,0,1
<user> no he was blazing it,6,27,0,1,0,0,0,0.40540540540540543,0,0,0
<user> <user> <user> <user> <user> i see the programme,9,54,0,5,0,0,0,0.078125,0,0,0
trouble with mental fog? consider these tests <url>,8,51,0,0,1,0,1,0.10144927536231885,0,0,0
pretty much every time the audio dies on an audio stream for a baseball game i assume catastrophic nuclear attack,20,113,0,0,0,0,0,0.017543859649122806,0,0,0
legionnaires disease what s being done to stop deadly outbreak <url>,11,68,0,0,1,0,0,0.12643678160919541,0,0,1
<user> here s part <num> of teamo supremo pogo panic! i want you make it better! ok! <url> via <user>,20,101,0,2,1,3,0,0.1875,0,0,0
flooding kills <num> displace over one million in pakistan daily news amp analysis <url> <hashtag> yugvani,16,106,1,0,1,0,0,0.05172413793103448,0,0,1
denali wolf population declined from <num> in <num> <num> just <num> in <num> reinstate emergency buffer zone <hashtag> protectdenaliwolves <user> <user>,21,153,1,2,0,0,0,0.04316546762589928,0,0,1
bloor ossington arsonist also burned a mattress on northumberland st <hashtag> cbcto <url>,13,90,1,0,1,0,0,0.061224489795918366,0,0,0
wired reddit will now quarantine offensive content reddit co founder and ceo steve huffman has unveiled more sp <url>,19,117,0,0,1,0,0,0.12142857142857143,0,0,0
i strongly support our military amp their families just not the cock suckers in dc they work for,18,96,0,0,0,0,0,0.02040816326530612,0,0,0
<user> yes especially new clients that walk in and think a wart is an emergency,15,79,0,1,0,0,0,0.0,0,0,0
<user> welcome read a free chapter of my new book encounters with jesus it s full of hope <url>,19,95,0,1,1,0,0,0.07627118644067797,0,0,0
i s <num> g if anyone tries to harm my cupcake i ll fucking hunt you down to the end of the earth <hashtag> harrybecareful,25,122,1,0,0,0,0,0.028037383177570093,0,0,0
if you can t have the roar of the waves a rainstorm amp some rolling <url>,16,74,0,0,1,0,0,0.061855670103092786,0,0,0
get a <num> eur free bet at bwin to use on all sports markets <hashtag> destroy <hashtag> free <url> <url>,20,106,2,0,2,0,0,0.15966386554621848,0,0,0
bridge collapse not natural calamity but man made mpp lambasts congress kanglaonline <url> <hashtag> yugvani,15,108,1,0,1,0,0,0.09166666666666666,0,1,1
<user> i trickshot with a regular controller fucking infinite fading is so harm gt,14,82,0,1,0,0,0,0.03333333333333333,0,0,0
rainstorm destroys <num> houses in yobe state rainstorm destroys <num> houses in yobe state daily trust damatu <url>,18,116,0,0,1,0,0,0.11678832116788321,0,0,1
<user> come on ik will face mcourt for attacking parliment and hijacking tv station,14,83,0,1,0,0,0,0.07368421052631578,0,0,1
<user> he s alright but hazard willian ain t gonna be shifted easily,13,68,0,1,0,0,0,0.0547945205479452,0,0,0
let s say a tree falls on your fence do you know how your homeowners insurance may help? <url> <url>,20,100,0,0,2,0,1,0.0962962962962963,0,0,0
people with netflix there s a really good documentary about hiroshima narrated by john hurt <num> parter that interviews pilots survivors,21,137,0,0,0,0,0,0.051094890510948905,0,0,0
<user> and not too much danger please,7,37,0,1,0,0,0,0.02127659574468085,0,0,0
white family supposedly representing america s great values gets blown up in a horrible cgi nuclear strike lmfaoo!!,18,115,0,0,0,12,0,0.13333333333333333,1,0,1
<user> i feel attacked,4,22,0,1,0,0,0,0.03571428571428571,0,0,0
<hashtag> rockyfire update > california hwy <num> closed in both directions due to lake county fire <hashtag> cafire <hashtag> wildfires,20,136,3,0,0,0,0,0.08181818181818182,0,1,1
<user> indeed and a remarkably puny idea to place at the epicentre of a new post capitalism epoch,18,97,0,1,0,0,0,0.0,0,0,0
just absolutely obliterated a moth my new purchase is boss,10,58,0,0,0,0,0,0.017241379310344827,0,0,0
<user> it s all about understanding umntu wakho if you do and trust your partner then y ok u will know and won t fear to do anything,28,132,0,1,0,0,0,0.02857142857142857,0,0,0
new post from <user> <num> major challenges of channel sales enablement <url>,12,77,0,1,1,0,0,0.15841584158415842,0,0,0
<hashtag> funnynews <hashtag> business watch the moment a cliff collapses as huge chunks of rock fall onto a road in china <url>,22,128,2,0,1,0,0,0.0625,0,0,1
you ve <num> fucked up when paul says your cake looks like a mudslide and tastes like rubber,18,92,0,0,0,0,0,0.021052631578947368,0,0,0
calgary news weather and traffic for august <num> <num> <url> <url>,11,67,0,0,2,0,0,0.14285714285714285,0,0,0
pharma overloaded with a loud cry like an emergency siren fucking,11,65,0,0,0,0,0,0.013888888888888888,0,0,0
<user> i know! it still hasn t quite sunk in d,11,46,0,1,0,1,0,0.05555555555555555,0,0,0
<user> not bad personally i d get rid of either hazard or aguero for a better striker than berahino,19,99,0,1,0,0,0,0.02830188679245283,0,0,0
<user> nah young blood that cook is gone i m cut now haha,13,57,0,1,0,0,0,0.06451612903225806,0,0,0
do you want to play a game? <url> its a googlemaps mashup that calculates the effects of the detonation of nuclear bomb,22,119,0,0,1,0,1,0.051470588235294115,0,0,0
some of the aftershocks can be just as big as the initial earthquake <url>,14,74,0,0,1,0,0,0.053763440860215055,0,1,1
<user> <user> my ig is being blown up just with hackers i need it to stop <hashtag> givebackkalinwhiteaccount,18,109,1,2,0,0,0,0.05309734513274336,0,0,0
<hashtag> earthquake <hashtag> sismo m <num> <num> <num> km s of volcano hawaii time <num> <num> <num> <num> <num> <num> utc <num> <num> <num> <num> <num> <num> <num> <num> at <url>,31,181,2,0,1,0,0,0.0962962962962963,0,1,1
but no lies though it s pays to be the oldest sometimes like being the first to get a car and have no curfew <hashtag> freedom <hashtag> donthate,28,145,2,0,0,0,0,0.023076923076923078,0,0,0
cool tips from our friends at counterstrike security amp sound <url>,11,68,0,0,1,0,0,0.08791208791208792,0,0,0
israeli helicopters that attacked civilians in gaza just completed exercises in greece,12,86,0,0,0,0,0,0.034482758620689655,0,0,1
<user> oh shit!,3,15,0,1,0,1,0,0.0,0,0,0
a tale of two pox body horrors <url> <hashtag> virus <hashtag> infectiousdiseases <hashtag> bioterrorism,14,104,3,0,1,0,0,0.125,0,0,1
if u care about life on land sea amp in air then dont pretend amp ignore the nuclear disaster in <hashtag> japan <hashtag> fukushima this is a <hashtag> global problem,30,167,3,0,0,0,0,0.027777777777777776,0,0,1
man wife get six years jail for setting ablaze niece <url>,11,58,0,0,1,0,0,0.09333333333333334,0,0,1
whenever i have a meltdown and need someone <user> is always like leaving in <num> and i don t know how i got so lucky <hashtag> blessed,27,136,1,1,0,0,0,0.044444444444444446,0,0,0
warne shocked over australia s epic collapse at trent bridge johannesburg aug <num> ani legendary australian <url>,17,114,0,0,1,0,0,0.1259259259259259,0,1,1
<user> lets hope it s a upper class white mass murderer mm,12,58,0,1,0,0,0,0.039473684210526314,0,0,0
anti collision rear <hashtag> technology <hashtag> cool <url> via techesback <hashtag> tech,12,91,3,0,1,0,0,0.0975609756097561,0,0,0
<user> <user> and i wrecked you both,7,36,0,2,0,0,0,0.020833333333333332,0,0,0
he came to a land which was engulfed in tribal war and turned it into a land of peace i e madinah <hashtag> prophetmuhammad <hashtag> islam,26,139,2,0,0,0,0,0.032520325203252036,0,0,0
jax issues hazardous weather outlook hwo <url> <hashtag> wx,9,59,1,0,1,0,0,0.17142857142857143,0,0,1
emergency surgery,2,17,0,0,0,0,0,0.058823529411764705,0,0,0
fedex no longer to transport bioterror germs in wake of anthrax lab mishaps <url> via <user>,16,92,0,1,1,0,0,0.125,0,0,1
u s forest service firefighter david ruhl <num> died in the frog fire in the modoc national forest he had been temporarily reassigned,23,133,0,0,0,0,0,0.08955223880597014,0,1,1
forsure back in the gym tomorrow body isn t even at <num> don t wanna risk injuries,17,83,0,0,0,0,0,0.03571428571428571,0,0,0
one day this heart gone get me zipped up in a body bag,13,54,0,0,0,0,0,0.01818181818181818,0,0,0
elsa is gonna end up getting electrocuted she s gonna end up like that cat from christmas vacation,18,98,0,0,0,0,0,0.02,0,0,0
refugio oil spill may have been costlier bigger than projected la times <url>,13,77,0,0,1,0,0,0.09375,0,0,1
ever since my facebook <hashtag> mets meltdown after the padres fiasco mets are <num> <num> you re welcome,18,106,1,0,0,0,0,0.054945054945054944,0,0,0
icymi <hashtag> ashes <num> australia collapse at trent bridge how twitter reacted <url> <url>,14,94,1,0,2,0,0,0.12195121951219512,0,1,1
<user> so destruction it seems i see myself ruined somehow,10,58,0,1,0,0,0,0.0410958904109589,0,0,0
so the ifak is an individual first aid kit to treat a single trauma victim i think i should create the efak or evacuation first aid kit,27,135,0,0,0,0,0,0.08029197080291971,0,1,1
i know a dill pickle when i taste one me,10,40,0,0,0,0,0,0.046511627906976744,0,0,0
three israeli soldiers wounded in west bank terrorist attack via r worldnews <url>,13,82,0,0,1,0,0,0.06,0,0,1
i understand you wanting to hang out with your guy friends i ll give you your space but don t ruin my trust with you,25,116,0,0,0,0,0,0.017094017094017096,0,0,0
new! stretcher in <num> min <url> by fujiwara shunichiro <num> <num> <num> technology,13,85,0,0,1,1,0,0.17346938775510204,0,0,0
why are people panicking about results day though hahahah like worrying is going to change your results,17,103,0,0,0,0,0,0.0,0,0,0
mum s literally just picked up her new car today and flattened the battery already trying to sort out the bluetooth ?? <hashtag> muppet,24,135,1,0,0,0,4,0.0234375,0,0,0
at fema s center for disaster preparedness for a weeklong training on chemical biological radioactive nuclear emergency response,18,128,0,0,0,0,0,0.1076923076923077,0,0,1
why put out a fire that s still burning?,9,40,0,0,0,0,1,0.025,0,1,0
south sac florin rd franklin blvd trfc collision <num> enrt <url>,11,65,0,0,1,0,0,0.12643678160919541,0,0,1
christian attacked by muslims at the temple mount after waving israeli flag via pamela geller <url>,16,99,0,0,1,0,0,0.09836065573770492,0,0,1
driver rams car into israeli soldiers wounds <num> military a driver rammed a car into a group of israeli soldi <url>,21,117,0,0,1,0,0,0.06666666666666667,0,0,1
enugu government to demolish illegal structures at international conference centre enugu state government app <url>,15,115,0,0,1,0,0,0.08823529411764706,0,0,0
short reading apocalypse <num> <num> in the spirit the angel took me to the top of an enormous high mountain and <url>,22,118,0,0,1,0,0,0.058394160583941604,0,0,1
christian attacked by muslims at the temple mount after waving israeli flag via pamela geller <url>,16,99,0,0,1,0,0,0.12295081967213115,0,0,1
i liked a <user> video <url> romanatwoodvlogs rescued sick kittens!!,10,68,0,1,1,2,0,0.3146067415730337,1,0,0
biggest lead hazard in new england history yeah let s nail these guys <url>,14,75,0,0,1,0,0,0.061855670103092786,0,0,0
tomorrow is internet day it has been almost <num> months i look forward to the deluge of stuff i ve been avoiding a downright lie,25,129,0,0,0,0,0,0.045454545454545456,0,0,0
<hashtag> tb <hashtag> throwback ?? ?? you want a battle? here s a war! ?? <url>,16,80,2,0,1,1,7,0.11904761904761904,0,0,0
madhya pradesh train derailment village youth saved many lives a group of villagers saved over <num> passengers lives after two train,21,133,0,0,0,0,0,0.07352941176470588,0,0,1
removing tsunami debris from the west coast karen robinson enviromental and emergency services manager of the <url>,17,115,0,0,1,0,0,0.08823529411764706,0,0,1
<user> click on the tag there s lots of them rt them to hijack the hashtag,16,74,0,1,0,0,0,0.024390243902439025,0,0,0
hellfire gargoyle hoof coil <url>,5,33,0,0,1,0,0,0.12,0,0,0
when you re girlfriend is completely gorgeous?? woman crush amp stuff <url>,12,75,0,1,1,0,4,0.06060606060606061,0,0,0
who is bringing the tornadoes and floods who is bringing the climate change god is after america he is plaguing her <hashtag> farrakhan <hashtag> quote,25,151,2,0,0,0,0,0.1386861313868613,0,0,0
illusoria icarus nowplaying check out <url>,6,43,0,0,1,0,0,0.13333333333333333,0,0,0
how to ruin the holidays in <num> wordk it s a zmne!,12,52,0,0,0,1,0,0.058823529411764705,0,0,0
survive??,1,9,0,0,0,0,2,0.08333333333333333,0,0,0
ancient mayan tablet with hieroglyphics honors lowly king a <num> year old mayan stone tablet describing the <url>,18,114,0,0,1,0,0,0.1037037037037037,0,0,0
<user> every case for yes has been utterly demolished utterly if i was you i d be embarrassed to bring up indy ever again,24,121,0,1,0,0,0,0.07407407407407407,0,0,0
am boy <user> <url>,4,19,0,1,1,0,0,0.06666666666666667,0,0,0
hey <user> the concept of a quarantine makes no sense if the people you ve quarantined can just wander out amp about whenever they want,25,135,0,1,0,0,0,0.007042253521126761,0,0,0
families to sue over legionnaires more than <num> families affected by the fatal outbreak of legionnaires disea <url>,18,117,0,0,1,0,0,0.0661764705882353,0,0,1
<user> <user> the truth i pulled a <num> out and apparently a <num> in the crazy adult trauma and they mocked me for the <num>,25,126,0,2,0,0,0,0.02158273381294964,0,0,0
omega men writer explores terrorism religion in an epic kyle rayner story <url> <hashtag> newsarama,15,99,1,0,1,0,0,0.28440366972477066,0,0,0
sterling scott on the red carpet at a fundraiser for oso mudslide <url> <url>,14,77,0,0,2,0,0,0.21052631578947367,0,0,1
beyond stressed beyond hysteria into the grey misty indifference of complete shutdown of all but emergency services in my brain,20,127,0,0,0,0,0,0.0,0,0,0
fire burning on pendleton has burned <num> acres smoke reported drifting over temecula <url>,14,92,0,0,1,0,0,0.07339449541284404,0,1,1
<hashtag> nowplaying at <hashtag> orchardalley in <hashtag> les of <hashtag> nyc bioterror manufactured fear and state repression <user> <hashtag> gardens <url>,21,160,5,1,1,0,0,0.07246376811594203,0,0,1
<hashtag> tanzania elephant population declined by <num> in five years census reveals <url> <url>,14,97,1,0,2,0,0,0.06666666666666667,0,0,0
<hashtag> news the latest more homes razed by northern california wildfire new york times <url> <hashtag> tafs <hashtag> fb <num>,20,129,3,0,1,0,0,0.18032786885245902,0,0,1
migrants rescued after boat capsizes off libya <url>,8,52,0,0,1,0,0,0.13043478260869565,0,0,1
xbox <num> pro console red ring of death full read by ebay <url> <url>,14,70,0,0,2,0,0,0.17592592592592593,0,0,0
check out malaysia confirms plane wreckage is from flight mh <num> at <url>,13,75,0,0,1,0,0,0.16304347826086957,0,0,1
did anyone else see that fireball falling to earth? look like a plane blew up,15,77,0,0,0,0,1,0.02564102564102564,0,0,1
<user> obama should feel responsible bringing in these illegals he his family well protected from harm no feeling or heart <num> others,22,135,0,1,0,0,0,0.02142857142857143,0,0,0
my ears are bleeding <url>,5,26,0,0,1,0,0,0.08888888888888889,0,0,0
heard <hashtag> skh on the radio for the first time almost crashed the car <user> <user> <user> <user> <user>,19,109,1,5,0,0,0,0.20168067226890757,0,0,1
<user> probably being inundated with this question now but who s coming to creamfields?? please say all <num> <hashtag> mainstage,20,129,1,1,0,0,3,0.0078125,0,0,0
esteemed journalist recalls tragic effects of unaddressed <hashtag> childhood <hashtag> trauma <user> <user> <user> <url>,15,121,2,3,1,0,0,0.04285714285714286,0,0,1
icaseit mfi certified lightning cable <num> m <url> <url>,9,57,0,0,2,0,0,0.2222222222222222,0,0,0
ok peace i hope i fall off a cliff along with my dignity,13,56,0,0,0,0,0,0.03571428571428571,0,0,1
my last two weather pics from the storm on august <num> nd people packed up real fast after the temp dropped and winds picked up,25,128,0,0,0,0,0,0.024,0,0,1
hail the new caesars! <url> <url>,6,33,0,0,2,1,0,0.16417910447761194,0,0,0
her loyalty mission involves her kicking a shitty nobleman to death?? i love this elven weirdo,16,94,0,0,0,0,4,0.010416666666666666,0,0,0
<hashtag> cowboys george injury woes took claiborne from first round to trying to stick around can he do it? <url>,20,114,1,0,1,0,1,0.06299212598425197,0,0,0
listening to blowers and tuffers on the aussie batting collapse at trent bridge reminds me why i love <user> ! wonderful stuff! <hashtag> engvaus,24,145,1,1,0,2,0,0.10294117647058823,0,1,0
god forbid anyone in my family knows how to answer a phone i need new emergency contacts,17,88,0,0,0,0,0,0.022222222222222223,0,0,0
my fifty online dates and why i m still single by michael windstorm <num> <num> amazon <url> <hashtag> kindle <hashtag> datingtips <hashtag> goodreads,23,150,3,0,1,0,0,0.08571428571428572,0,0,0
<user> has entered into the <hashtag> jagm project to replace <hashtag> tow and hellfire missiles check it out here <url>,20,121,2,1,1,0,0,0.12195121951219512,0,0,0
<user> <hashtag> askconnor if you were a natural disaster what would you be?,13,76,1,1,0,0,1,0.05405405405405406,0,0,0
r union debris is almost surely from flight <num> officials say new york times <url>,15,84,0,0,1,0,0,0.17647058823529413,0,0,1
always gotta ruin my mood,5,25,0,0,0,0,0,0.04,0,0,0
you picture buildings burning to the ground from the basement to the streetlight i m not your drinking problem a hole is in the sky,25,131,0,0,0,0,0,0.014814814814814815,0,0,1
eruption of indonesian volcano sparks transport chaos in this picture done from video mount raung in <url> ?,18,108,0,0,1,0,1,0.06201550387596899,0,0,1
<user> this is urgentthere is currently a <num> storey building at church b stop oworoshoki third mainland bridge which likely to collapse,22,138,0,1,0,0,0,0.02877697841726619,0,1,1
ari s hints and snippets will be the death of me,11,48,0,0,0,0,0,0.02040816326530612,0,0,0
omfg there are bush fires all over this tiny island our freaking house is gonna burn down,17,89,0,0,0,0,0,0.054945054945054944,0,0,1
experts in france begin examining airplane debris found on reunion island french air accident experts on <url> <hashtag> mlb,19,124,1,0,1,0,0,0.08823529411764706,0,0,1
caution breathing may be hazardous to your health,8,49,0,0,0,0,0,0.0196078431372549,0,0,0
<user> yeah its not worth it bc he already has so many spammers amp his twitter is probably blown up every second,22,113,0,1,0,0,0,0.680327868852459,0,0,0
<user> <user> <user> <user> much of which has to do with lebanon <num> s attack iran hostage crisis libya pan am,21,112,0,4,0,0,0,0.058394160583941604,0,0,1
warne shocked over australia s epic collapse at trent bridge johannesburg aug <num> ani legendary australian <url>,17,114,0,0,1,0,0,0.1259259259259259,0,1,1
ik only troll his pol rivals never literally abused them or attacked their families while all of them literally abuse ik loosers,22,128,0,0,0,0,0,0.18461538461538463,0,0,0
<user> when they die they just get teleported into somewhere middle of ocean and stays trapped in there unless they decides <num> <num>,23,135,0,1,0,0,0,0.021897810218978103,0,0,0
has body bagged rt <user> drake is body bagging meek,10,52,0,1,0,0,0,0.07142857142857142,0,0,0
hobo hobo vintage shira convertible b <num> <num> <hashtag> bestseller <url>,11,76,1,0,1,0,0,0.13253012048192772,0,0,0
i m about to cook your smokey the bear saving forest fires face ass <url>,15,73,0,0,1,0,0,0.08695652173913043,0,0,0
watch this airport get swallowed up by a sandstorm in under a minute <url>,14,74,0,0,1,0,0,0.1978021978021978,0,0,1
<num> <num> p for those who watch over me forest fire smoke has lifted nuff f me t make a run t the pet store on the hwy n i ll b home by <num> p,36,145,0,0,0,0,0,0.021897810218978103,0,1,1
damage to school bus on <num> in multi car crash <hashtag> breaking,12,67,1,0,0,0,0,0.16071428571428573,0,0,1
<user> editor in chief <user> releases issue <hashtag> <num> <url> of <hashtag> ramag <hashtag> fashion <hashtag> models and <hashtag> mayhem,20,141,5,2,1,0,0,0.15873015873015872,0,0,0
my brother is crying cause the thunder lmao,8,43,0,0,0,0,0,0.023255813953488372,0,0,0
<user> ty just blew up the motor went up in flames he got out ok,15,64,0,1,0,0,0,0.0273972602739726,0,0,0
he was only <num> of a second faster than me and i overtook him twice then crashed tru luv lt <num> lt <num>,23,108,0,0,0,0,0,0.019801980198019802,0,0,0
couples having less sex for fear it ll be a let down internet movies and books saying how sex ought to be p <url>,24,113,0,0,1,0,0,0.03597122302158273,0,0,0
<user> your lifetime odds of dying from an airplane accident are <num> in <num>,14,79,0,1,0,0,0,0.0,0,0,0
rare insight into <hashtag> terror and how to fight it <url> <hashtag> cameroon <hashtag> usa <hashtag> whitehouse <hashtag> es <hashtag> fr <hashtag> nigeria <hashtag> uk <hashtag> africa <hashtag> de <hashtag> ca <hashtag> au <hashtag> jp,35,240,13,0,1,0,0,0.20714285714285716,0,0,1
the <num> pack <num> pack <num> pack line is on fleek if stretcher is fire,15,74,0,0,0,0,0,0.03225806451612903,0,1,0
vanderbilt first do no harm <url>,6,33,0,0,1,0,0,0.19607843137254902,0,0,0
<user> hopefully it doesn t electrocute your heated blanket lmao,10,64,0,1,0,0,0,0.0,0,0,0
fears over missing migrants in med rescuers search for survivors after a boat carrying as many as <num> migrants <url>,20,118,0,0,1,0,0,0.051094890510948905,0,0,1
bbc forced to retract false claims about cyclone pam <url> via <user>,12,69,0,1,1,0,0,0.13541666666666666,0,0,1
can still see it blank expression cheeks clapping in my face marvins room playing subtlety in the back yet drowning out all the sound,24,133,0,0,0,0,0,0.0,0,0,0
courageous and honest analysis of need to use atomic bomb in <num> <hashtag> hiroshima <num> japanese military refused surrender <url>,20,134,1,0,1,0,0,0.06428571428571428,0,0,1
cramer iger s <num> words that wrecked disney s stock cnbc <url>,12,64,0,0,1,0,0,0.11494252873563218,0,0,0
<user> torrecilla we always info the secret on lol game check the secret to get <num> <num> riot points on my bio,22,113,0,1,0,0,0,0.1206896551724138,0,0,0
he came to a land which was engulfed in tribal war and turned it into a land of peace i e madinah <hashtag> prophetmuhammad <hashtag> islam,26,139,2,0,0,0,0,0.032520325203252036,0,0,1
video we re picking up bodies from water rescuers are searching for hundreds of migrants in the mediterranean <url>,19,115,0,0,1,0,0,0.09285714285714286,0,0,1
damn there s really no mlk center that hasn t sunk in yet,13,57,0,0,0,0,0,0.07017543859649122,0,0,0
<user> if you follow me i will go into town and advertise your youtube channel by screaming and walking around with a sign pls??,24,128,0,1,0,0,2,0.014492753623188406,0,0,0
beastin tapas this evening with some good folk! <hashtag> funtimes <hashtag> demolished <url>,13,93,2,0,1,1,0,0.07608695652173914,0,0,0
<user> so others don t get burned,7,33,0,1,0,0,0,0.05128205128205128,0,0,0
if trillion crosses the line a <num> rd time he does a field wide attack that does instant kill damage,20,102,0,0,0,0,0,0.020618556701030927,0,0,1
to navigate inevitable upheaval internal audit must lead the way <url>,11,70,0,0,1,0,0,0.034482758620689655,0,0,0
blending the old with the new in <hashtag> vanuatu to prepare for future emergencies <url> <url>,16,96,1,0,2,0,0,0.10569105691056911,0,0,0
my blood pressure is through the roof i don t need all this extra shit!!,15,72,0,0,0,4,0,0.02702702702702703,1,0,0
what would it look like if hiroshima bomb hit detroit? thursday marks the <num> year anniversary of the united s <url>,21,118,0,0,1,0,1,0.058823529411764705,0,0,1
<user> think how spectacular it will look when the stonewall riots obliterate the white house,15,93,0,1,0,0,0,0.061224489795918366,0,0,1
<hashtag> sbnation <hashtag> flames what makes a good penalty killer? <url> <url>,12,81,2,0,2,0,1,0.16494845360824742,0,0,0
the public health team was traumatised after the bush fires could <hashtag> appreciativeinquiry turn this around? <url>,17,119,1,0,1,0,1,0.078125,0,0,1
<user> sure the purdies will be alive with the blight ??,11,56,0,1,0,0,2,0.01694915254237288,0,0,0
two giant cranes holding a bridge collapse into nearby homes <url>,11,66,0,0,1,0,0,0.024096385542168676,0,1,1
burning buildings? media outrage? <url>,5,39,0,0,1,0,2,0.10714285714285714,0,0,1
blue bell may be close to a return from its listeria disaster hot on <hashtag> theneeds <hashtag> recipes <url>,19,111,2,0,1,0,0,0.13274336283185842,0,0,1
even if u have your weapon and your badge we gonna put them choppas on your ass??,17,81,0,0,0,0,4,0.012048192771084338,0,0,1
aashiqui actress anu aggarwal on her near fatal accident <url>,10,62,0,0,1,0,0,0.1518987341772152,0,0,1
california man facing manslaughter charge in sunday s wrong way fatal crash in <url> ca <url>,16,93,0,0,2,0,0,0.08029197080291971,0,0,1
let me be your hot blazing fantasy <hashtag> escorts <hashtag> gfe <hashtag> dubai <url>,14,88,3,0,1,0,0,0.17708333333333334,0,0,0
real hip hop apollo brown feat m o p detonate <hashtag> jtw <url>,13,65,1,0,1,0,0,0.23076923076923078,0,0,0
<user> the first time i went swiming in it i was basically screaming why does it smell taste so bad,20,99,0,1,0,0,0,0.22018348623853212,0,0,0
vote for <hashtag> directioners vs <hashtag> queens in the <num> th round of the <user> <hashtag> fanarmyfaceoff <url>,18,118,3,1,1,0,0,0.08411214953271028,0,0,0
trains derailment it s the freakiest of freak accidents the indian express <url>,13,80,0,0,1,0,0,0.12745098039215685,0,0,1
<user> she s proper traumatised that pepper is dead i can t wait to see her face,17,80,0,1,0,0,0,0.010869565217391304,0,1,0
<user> i love you bb,5,20,0,1,0,0,0,0.14814814814814814,0,0,0
<num> yr old pkk suicide bomber who detonated bomb in turkey army trench released <url>,15,87,0,0,1,0,0,0.09,0,0,1
<num> <num> w cree led work light bar alloy spot flood combo diving offroad <num> wd boat full read <url> <url>,21,111,0,0,2,0,0,0.2158273381294964,0,1,0
day <num> liquidation of emergency at chemical object <hashtag> usar <num> <hashtag> usar <num> <hashtag> ruor ?? <url>,18,119,4,0,1,0,11,0.17117117117117117,0,0,0
ways so archetype a bleeding well grounded readiness fpoj <url>,10,63,0,0,1,0,0,0.08641975308641975,0,0,0
malaysian officials say debris found on reunion island is from <hashtag> mh <num> <user> reports <url>,16,102,1,1,1,0,0,0.1810344827586207,0,0,1
that new lil b x chance is nothing but flames,10,45,0,0,0,0,0,0.0,0,0,0
man is equally incapable of seeing the nothingness from which he emerges and the infinity in which he is engulfed blaise pascal,22,127,0,0,0,0,0,0.023076923076923078,0,0,0
none of you annoying crusty all lives matter head ass people ever actually support causes you just hate when black deaths get attention,23,135,0,0,0,0,0,0.028985507246376812,0,0,0
want to work in <hashtag> missionhills ca? view our latest opening <url> <hashtag> nursing <hashtag> job <hashtag> jobs <hashtag> hiring,20,136,5,0,1,0,1,0.12844036697247707,0,0,0
love my girlfriend,3,18,0,0,0,0,0,0.05555555555555555,0,0,0
<user> except when ordered not to carry unauthorized weapons while on duty or in military uniforms thats the rule fool,20,118,0,1,0,0,0,0.17094017094017094,0,0,1
i m crying that song just ended setting myself on fire <url>,12,60,0,0,1,0,0,0.06329113924050633,0,1,0
<hashtag> hot reddit s new content policy goes into effect many horrible subreddits banned or quarantined <url> <hashtag> prebreak <hashtag> best,21,145,3,0,1,0,0,0.03676470588235294,0,0,1
my fifty online dates and why i m still single by michael windstorm <num> <num> b amp n <url> <hashtag> nook <hashtag> books <hashtag> thebachelorette,25,150,3,0,1,0,0,0.10144927536231885,0,0,0
<user> godslove amp <hashtag> thanku brother danny for rt of new video <url> the coming apocalyptic us earthquake amp tsunami,20,125,1,1,1,0,0,0.17123287671232876,0,1,0
rainstorm destroys <num> houses in yobe ireporter <url> via <user>,10,66,0,1,1,0,0,0.11363636363636363,0,0,1
dear <user> i brought it <hashtag> canonbringit <hashtag> fire <hashtag> canontattoo <hashtag> mn <hashtag> theresmorewherethatcamefrom <url>,16,141,5,1,1,0,0,0.1968503937007874,0,1,0
hannah hiroshima sounds like it could be a place in china isn t that where the oil spill was?,19,93,0,0,0,0,1,0.041237113402061855,0,0,1
health fact <num> of muscle mass is made up of fluid drink water to prevent strains sprains and other injuries <url>,21,116,0,0,1,0,0,0.11194029850746269,0,0,0
keep thinking about it until i stepped on a broken glass pun tak sedar and i don t feel the pain also it s bleeding shit,26,120,0,0,0,0,0,0.03305785123966942,0,0,0
update the police seemed like nice enough people i felt bad when i transformed and they screamed don t worry they re only unconscious,24,133,0,0,0,0,0,0.03597122302158273,0,0,0
slowly sinking wasting ?? <user>,5,32,0,1,0,0,2,0.027777777777777776,0,0,0
hiroshima bombing justified majority americans even today hindustan times <url>,10,79,0,0,1,0,0,0.08080808080808081,0,0,1
pic of <num> yr old pkk suicide bomber who detonated bomb in turkey army trench released <url>,17,94,0,0,1,0,0,0.08333333333333333,0,0,1
gpv wind as of <num> jst <num> aug wnw <num> jst <num> aug e <num> jst <num> aug s <num> jst <num> aug <url>,24,108,0,0,1,0,0,0.3711340206185567,0,0,0
<user> screaming,2,16,0,1,0,0,0,0.4583333333333333,0,0,0
thank you so so much to everyone for posting the rain and hail outside i had no idea guys ??,20,92,0,0,0,0,8,0.0196078431372549,0,0,0
upheaval high note for bush opera <url> <hashtag> sydney <hashtag> news <hashtag> aus,13,85,3,0,1,0,0,0.10666666666666667,0,0,0
myanmar floods childfund <url> and international needs <url> and care aust <user> appeals,13,89,0,1,2,0,0,0.18248175182481752,0,0,1
potus <hashtag> strategicpatience is a strategy for <hashtag> genocide refugees idp internally displaced people horror etc <url>,17,128,2,0,1,0,0,0.09701492537313433,0,0,1
u s national park services tonto national forest stop the annihilation of the salt river wild horse <url> via <user>,20,116,0,1,1,0,0,0.12949640287769784,0,0,0
investigators shift focus to cause of fatal waimate fire <url>,10,62,0,0,1,0,0,0.10126582278481013,0,1,1
<user> i am an eyewitness ha,6,28,0,1,0,0,0,0.12903225806451613,0,0,0
<hashtag> hot funtenna hijacking computers to send data as sound waves black hat <num> <url> <hashtag> prebreak <hashtag> best,19,126,3,0,1,0,0,0.07563025210084033,0,0,0
i will never support looting or the burning of buildings but when seeing the people fight back against the police i was proud,23,125,0,0,0,0,0,0.015873015873015872,0,0,1
horrible accident man died in wings of airplane <num> <num> <num> wtf you can t believe your eyes <url>,19,103,0,0,1,0,0,0.18604651162790697,0,0,1
so when you re caught in a landslide i ll be there for you and in the rain give you sunshine i ll be there for you,27,114,0,0,0,0,0,0.034782608695652174,0,0,0
<user> <user> oh okay i just got the message twice and got suspicious sorry i ll check it out!,19,94,0,2,0,1,0,0.05128205128205128,0,0,1
dysfunctional mcconnell plans on holding judicial nominations hostage another example of how gop can t govern <url>,17,115,0,0,1,0,0,0.1,0,0,0
<num> <num> a radar update widespread showers storms but moving over the same areas minor flooding possible <hashtag> hunwx <url>,20,129,1,0,1,0,0,0.0916030534351145,0,0,1
<user> i need you to confirm that ross is dead cause i dont trust anyone else yh,17,80,0,1,0,0,0,0.0,0,1,0
set some goals then demolish them ?? <hashtag> fitness <hashtag> inspiration,11,76,2,0,0,0,2,0.03389830508474576,0,0,0
the road to success is paved with pennies that i flattened on the train tracks you re welcome,18,93,0,0,0,0,0,0.010638297872340425,0,0,0
hinton city officials confirm multiple buildings on fire currently evacuating people on main street we re on our way <user>,20,123,0,1,0,0,0,0.08,0,1,1
<user> <user> thanks! i know you all get inundated have a good one!,13,67,0,2,0,2,0,0.06329113924050633,0,0,0
environment canada confirms <num> nd tornado touched down last weekend <url>,11,76,0,0,1,0,0,0.04395604395604396,0,0,1
my dad said i look thinner than usual but really im over here like <url>,15,72,0,0,1,0,0,0.02247191011235955,0,0,1
rt abbswinston <hashtag> zionist <hashtag> terrorist kidnapped <num> <hashtag> palestinians in overnight terror on palestinian villages <url>,17,141,3,0,1,0,0,0.09022556390977443,0,0,1
this is the first year the forest service spent more than half its annual budget on fighting fires <hashtag> climatechange <url>,21,128,1,0,1,0,0,0.043795620437956206,0,0,1
i wonder how cool weird it ll look to have all the characters in mkx do fatalities on skinless predator,20,103,0,0,0,0,0,0.08490566037735849,0,0,0
ouvindo peace love amp armageddon,5,33,0,0,0,0,0,0.08571428571428572,0,0,0
cause i know every man has a fear of a strong minded woman but i say she s a keeper if she got it on her own and keeps it runnin,31,128,0,0,0,0,0,0.0078125,0,0,0
my dog attacked me for my food <hashtag> pugprobs,9,49,1,0,0,0,0,0.025,0,0,0
russian authorities to take account of petition against destruction of sanctioned food vladimir putin s press <url>,17,115,0,0,1,0,0,0.058823529411764705,0,0,0
<user> colorado is a spanish word latin origin meaning reddish or colored all you dummies are pronouncing it wrong!!,19,116,0,1,0,3,0,0.023255813953488372,1,0,0
sinkhole closes falmer drive in bethlehem township <url>,8,56,0,0,1,0,0,0.136986301369863,0,0,1
the number of people denying climate change on the polar bear article makes me fear for the future of the us but also humanity in general,26,137,0,0,0,0,0,0.021739130434782608,0,0,0
devastated by today s allegations,5,33,0,0,0,0,0,0.0,0,0,0
<num> dead <num> injured in head on collision on kenai spur highway <url>,13,73,0,0,1,0,0,0.08536585365853659,0,1,1
when you are quarantined to a little corner bc you are too sick to be in the office but work is piling up and they need you kinda day,29,133,0,0,0,0,0,0.0,0,0,0
<user> but there are good grounds to believe that political military catastrophe was a crime planned and committed by individuals,20,129,0,1,0,0,0,0.0072992700729927005,0,0,1
nflexpertpicks michael floyd s hand injury shouldn t devalue his fantasy stock michael floyd s damaged digits won,18,113,0,0,0,0,0,0.03278688524590164,0,0,0
is claims suicide bombing against saudi police riyadh afp an islamic state group suicide bomber on thursd <url>,18,111,0,0,1,0,0,0.13970588235294118,0,0,1
one man fatally shot another wounded on vermont street <hashtag> buffalo <url>,12,78,1,0,1,0,0,0.10227272727272728,0,0,1
<hashtag> kisii police in kisii hunt for students over failed arson plot police in kisii hunt for students <url> <hashtag> countynews,21,133,2,0,1,0,0,0.0661764705882353,0,0,1
why does my phone electrocute me when it s charging,10,51,0,0,0,0,0,0.0196078431372549,0,0,0
<num> ir icemoon aftershock <url> <user> <hashtag> dubstep <hashtag> trapmusic <hashtag> dnb <hashtag> edm <hashtag> dance <hashtag> ices <url>,19,143,6,1,2,0,0,0.2753623188405797,0,0,0
i just bought tickets to death bed dude bro party massacre ii w <user> live at <user> ! <url>,19,93,0,2,1,1,0,0.34146341463414637,0,0,0
survivors remorse is good,4,25,0,0,0,0,0,0.04,0,0,0
bout to go suicide bombing <url>,6,32,0,0,1,0,0,0.12244897959183673,0,0,1
<user> why jammu is soft target for terrorist,8,45,0,1,0,0,0,0.019230769230769232,0,0,1
hiroshima survivors fight nuclear industry in brazil video <url>,9,64,0,0,1,0,0,0.03529411764705882,0,0,1
storm blitzes traverse city disrupts management briefing seminars a violent summer storm blitzed through tra <url>,16,114,0,0,1,0,0,0.1111111111111111,0,0,1
busty blonde teen natalia starr fucks the security guard on set <url> view and download video,16,93,0,0,1,0,0,0.045454545454545456,0,0,0
on the bright side i wrecked <url>,7,34,0,0,1,0,0,0.11764705882352941,0,0,0
she just said does he have a curfew nope ??,10,43,0,0,0,0,2,0.022727272727272728,0,0,0
how to restore vinyl siding and make it look new again <url> <url>,13,66,0,0,2,0,0,0.11,0,0,0
i hate people who tweet receipts but know its wrong but they wont take it down bc it blew up literally gtfo you re that desperate,26,129,0,0,0,0,0,0.029850746268656716,0,0,0
womens cross body messengers bags clutch small shoulders zippers bags white <url> <url>,13,87,0,0,2,0,0,0.2066115702479339,0,0,0
<user> and probably even more but some disagreements with general ross and the catastrophic occurrence made something clear,18,123,0,1,0,0,0,0.04285714285714286,0,0,0
cherry print matching lipstick just rediscovered nars heat wave ?? by <user> <url>,13,82,0,1,1,0,2,0.058823529411764705,0,0,0
<user> sabotage!i rule out structural failure,6,45,0,1,0,1,0,0.019230769230769232,0,0,0
if i get run over by an ambulance am i lucky? <hashtag> justsaying <hashtag> randomthought,15,90,2,0,0,0,1,0.041666666666666664,0,0,0
<user> are you another stand user? if you are i will have to detonate you with my killer queen,19,94,0,1,0,0,1,0.08080808080808081,0,0,0
photo prettyboyshyflizzy lol she trapped them into that so beautifully <url>,11,76,0,0,1,0,0,0.07368421052631578,0,0,0
irony just died a thousand deaths! ?? <url>,8,43,0,0,1,1,4,0.08064516129032258,0,0,0
omg horrible accident man died in wings of airplane <url>,10,57,0,0,1,0,0,0.18666666666666668,0,0,1
diaporama sixpencee karymsky lake is a crater lake located in the karymsky volcano in russia with a <url>,18,105,0,0,1,0,0,0.06818181818181818,0,0,0
<user> but if you are carful about spotting damage <user> time of check in why not <user> time of giving away baggage?! it s my loss all d wy,29,141,0,3,0,1,1,0.03571428571428571,0,0,0
i bet you didnt know i kick box too! <url>,10,42,0,0,1,1,0,0.5166666666666667,0,0,0
<url> nashville theater attack will gun grabbers now demand hatchet control?,11,76,0,0,1,0,1,0.1485148514851485,0,0,1
find out how your fund was used for typhoon haiyan in the philippines see <user> haiyan relief funds report <url>,20,113,0,1,1,0,0,0.11194029850746269,0,0,1
<user> <user> thunder buddys!! thunder buddys!!,6,47,0,2,0,8,0,0.46774193548387094,1,0,1
<hashtag> rohingya houses in <hashtag> kyee nockthie hamlet from taungbazar region in buthidaung were severely damaged in cyclone <user> <user>,20,143,2,2,0,0,0,0.11029411764705882,0,0,1
the latest more homes razed by northern california wildfire abc news <url>,12,74,0,0,1,0,0,0.18085106382978725,0,0,1
<hashtag> nowplaying sinking fast now or never on north east unsigned radio listen at <url>,15,91,1,0,1,0,0,0.10891089108910891,0,0,0
but the sea would electrocute us all,7,36,0,0,0,0,0,0.02631578947368421,0,0,0
remembering marlene menahem <num> of moshav safsufa murdered by hamas terrorists in the suicide bombing of egged bus no <num>,20,125,0,0,0,0,0,0.06504065040650407,0,0,1
horrible accident man died in wings of airplane <num> <num> <num> <url>,12,71,0,0,1,0,0,0.09523809523809523,0,0,1
this looney tunes blake griffin commercial screams their making a space jam <num>,13,81,0,0,0,0,0,0.09090909090909091,0,0,0
<user> <hashtag> myanmar s displaced <hashtag> rohingya at <hashtag> sittwe point of no return <url> <url>,16,106,3,1,2,0,0,0.11382113821138211,0,0,1
escaping her captors was the <num> st step now she must survive a deadly storm amp a wild looking recluse betrayed <url> <hashtag> books,24,136,1,0,1,0,0,0.1048951048951049,0,0,1
i ve burned myself before not in the self harm way in the i m a dumbass and i shouldn t be allowed to be around fire way,28,120,0,0,0,0,0,0.025,0,1,0
<user> <user> i just saw these tweets and i feel really attacked,12,64,0,2,0,0,0,0.025,0,0,0
lose bus card panic kind bus driver replace bus card find bus card headdesk,14,75,0,0,0,0,0,0.07407407407407407,0,0,0
tube strike live latest travel updates as london engulfed in chaos lt genuine baffling telegraph headline,16,105,0,0,0,0,0,0.036036036036036036,0,0,1
us wants future first responders to be more high tech <url>,11,59,0,0,1,0,0,0.08974358974358974,0,0,0
white americans are the biggest threat in the world duh <url>,11,61,0,0,1,0,0,0.625,0,0,0
<user> <user> we are cuddling right now so ??,9,45,0,2,0,0,2,0.11864406779661017,0,0,0
generational british schism over privacy threat of drones <url> <hashtag> drones <hashtag> privacy <url>,14,104,2,0,2,0,0,0.0859375,0,0,0
bigamist and his first wife are charged in the deaths of his second pregnant wife her child <num> her mothe <url>,21,113,0,0,1,0,0,0.045112781954887216,0,0,1
nigerian military rescue <num> hostages from boko haram florida sentinel bulletin florid <url> <hashtag> security <hashtag> terrorism,17,133,2,0,1,0,0,0.11764705882352941,0,0,1
i liked a <user> video <url> us canada radiation update emergency fishing closures,13,82,0,1,1,0,0,0.5544554455445545,0,0,1
<user> it was nagaski another act of mass murder sanctioned and forgiven cause the allies won not by me,19,103,0,1,0,0,0,0.03333333333333333,0,0,1
<hashtag> myanmar s displaced <hashtag> rohingya at <hashtag> sittwe point of no return <url> prison like conditionsprivation <url>,18,131,3,0,2,0,0,0.050359712230215826,0,0,1
worried about how the ca drought might affect you? extreme weather does it dampen our economy? <url>,17,100,0,0,1,0,2,0.1016949152542373,0,0,1
disaster averted police kill gunman with hoax device at cinema <url>,11,68,0,0,1,0,0,0.22580645161290322,0,0,0
<user> y all have lakes in ohio? i thought all y all had was abject desolation and subway restaurants,19,101,0,1,0,0,1,0.037037037037037035,0,0,0
thus making <user> s assault useless the spears collided with the dark force however did not penetrate due to the dark,21,118,0,1,0,0,0,0.029411764705882353,0,0,0
<user> craving u,3,16,0,1,0,0,0,0.08695652173913043,0,0,0
must read forecast! longest streak of triple digit heat since <num> what happens next? <url> <url>,16,98,0,0,2,1,1,0.1450381679389313,0,0,1
coursing <user> now they are causing di maria lol,9,49,0,1,0,0,0,0.21311475409836064,0,0,0
sinking ships burning buildings amp falling objects are what reminds me of the old us,15,85,0,0,0,0,0,0.022727272727272728,0,0,1
the next financial crash the writing is on the wall don t say you weren t warned <url> via <user>,20,97,0,1,1,0,0,0.1323529411764706,0,0,0
patience jonathan on the move to hijack apc in bayelsa state <url> <url>,13,72,0,0,2,0,0,0.16981132075471697,0,0,1
my girl got a girlfriend chevy blue like whirlwind,9,50,0,0,0,0,0,0.8235294117647058,0,0,0
<num> yr old pkk suicide bomber who detonated bomb in turkey army trench released <url>,15,87,0,0,1,0,0,0.06,0,0,1
spot fixing match fixing anyone?? or it has to be pak sl wi rsa or bd to say this sham on them who say that when these team collapse,29,132,0,0,0,0,3,0.09558823529411764,0,1,0
survived spanish!! sweet ritual <url>,5,37,0,1,1,2,0,0.08771929824561403,1,0,0
gt as soon as maintenance ends everyone floods the servers gt servers destroyed by extreme load gt maintenance starts anew,20,122,0,0,0,0,0,0.024,0,0,0
<hashtag> kca <hashtag> votejkt <num> id mbataweel <hashtag> rip <hashtag> binladen family members who killed in an airplane s accident,20,135,4,0,0,0,0,0.22105263157894736,0,0,1
sinking carb consultative assembly plans could subconscious self live straight a leading way of escape xkdrx,16,108,0,0,0,0,0,0.027522935779816515,0,0,0
brain twister homefolks are opinionated over against proposal modernized canada omw,11,83,0,0,0,0,0,0.023809523809523808,0,0,0
yea so i m gonna demolish all those boundaries that i seem to have unconsciously set for myself with negative thoughts!,21,119,0,0,0,1,0,0.024793388429752067,0,0,0
why the deep roads tho hahahaha im so traumatised by the deep roads lolol,14,73,0,0,0,0,0,0.821917808219178,0,0,0
<user> <user> just between gray and ophelia red flames blazing around her person setting nearly everything in the area,19,118,0,2,0,0,0,0.046153846153846156,0,0,1
fylde building set to be flattened one of preston s city centre iconic buildings is disappearing from the skyline <url>,20,119,0,0,1,0,0,0.07142857142857142,0,0,0
reddit s new content policy goes into effect many horrible subreddits banned or quarantined <url> <url>,16,103,0,0,2,0,0,0.058394160583941604,0,0,0
accident on i <num> w <hashtag> nashvilletraffic traffic moving <num> m slower than usual <url>,15,95,1,0,1,0,0,0.10204081632653061,0,0,1
m <num> <num> <num> <num> utc ? <num> km s of volcano hawaii <url>,14,66,0,0,1,0,1,0.15384615384615385,0,0,1
love skiing,2,11,0,0,0,0,0,0.09090909090909091,0,0,0
<user> read whirlwind about this subject amongst others the bomb saved millions of lives yes that s true,18,104,0,1,0,0,0,0.027777777777777776,0,0,1
the message you sent and they don t reply i see that you saw my message the least you can do is tell me to fuck off or something,29,128,0,0,0,0,0,0.007575757575757576,0,0,0
wants to make tweet about how much i dislike todays femnism movement but doesn t want to be screamed at <url>,21,109,0,0,1,0,0,0.0546875,0,0,0
be not afraid of sudden fear neither of the desolation of the wicked when it cometh for the lord shall be thy <url>,23,115,0,0,1,0,0,0.04411764705882353,0,0,0
god bless you and your mudslide cake dorret ??,9,46,0,0,0,0,4,0.041666666666666664,0,0,0
genuine leather man bag messenger fit ipad mini <num> tablet case cross body air jp full rea <url> <url>,19,104,0,0,2,0,0,0.08633093525179857,0,0,0
watch our video of wendell berry speaking about the bp oil spill in the gulf of mexico it s the birthday <url>,22,110,0,0,1,0,0,0.09701492537313433,0,0,1
severe thunderstorm warning including midwest city ok del city ok choctaw ok until <num> <num> pm cdt <url>,18,107,0,0,1,0,0,0.2033898305084746,0,0,1
global precipitation measurement satellite captures <num> d image of typhoon soudelor <user> <url>,13,98,0,1,1,0,0,0.11570247933884298,0,0,1
court back in session testimony continues with med examiner discussing gunshot wounds <hashtag> kerricktrial,14,108,1,0,0,0,0,0.039603960396039604,0,0,0
petition no medals for <num> massacre justice for wounded knee killings of native americans! <url> <url>,16,104,0,0,2,1,0,0.10948905109489052,0,0,1
<user> how many dogs do you have and are they all rescue dogs?,13,62,0,1,0,0,1,0.04225352112676056,0,0,0
louis vuitton monogram sophie limited edition clutch cross body bag full read by ebay <url> <url>,16,97,0,0,2,0,0,0.15789473684210525,0,0,0
still uninvestigated after <num> years did the u s help incite the <num> indonesia massacre? <url>,16,98,0,0,1,0,1,0.13274336283185842,0,0,1
usatoday on today s <hashtag> frontpage <hashtag> bioterror lab faced secret sanctions <hashtag> rickperry doesn t make the cut for foxnew <url>,22,144,3,0,1,0,0,0.1357142857142857,0,0,1
<user> interested to see who will win this battle,9,49,0,1,0,0,0,0.037037037037037035,0,0,0
<user> i m mad <num> in your name amp you don t blaze,13,53,0,1,0,0,0,0.04918032786885246,0,0,0
no snowflake in an avalanche ever feels responsible,8,51,0,0,0,0,0,0.019230769230769232,0,0,0
<user> breaking news tonight kids were rescued from play room after a week with no food or water do to parents sex life haha,24,124,0,1,0,0,0,0.015151515151515152,0,0,1
according to prophecy and also cnn a mac tablet will completely obliterate the need for other gadgets combining <url>,19,117,0,0,1,0,0,0.06521739130434782,0,0,0
vehicle hijacking in vosloorus gauteng on <num> <num> <num> at <num> <num> white toyota conquest bkb <num> gp <url>,19,115,0,0,1,0,0,0.1282051282051282,0,0,1
the bar method integrates the fat burning format of interval training the muscle shaping techniqu <url>,16,103,0,0,1,0,0,0.016129032258064516,0,0,0
the campaign will ferrell and zach galifianakis commit comic mayhem in this hilarious political farce <num> <url>,17,113,0,0,1,0,0,0.07751937984496124,0,0,0
<user> rt <user> when you don t know how to do fatalities in mortal kombat <url>,16,80,0,2,1,0,0,0.08035714285714286,0,0,0
<num> charts prove financial crisis part <num> has begun! the financial armageddon economic collapse blog tracks tren <url>,18,123,0,0,1,1,0,0.17647058823529413,0,1,0
spokane authorities say they re struggling to solve arson cases like today s on hamilton <url> <url>,17,100,0,0,2,0,0,0.08888888888888889,0,0,1
<user> <num> sake of argsuppose pre born has attained individl rights generally courtof law forbids killing unless dead person did something,21,140,0,1,0,0,0,0.007194244604316547,0,1,0
battlefield <num> funny moments dukes of hazard undercover soldier mav t <url> via <user>,14,89,0,1,1,0,0,0.13636363636363635,0,0,0
morgan silver dollar <num> s gem bu dmpl cameo rev blazing ms high grade! full read <url> <url>,18,95,0,0,2,1,0,0.20863309352517986,0,0,0
when love and hate collided part ii lanjut dirumah <hashtag> yagitudeh jake at rumah cipinang <url>,16,99,1,0,1,0,0,0.075,0,0,0
angry woman openly accuses nema of stealing relief materials meant for idps an angry internally displaced wom <url>,18,115,0,0,1,0,0,0.18382352941176472,0,0,1
the murderous story of america s first hijacking <url>,9,54,0,0,1,0,0,0.1643835616438356,0,0,1
i have my final tomorrow ?? ish is stressful but i ll survive,13,61,0,0,0,0,6,0.04411764705882353,0,0,0
<num> seconds of summer is my pick for <url> fan army <hashtag> <num> sosfam <url>,15,82,1,0,2,0,0,0.21428571428571427,0,0,0
exploration takes seismic shift in <hashtag> gabon to <hashtag> somalia <url> <url>,12,83,2,0,2,0,0,0.13131313131313133,0,0,1
once again black men didn t make it that way white men did so why are black men getting attacked <url>,21,102,0,0,1,0,0,0.04918032786885246,0,0,0
climate change could be catastrophic but it does have some benefits really <user> ?!?! <url>,15,92,0,1,1,2,2,0.032520325203252036,0,0,0
white twister black shift knob m <num> x <num> <num> thread size <url> <url>,14,76,0,0,2,0,0,0.125,0,0,0
chicago ap organizers of lollapalooza say they are reopening the music festival after the threat of a storm prompted them to evacuate,22,133,0,0,0,0,0,0.07913669064748201,0,0,1
<user> dw was on his way to a better career than chipper and that wasn t derailed until <num> shame,20,99,0,1,0,0,0,0.04672897196261682,0,0,0
madhya pradesh train derailment village youth saved many lives,9,62,0,0,0,0,0,0.14285714285714285,0,0,1
<user> <user> i hope you get batista bombed lauren,9,50,0,2,0,0,0,0.029850746268656716,0,0,0
<user> this message will self detonate in <num> <num> <num> <num>,11,65,0,1,0,0,0,0.0,0,0,0
if you sit and rant on snapchat to your apparent fans when you have about <num> followers i hope your in a train crash xoxo,25,123,0,0,0,0,0,0.01639344262295082,0,0,0
and my mentions are blown up for what? ?? wtf,10,45,0,0,0,0,3,0.021739130434782608,0,0,0
new women handbag faux leather ladies shoulder tote cross body bag large satchel full re <url> <url>,17,100,0,0,2,0,0,0.15827338129496402,0,0,0
<user> ohh there are bush fires in spain like every year one time when we went swimming there were planes getting water to fight,24,128,0,1,0,0,0,0.007246376811594203,0,0,1
offers <url> <hashtag> <num> deluxe toilet safety support health home bathroom support elderly injured s <url>,16,110,1,0,2,0,0,0.1366906474820144,0,1,1
<user> please support this please cosponsor s <num> and support aid for sick and injured <num> <num> responders! <hashtag> renew <num> health,22,141,1,1,0,1,0,0.047244094488188976,0,1,1
look for my policy matters ohio report on <hashtag> cle and cuyahoga county blight and greening vacant lands soon! <url>,20,120,1,0,1,1,0,0.09230769230769231,0,0,0
refugio oil spill may have been costlier bigger than projected <url>,11,68,0,0,1,0,0,0.08235294117647059,0,0,1
is there a night curfew on campus? find out here <url> <url>,12,60,0,0,2,0,1,0.07216494845360824,0,0,0
exporting food wont solve the problem africans will end famine n poverty by solving out of control tribal wars <url>,20,116,0,0,1,0,0,0.23529411764705882,0,0,1
<user> true i faced everything from is bin laden your uncle? to hopefully afghanistan will be bombed children can be very ugly,22,126,0,1,0,0,1,0.06428571428571428,0,0,0
another hour! it s august <num> <num> at <num> <num> pm here s red rover zombie apocalypse <num> ! <url> <hashtag> internetradio <hashtag> collegeradi,24,150,2,0,1,2,0,0.08633093525179857,0,0,1
<user> <user> photo bombed,4,26,0,2,0,0,0,0.046511627906976744,0,0,0
only the sea knows how many are dead <user> after last disaster in <hashtag> mediterranean turned into a massgrave <url>,20,120,1,1,1,0,0,0.05925925925925926,0,1,1
<hashtag> love <hashtag> food <hashtag> fun malaysian prime minister najib razak confirmed that the aircraft debris found on r union isla <url>,22,143,3,0,1,0,0,0.07971014492753623,0,0,1
brunette teen giselle locke teases at home <url> view and download video,12,72,0,0,1,0,0,0.056179775280898875,0,0,0
my asshole is on fire <url>,6,27,0,0,1,0,0,0.10869565217391304,0,1,0
social casualty <hashtag> mtvhottest <num> sos,6,46,1,0,0,0,0,0.28125,0,0,0
<user> i went to school in a bombed out east end of london <num> families to one house no bathroom outside loo amp poor so whats yr point,28,137,0,1,0,0,0,0.036231884057971016,0,0,1
hellfire is surrounded by desires so be careful and don t let your desires control you! <hashtag> afterlife,18,107,1,0,0,1,0,0.02,0,0,0
<user> went down i was beaten and blown up then next thing i know ra al ghul brought me back to life and i escaped and for a,28,124,0,1,0,0,0,0.06569343065693431,0,0,1
the dress memes have officially exploded on the internet <url>,10,62,0,0,1,0,0,0.1518987341772152,0,0,0
the third generation atomic bombed survivor photo exhibition <num> <num> to <num> <num> <num> <num> ?? <hashtag> hiroshima <url>,19,128,2,0,1,0,2,0.049586776859504134,0,0,1
rt <user> <num> k deaths per year from <hashtag> physician error <url> how to avoid being one of them <url>,20,107,1,1,2,0,0,0.09090909090909091,0,0,1
blood group a ve is associated with gastric carcinoma says text book another fragile gene in my body,18,100,0,0,0,0,0,0.05555555555555555,0,0,0
info r curfew in oper until <num> z taxiways foxtrot <num> amp foxtrot <num> navbl wnd <num> <num> exp inst apch rwy <num> damp tmp <num> qnh <num>,28,147,0,0,0,0,0,0.5539568345323741,0,0,0
fel lord zakuun is about to die ! <hashtag> hellfire <hashtag> wod <url>,13,72,2,0,1,1,0,0.18309859154929578,0,0,1
intact mh <num> part lifts odds plane glided not crashed into sea <url> via <user> <hashtag> hope for answers,19,109,1,1,1,0,0,0.1652892561983471,0,0,1
are the safety improvements being made to route <num> in buffalo doing more harm than good? <url>,17,97,0,0,1,0,1,0.08035714285714286,0,0,0
<user> <user> i love <num> gal deco to death even if it s a bit trickier to be great with glad more weapons are getting splash wall,27,131,0,2,0,0,0,0.051094890510948905,0,0,1
<hashtag> hot funtenna hijacking computers to send data as sound waves black hat <num> <url> <hashtag> prebreak <hashtag> best,19,126,3,0,1,0,0,0.058823529411764705,0,0,0
i totally agree they rape kill destroy and leave land desolate action needs to happen before the swarm swells <url>,20,115,0,0,1,0,0,0.04411764705882353,0,0,1
arsonist sets nyc vegetarian restaurant on fire police <hashtag> newyork <url>,11,78,1,0,1,0,0,0.14606741573033707,0,1,1
? <num> th day since <num> jul <num> nigeria suicide bomb attacks killed <num> people blamed boko haram l a times ap <url>,23,122,0,0,1,0,1,0.1510791366906475,0,0,1
japan on thursday marks the <num> th anniversary of the atomic bombing of hiroshima with the most senior official from washington ever schedule,23,143,0,0,0,0,0,0.028169014084507043,0,0,1
official vid <hashtag> thereal gt gt gt <url> gt gt gt <user> gt gt gt <hashtag> armageddon comin soon!!,19,104,2,1,1,2,0,0.27049180327868855,1,0,0
it s was about <num> <num> in the morning amp i went downstairs to watch some telly amp i accidentally made a loud bang amp my dad who has a broken leg walked,33,158,0,0,0,0,0,0.019736842105263157,0,0,0
first impressions glad hat man is leaving in lieu of more interesting ladies hope mudslide lady triumphs next week,19,114,0,0,0,0,0,0.017094017094017096,0,0,0
<user> <user> i must be overlooking the burning buildings? <hashtag> blacklivesmatter,11,85,1,2,0,0,1,0.04878048780487805,0,0,1
rocky fire in northern california swells to <num> acres <num> evacuated <url> portland <hashtag> phoenix <hashtag> miami <hashtag> atlanta <hashtag> casper,21,155,4,0,1,0,0,0.08029197080291971,0,1,1
me says many of these wounds could be fatal some rather quickly others slower and a couple not lethal at all <hashtag> kerricktrial,23,131,1,0,0,0,0,0.032520325203252036,0,0,0
so all the store s fire alarms went off today at work and we had to evacuate i was like omg!! i s i s its happening!!,27,117,0,0,0,6,0,0.17073170731707318,1,1,1
<user> really needs to tone it down some in the weight room rt <user> demolition cont <url>,17,91,0,2,1,0,0,0.07258064516129033,0,0,0
expect gusty winds heavy downpours and lightning moving northeast toward va now <url>,13,85,0,0,1,0,0,0.04854368932038835,0,0,1
<num> ir icemoon aftershock <url> <user> <hashtag> dubstep <hashtag> trapmusic <hashtag> dnb <hashtag> edm <hashtag> dance <hashtag> ices <url>,19,143,6,1,2,0,0,0.2753623188405797,0,0,0
explosion in gaza strip kills four wounds <num> cause unknown <url> via <user>,13,78,0,1,1,0,0,0.08421052631578947,0,1,1
<user> <user> keithyy gettin burned outta the blocks and on social media <url>,13,78,0,2,1,0,0,0.0625,0,0,0
?eudrylantiqua? hollywood movie about trapped miners released in chile the <num> holly <url> ?eudrylantiqua?,14,108,0,0,1,0,4,0.13636363636363635,0,0,1
they shall be annihilated and all of their petebests dessicated and laid bare then you shall kneel before me,19,108,0,0,0,0,0,0.8181818181818182,0,0,0
dazzle destroy the fun ??,5,25,0,0,0,0,2,0.0,0,0,0
quality metrics penalties may harm patient care pcps say primary care physicians generally hold positive views <url>,17,116,0,0,1,0,0,0.10869565217391304,0,0,0
panoramic resources cuts jobs after seismic event <url>,8,55,0,0,1,0,0,0.08333333333333333,0,0,1
<user> give me free art kamon,6,29,0,1,0,0,0,0.5,0,0,0
the road to power is paved with hypocrisy and casualties <hashtag> francisunderwood <hashtag> hoc <url>,15,103,2,0,1,0,0,0.09090909090909091,0,0,0
an outbreak of legionnaires disease in new york has killed at least <num> people now officials think they ve fo <url>,21,117,0,0,1,0,0,0.057971014492753624,0,0,1
<user> someone has to be at the bottom of every league tonight clearly demonstrated why the lions are where they are sunk!,22,122,0,1,0,1,0,0.029850746268656716,0,0,1
dust storm in riyadh ??,5,23,0,0,0,0,4,0.0,0,0,1
and he almost collapsed bc he said his wish came true moderately fuck,13,69,0,0,0,0,0,0.057971014492753624,0,0,0
<user> <user> <url> change password through that link it ll kick the hijacker off,14,81,0,2,1,0,0,0.06422018348623854,0,0,0
wcw <user> tha bitch is fire,6,28,0,1,0,0,0,0.4857142857142857,0,1,0
<user> if you loved me even a little youd put demolition in bo <num>,14,68,0,1,0,0,0,0.0273972602739726,0,0,0
bed time don t wake me up unless revolution or armageddon start,12,63,0,0,0,0,0,0.046153846153846156,0,0,0
i liked a <user> video from <user> <url> dj hazard death sport,12,62,0,2,1,0,0,0.11494252873563218,0,0,0
<user> <user> i ve heard we re still using purple hearts manufactured then bc of the of casualties we expected,20,110,1,2,0,0,0,0.05511811023622047,0,0,1
<hashtag> roh <num> <hashtag> jfb <hashtag> tfb <hashtag> alrasyid <num> iturasya correction tent collapse story <url> <hashtag> us roh <num> smantibatam <hashtag> roh <num> smantibatam,25,185,6,0,1,0,0,0.24031007751937986,0,1,0
rt our mother mary short reading apocalypse <num> <num> in the spirit the angel took me to the top of an enormous high mountain and,25,131,0,0,0,0,0,0.06474820143884892,0,0,0
<user> it has crashed so many times the past couple hours,11,57,0,1,0,0,0,0.0,0,0,0
jkl cancels flash flood warning for bell harlan knox ky <url> <hashtag> wx,13,74,1,0,1,0,0,0.2,0,1,1
governor allows parole for school bus hijacker <url> liveleakfun ? <url>,11,72,0,0,2,0,1,0.16981132075471697,0,0,1
police monitoring <num> jihadis in poland <url> via <user>,9,58,0,1,1,0,0,0.0975609756097561,0,0,1
nigeria rainstorm destroys <num> houses in yobe state daily trust damaturu over <num> <url>,14,91,0,0,1,0,0,0.14285714285714285,0,0,1
report <num> <num> <num> <num> ibaraki prefecture offing m <num> <num> depth <num> km maximum seismic intensity <num> <hashtag> earthquake,20,138,1,0,0,0,0,0.06930693069306931,0,1,1
since <num> the year angela sanders was born roundhouse kick related deaths have increased <num> percent,16,104,0,0,0,0,0,0.028846153846153848,0,0,1
so it looks like my <user> profile shall be no more! nothing left to offer! dj mixes obliterated ?? <hashtag> byebyesoundcloud,21,126,1,1,0,2,2,0.04918032786885246,0,0,0
arson suspect linked to <num> fires caught in northern california <url>,11,71,0,0,1,0,0,0.08235294117647059,0,0,1
flooding kills <num> displace over one million in pakistan <url> at least <num> people have been killed and nearly <num> lakh,21,125,0,0,1,0,0,0.05755395683453238,0,0,1
see a virtual tour of one of our listings on <num> fir st cannon beach or listed by dorrie caruana <url>,21,104,0,0,1,0,0,0.11666666666666667,0,0,0
drunk twister is so hard ??,6,27,0,0,0,0,4,0.034482758620689655,0,0,0
<user> <user> <user> whether pressure or not non wud not survived even if thalapathi didn t release,17,99,0,3,0,0,0,0.045871559633027525,0,0,1
kijima matako breaking news! unconfirmed! i just heard a loud bang nearby in what appears to be a blast of wind from my neighbour s ass,26,135,0,0,0,2,0,0.036231884057971016,0,0,0
new snap on tools black baseball hat cap silver gray embroidered s logo flames full re <url> <url>,18,98,0,0,2,0,0,0.19424460431654678,0,0,0
buyout giants bid to derail <num> bn worldpay ipo sky news <url>,12,64,0,0,1,0,0,0.18072289156626506,0,0,0
<hashtag> hot funtenna hijacking computers to send data as sound waves black hat <num> <url> <hashtag> prebreak <hashtag> best,19,126,3,0,1,0,0,0.058823529411764705,0,0,1
<num> former executives to be prosecuted in fukushima nuclear disaster <url>,11,76,0,0,1,0,0,0.14606741573033707,0,0,1
maratha raiders scorched their lands amp punjab refused them food aid during the <num> famine wonder if bengalis harbor some hard feelings,22,138,0,0,0,0,0,0.02127659574468085,0,0,1
happening now hatzolah ems ambulance responding with dual sirens and <url>,11,74,0,0,1,0,0,0.6804123711340206,0,0,0
<user> i literally walked out of the concert and screamed my soul has been blessed,15,82,0,1,0,0,0,0.25842696629213485,0,0,0
but i will be uploading these videos asap so you guys get to see the new weapon types in action!,20,96,0,0,0,1,0,0.08333333333333333,0,0,0
<hashtag> psd <hashtag> special olap <hashtag> world pres <url> how to recognize a hazardous waste and the multidimensi <url>,19,125,3,0,2,0,0,0.15037593984962405,0,0,1
<user> <user> <user> oh gio was my backup but with skc next and bwp getting a crack at nycfc injury i went bwp lol wrong,25,120,0,3,0,0,0,0.21014492753623187,0,0,0
armageddon <url>,2,16,0,0,1,0,0,0.14705882352941177,0,0,1
i <num> mile marker <num> to <num> south mooresville iredell vehicle accident congestion at <num> <num> <num> <num> pm,19,118,0,0,0,0,0,0.11578947368421053,0,0,1
bulgarian tittie twister by noemotion produced by edk pathfinders hd m <url> via youtube,14,88,0,0,1,0,0,0.1981981981981982,0,0,0
apparently they re going to have a ww <num> siren to announce something not sure if that s fun or dull bc the ww <num> siren is a v monotonous sound,31,148,0,0,0,0,0,0.04285714285714286,0,0,0
on anniversary of hiroshima bombing illustrated timeline of bombings eyewitness account particularly horrifying <url>,14,117,0,0,1,0,0,0.05185185185185185,0,0,1
every time i buy a bag for life i think i ve got <num> days left to live,18,72,0,0,0,0,0,0.057971014492753624,0,0,0
then the stylist who d been silent says there s a cool show on amazon prime called catastrophe,18,94,0,0,0,0,0,0.04040404040404041,0,0,0
<user> <user> the exploded bean the bastard,7,43,0,2,0,0,0,0.06451612903225806,0,0,0
grace this is not your first storm you know bicycles fences trees will fly as well as idiots drowning that go by swollen rivers,24,127,0,0,0,0,0,0.007462686567164179,0,0,1
check out reddit will now quarantine offensive content <url>,9,60,0,0,1,0,0,0.15,0,0,0
<user> shout out blaze the hottest dj in the sothwest,10,53,0,1,0,0,0,0.2033898305084746,0,0,0
pizza and beer in a tornado in austin windy af right now,12,56,0,0,0,0,0,0.05263157894736842,0,0,1
during the <num> s the oryx a symbol of the arabian peninsula were annihilated by hunters <url> <url>,18,101,0,0,2,0,0,0.1037037037037037,0,0,1
<user> we like big hail and we cannot lie!! <hashtag> sirmixalot,11,64,1,1,0,2,0,0.05,1,0,0
the <hashtag> irandeal only covers nuclear activity what are they doing about bioterrorism? iran has broken at least <num> other agreements,21,139,1,0,0,0,1,0.046511627906976744,0,0,1
<user> <user> <user> <user> i m forfeiting this years fantasy football pool out of fear i may win n get my ass kicked,23,117,0,4,0,0,0,0.05714285714285714,0,0,0
winter desolation of death is also on tumblr <url> al necro s reviews interviews amp more!,16,90,0,0,1,1,0,0.08928571428571429,0,0,0
<user> <user> if you think you d like burning man you should try it because it s the only way to know!,22,102,0,2,0,1,0,0.017543859649122806,0,0,0
to all the meat loving feminists of the world riot grill has arrived pop quiz! which do you prefer feminist <url>,21,113,0,0,1,1,0,0.14814814814814814,0,0,0
i decided to take a break from my emotional destruction to watch tangled then watch desolation of smaug,18,103,0,0,0,0,0,0.0,0,0,0
islamic state group in egypt threatens to kill croat hostage <url>,11,66,0,0,1,0,0,0.0963855421686747,0,0,1
they ve come back!! gt gt flying ant day capital deluged by annual swarm of winged insects <url>,18,96,0,0,1,2,0,0.05982905982905983,1,0,1
think akwa ibom! don t come to uruan and demolish buildings again ex assembly member warns udom emmanuel <url>,19,110,0,0,1,1,0,0.07633587786259542,0,0,0
honestly nightmarish god driving to new places is always stressful as shit amp i hate it so much ugh almost crashed a few times,24,127,0,0,0,0,0,0.030303030303030304,0,0,0
i ve just signed up for the detonate nottingham autumn launch party register here <url>,15,87,0,0,1,0,0,0.12037037037037036,0,0,0
louis vuitton monogram sophie limited edition clutch cross body bag full read by ebay <url> <url>,16,97,0,0,2,0,0,0.12781954887218044,0,0,0
seeing that there s a video of every fatality on mileena makes me sad,14,69,0,0,0,0,0,0.027777777777777776,0,0,0
i think i ll get obliterated tonight,7,36,0,0,0,0,0,0.05555555555555555,0,0,0
<user> you re correct it is coming from both sides maybe i m just friends on fb w more rep so my feed is inundated w false claims,28,129,0,1,0,0,0,0.04411764705882353,0,0,0
alaska s <hashtag> wolves face catastrophe denali wolves population plummeted to <num> ! <hashtag> savedenaliwolves tweetstorm <url>,17,132,2,0,1,1,0,0.1640625,0,0,0
motogp indianapolis espargaro layout worries me a little <url> <url>,10,68,0,0,2,0,0,0.1111111111111111,0,0,0
new snap on tools black baseball hat cap silver gray embroidered s logo flames full re <url> <url>,18,98,0,0,2,0,0,0.17985611510791366,0,0,0
govt allocating <num> <num> bn for flood action issue takes centre stage after fatalities in veneto <url>,17,105,0,0,1,0,0,0.043478260869565216,0,1,1
on the use of perforated metal shear panel sfor seismic resistant applications <url>,13,84,0,0,1,0,0,0.7029702970297029,0,0,0
football is back this weekend its just sunk in ??,10,49,0,0,0,0,6,0.7169811320754716,0,0,0
ppl like unu feast today and famine tomorrow,8,44,0,0,0,0,0,0.022727272727272728,0,0,0
as firefighters make gains on <hashtag> rockyfire jerry brown is heading to the area to meet with first responders tomorrow morning,21,131,1,0,0,0,0,0.040983606557377046,0,0,1
wholesale <hashtag> we gon rep that hit at all costs hazardous <hashtag> wholeteam <num> <hashtag> wholesaleent <url>,17,117,3,0,1,0,0,0.18095238095238095,0,0,0
remove the <url> and linkury browser hijacker <url> <url>,9,57,0,0,3,0,0,0.1388888888888889,0,0,0
dying of lyme disease case fatality rate nearly <num> <url>,10,59,0,0,1,0,0,0.11842105263157894,0,0,1
<hashtag> growingupblack walking past chicken frying was like entering a war zone,12,81,1,0,0,0,0,0.0273972602739726,0,0,0
wed <num> <num> mainly cloudy <num> percent chance of showers this evening with risk of a thunderstorm low <num>,19,112,0,0,0,0,0,0.028846153846153848,0,0,0
full episode wn <num> <num> <num> california wild fires force <num> to evacuate <hashtag> worldnews <url>,16,105,1,0,1,0,0,0.12149532710280374,0,0,1
<user> incredible? the children were screaming buildings were burning and i was dancing in the ashes,16,100,0,1,0,0,1,0.6363636363636364,0,0,1
noches el bestia <user> happy to see my teammates and training hard ?? goodnight gunners ?? <url>,17,97,0,1,1,0,8,0.06153846153846154,0,0,0
woman electrocuted <hashtag> red <hashtag> redblood <hashtag> videoclip <url>,9,77,4,0,1,0,0,0.13043478260869565,0,0,0
rt <user> sleeping pills double your risk of a car accident <url>,12,65,0,1,1,0,0,0.08888888888888889,0,0,0
kinetic typography crash course after effects video <url> <hashtag> course <url>,11,80,1,0,2,0,0,0.13761467889908258,0,0,0
rescuers find survivors of nepal earthquake buried <url>,8,56,0,0,1,0,0,0.1038961038961039,0,1,1
rocky fire <url>,3,16,0,0,1,0,0,0.09090909090909091,0,1,1
it s <num> <num> and i m already panicking and crying bc i m so stressed nice,17,77,0,0,0,0,0,0.08450704225352113,0,0,0
ems <num> ny emts petition for <num> per hour minimum wage <url> <hashtag> ems <hashtag> paramedics <hashtag> ambulance,18,119,3,0,1,0,0,0.10091743119266056,0,0,0
win lisowski whitewashes the whirlwind <num> <num> in round <num> of shanghai masters quals! <url> <hashtag> snooker <url>,18,122,1,0,2,1,0,0.12949640287769784,0,0,1
<num> years after atomic bombs japan still struggles with war past <url> the anniversary of the devastation wrought by the,20,122,0,0,1,0,0,0.1223021582733813,0,0,1
you certainly are <user> ! great to see all you <hashtag> hs <num> astroturfers panicking at the thought of cross party support crumbling,23,137,1,1,0,1,0,0.046153846153846156,0,0,0
burned <num> calories doing <num> minutes of walking <num> <num> mph brisk pace <hashtag> myfitnesspal,15,102,1,0,0,0,0,0.0125,0,0,1
<hashtag> flood <hashtag> disaster heavy rain causes flash flooding of streets in manitou colorado springs areas,16,112,2,0,0,0,0,0.042105263157894736,0,1,1
kontrolled media say us good putin bad <hashtag> ww <num> good peace bad total bs! leave russia alone don t dice with obliteration <hashtag> demonization,25,153,2,0,0,1,0,0.29927007299270075,0,0,1
ye did the same thing to big sean and he still blew up,13,54,0,0,0,0,0,0.05555555555555555,0,0,0
<hashtag> bestnaijamade <num> yr old pkk suicide bomber who detonated bomb in <url> bestnaijamade bestnaijamade bestnaijamade be,17,128,1,0,1,0,0,0.06428571428571428,0,0,1
gotta try to let go of so many bloody things smh,11,48,0,0,0,0,0,0.04081632653061224,0,0,0
wreckage conclusively confirmed as from mh <num> malaysia pm investigators and the families of those who were <url>,18,115,0,0,1,0,0,0.11029411764705882,0,0,1
<user> thank you for understanding the gov only tells us about <num> of whats really going on i have military house amp cia connects !!,25,135,0,1,0,3,0,0.6928571428571428,1,0,0
<hashtag> gunsense answer to <hashtag> gfz s break law on the minuscule chance a mass murderer shows up <url>,19,109,2,0,1,0,0,0.08108108108108109,0,0,1
?<hashtag> fukushima?<hashtag> tepco? fukushima nuclear disaster increased thyroid cancer in <hashtag> us integrative cancer answers <url>,16,138,3,0,1,0,3,0.23484848484848486,0,0,1
lightning strike in the distance via r pics <url> <hashtag> pics,11,64,1,0,1,0,0,0.0547945205479452,0,0,1
ambulance sprinter automatic frontline vehicle choice of <num> lez compliant ebay <url>,12,87,0,0,1,0,0,0.6504854368932039,0,0,0
last chance to work at the old ffa foodstand at the fairgrounds we are finishing demolition at <num> am any help would be appreciated,24,133,0,0,0,0,0,0.04580152671755725,0,0,0
<user> <user> <user> <user> <user> why you screamed,8,51,0,5,0,0,0,0.16091954022988506,0,0,0
<hashtag> sismo detectado <hashtag> jap n report <num> <num> <num> <num> okinawa island region m <num> <num> depth <num> km maximum seismic intensity <num> jst ??,26,162,3,0,0,0,2,0.1694915254237288,0,0,1
infantry mens lume dial army analog quartz wrist watch sport blue nylon fabric full rea <url> <url>,17,99,0,0,2,0,0,0.2014388489208633,0,0,0
video we re picking up bodies from water rescuers are searching for hundreds of migrants in the mediterranean after a boat carryi,22,129,0,0,0,0,0,0.058823529411764705,0,0,1
<user> i remember the heat wave the year i went bruh and they don t have ac ??,18,78,0,1,0,0,4,0.046511627906976744,0,0,0
set goals amp demolish them all! ?,7,34,0,0,0,1,1,0.25,0,0,0
<user> noo?? i almost drowned you once tho,8,42,0,1,0,0,2,0.01818181818181818,0,0,0
when bae soak you in mudslide at backroom?? <hashtag> thisiswhywecanthavenicethings <url>,11,89,1,0,1,0,4,0.04040404040404041,0,0,0
<user> omg what is the sub weapon,7,33,0,1,0,0,0,0.5238095238095238,0,0,0
watch this airport get swallowed up by a sandstorm in under a minute <url>,14,74,0,0,1,0,0,0.17582417582417584,0,0,1
chicago fd still amp box alarm ems plan i <num> st amp calumet for the el train derailment cins tg,20,98,0,0,0,0,0,0.68,0,0,1
creation of ai climate change bioterrorism mass automation of workforce contact with other life wealth inequality yea we ve got it easy,22,135,0,0,0,0,0,0.0661764705882353,0,0,0
islamic state group in egypt threatens to kill croat hostage <url>,11,66,0,0,1,0,0,0.12048192771084337,0,0,1
it s always super awkward when worlds collide,8,45,0,0,0,0,0,0.022222222222222223,0,0,0
<user> it looks so desolate end of the world stuff gorgeous,11,59,0,1,0,0,0,0.046153846153846156,0,0,0
the latest more homes razed by northern california wildfire the latest on wildfires burning in california and <url>,18,115,0,0,1,0,0,0.08029197080291971,0,0,1
aubrey really out here body bagging meek,7,40,0,0,0,0,0,0.04878048780487805,0,0,1
reddit will now quarantine offensive content <url>,7,50,0,0,1,0,0,0.16417910447761194,0,0,0
london life photos of a beautiful bombed out britain <url> <hashtag> arts,12,73,1,0,1,0,0,0.08536585365853659,0,0,0
we re <hashtag> hiring! read about our latest <hashtag> job opening here rn nurse shift manager emergency services full time <url>,21,130,2,0,1,1,0,0.12408759124087591,0,0,0
watch this airport get swallowed up by a sandstorm in under a minute <url>,14,74,0,0,1,0,0,0.17582417582417584,0,0,1
i need an arcade shooter fix but cte is empty amp only running obliteration i d even buy a cod title if they weren t all overpriced on steam,29,140,0,0,0,0,0,0.04895104895104895,0,0,0
<user> <url> detonate by <user> ft m o p,9,40,0,2,1,0,0,0.1506849315068493,0,0,0
<user> go look just blew it up w atomic bomb,10,44,0,1,0,0,0,0.02,0,0,0
<user> thirst has no curfew,5,27,0,1,0,0,0,0.0,0,0,0
i had to grill for a school function one of the grills we had going was pretty much either off or forest fire no inbetween! made it work,28,136,0,0,0,1,0,0.028985507246376812,0,1,0
i feel like that episode of victorious when they all got trapped in an rv and almost died of heat stroke <hashtag> mtvhottest one direction,25,139,1,0,0,0,0,0.07692307692307693,0,0,0
trust us to get rescued by the dopey ones! val is hilarious shame she s probably going to die <hashtag> emmerdale,21,113,1,0,0,1,0,0.018867924528301886,0,0,0
when fizzy is sitting in the regular flood seats and no one knows who she is,16,76,0,0,0,0,0,0.0,0,1,0
<hashtag> islamic <hashtag> state issue a new holiday <hashtag> brochure lovely swimming pool for drowning in shooting range and the downside it costs a <hashtag> bomb,26,167,4,0,0,0,0,0.007633587786259542,0,0,0
why did god order obliteration of ancient canaanites? <url>,9,59,0,0,1,0,1,0.09210526315789473,0,0,0
the latest more homes razed by northern california wildfire abc news <url> <hashtag> gn,14,87,1,0,1,0,0,0.17346938775510204,0,0,1
global nuclear reactor construction market grew <num> <num> between <num> and <num> <url>,13,89,0,0,1,0,0,0.07216494845360824,0,0,1
madhya pradesh train derailment village youth saved many lives a group of villagers saved over <num> passengers lives after two train,21,133,0,0,0,0,0,0.07352941176470588,0,0,1
fedex will no longer transport bioterror pathogens in wake of anthrax lab mishaps <url>,14,87,0,0,1,0,0,0.038461538461538464,0,0,0
i m about to explode ??,6,23,0,0,0,0,4,0.04,0,0,0
the lightning out here is something serious!,7,44,0,0,0,1,0,0.045454545454545456,0,0,1
an <num> wheeler came along and struck the fire truck spinning it around <num> degrees and causing it to roll over <url>,22,120,0,0,1,0,0,0.022388059701492536,0,1,1
<user> don t bother while you were offline i managed to evacuate everyone out of here including hinata so so go ahead and cause,24,127,0,1,0,0,0,0.036231884057971016,0,0,1
canberra s first mr fluffy homes demolition schedule released <url>,10,67,0,0,1,0,0,0.10588235294117647,0,0,0
<user> rescuers are searching for hundreds of migrants in the mediterranean after a boat carr <url> <user>,17,106,0,2,1,0,0,0.08088235294117647,0,0,1
is it time to panic now? <url>,7,30,0,0,1,0,1,0.10416666666666667,0,0,0
it scares me that there s new versions of nuclear attack warnings like just knowing that governments still prepare for them,21,123,0,0,0,0,0,0.0,0,0,1
bigamist and his first wife are charged in the deaths of his second pregnant wife her child <num> her mother her nephew <num> and their u,26,137,0,0,0,0,0,0.006944444444444444,0,0,0
coming later this year the man that tattooed women a novel based on a real serial killer from <hashtag> arkansas amp a natural disaster <hashtag> nola,26,150,2,0,0,0,0,0.2158273381294964,0,0,1
<user> i was thinking about you today when i was reading about the wild fires,15,77,0,1,0,0,0,0.034482758620689655,0,0,1
heavy rain gusty winds and vivid lightning moving east through the triad now <url>,14,82,0,0,1,0,0,0.04,0,0,1
after a suicide bombing in suru that killed <num> people turkey launches airstrikes against isil and kurdistan workers party camps in iraq,22,138,0,0,0,0,0,0.07913669064748201,0,0,1
if you re in search of powerful content to improve your business or have been frustrated with the deluge of quantit <url>,22,121,0,0,1,0,0,0.035211267605633804,0,0,1
<url> cindy noonan <user> heartbreak in <hashtag> baltimore <hashtag> rioting <hashtag> yahistorical <hashtag> undergroundrailraod,14,130,4,1,1,0,0,0.1452991452991453,0,0,1
i see dat we liable to fuck up and crash ??,11,43,0,0,0,0,4,0.022222222222222223,0,0,0
<user> <user> hahah mutual host preset bal no nades radar on demolish,12,69,0,2,0,0,0,0.15294117647058825,0,0,0
chevrolet avalanche lt <num> lt used <num> <num> l v <num> <num> v automatic <num> wd pickup truck premium b <url> <url>,22,120,0,0,2,0,0,0.10071942446043165,0,0,1
do you feel engulfed with low self image? take the quiz <url> <url>,13,67,0,0,2,0,1,0.10784313725490197,0,0,0
suspect in latest us theatre attack had psychological issues <url> <url>,11,72,0,0,2,0,0,0.11320754716981132,0,0,1
<user> whoever holds the address fuckface <user> com is going to be deluged in spam meant for me,18,96,0,2,0,0,0,0.018518518518518517,0,0,0
<num> dead in russia bus accident at least <num> people were killed and <num> others injured when two buses collided i <url>,22,124,0,0,1,0,0,0.058823529411764705,0,1,1
<user> <user> <user> thank you <user> and <user> for helping so many people in need all over the world <url>,20,108,0,5,1,0,0,0.0851063829787234,0,0,0
<num> dead dozens injured in gaza blast near house leveled in summer war <url> via <url>,16,88,0,0,2,0,0,0.058333333333333334,0,1,1
usa breaking news chemical spill evacuations red cross emergency <url>,10,70,0,0,1,0,0,0.6629213483146067,0,0,1
angry mistrustful rescued elephant finds peace and friendship in her new home photos <url> via <user>,16,101,0,1,1,0,0,0.1937984496124031,0,0,0
man why hasn t <user> blown up? he s still underground,11,54,0,1,0,0,1,0.03076923076923077,0,0,0
when u get mugged with ur gf u come up with the best excuses not to look like a bitch i wanted to fight but what if he held u hostage?,31,134,0,0,0,0,1,0.014705882352941176,0,0,0
media release firefighters ask hikers to sign in at local trailheads parker ridge wildfire parker <url> <hashtag> idfire,18,120,1,0,1,0,0,0.125,0,0,1
bayelsa poll tension in bayelsa as patience jonathan plans to hijack apc pdp plans by former first lady and <url>,20,113,0,0,1,0,0,0.14074074074074075,0,0,0
refugio oil spill may have been costlier bigger than projected <url>,11,68,0,0,1,0,0,0.023529411764705882,0,0,1
mama i m still thuggin the world is a war zone my homies is inmate and most of em dead wrong,21,92,0,0,0,0,0,0.021505376344086023,0,1,0
siren test complete the test has concluded,7,42,0,0,0,0,0,0.06666666666666667,0,0,0
she screamed when she got the microchip needle tbh i would have cried too the needle was massive ya haram,20,105,0,0,0,0,0,0.02830188679245283,0,0,0
plane from new york to kuwait diverts to uk after declaring state of emergency <url>,15,84,0,0,1,0,0,0.12871287128712872,0,0,1
wreckage conclusively confirmed as from mh <num> malaysia pm investigators and the families of those who were <url>,18,115,0,0,1,0,0,0.11029411764705882,0,0,1
<user> <user> <user> that s one way to make their heads explode,12,63,0,3,0,0,0,0.05263157894736842,0,0,0
enugu state government appears set to recover some portion of the enugu international conference ce <url> <hashtag> badotweet,18,125,1,0,1,0,0,0.07352941176470588,0,0,0
obama declares disaster for typhoon devastated saipan,7,53,0,0,0,0,0,0.11320754716981132,0,0,1
to luka they should all die! all of them! everything annihilated! alois trancy,13,78,0,0,0,3,0,0.07317073170731707,0,0,0
don t think i ve ever been this close to a mental explosion in so long,16,70,0,0,0,0,0,0.0136986301369863,0,1,0
<user> i am being subjected to unwarranted sexual conversation,9,62,0,1,0,0,0,0.7323943661971831,0,0,0
us institute of peace chairman wants russian body bags <url>,10,60,0,0,1,0,0,0.13253012048192772,0,0,0
remembrance <url> <hashtag> hiroshima <url>,5,43,1,0,2,0,0,0.13043478260869565,0,0,1
<hashtag> hot c <num> specially modified to land in a stadium and rescue hostages in iran in <num> <url> <hashtag> prebreak <hashtag> best,23,138,3,0,1,0,0,0.06349206349206349,0,0,1
afghan peace talks in doubt after mullah omar s death financial times <hashtag> mullah,14,86,1,0,0,0,0,0.07407407407407407,0,0,0
<user> can twon t tell <user> how they d respond to an oil spill trust them? see sec <num> <num> <hashtag> kamloops <url>,23,121,1,2,1,0,1,0.07913669064748201,0,0,1
<user> <num> your bf gf crush ?? <user> ??,9,42,0,3,0,0,4,0.02040816326530612,0,0,1
experts in france begin examining airplane debris found on reunion island french air accident experts on wedn <url>,18,115,0,0,1,0,0,0.08823529411764706,0,0,1
<user> they can t detonate unless they touch the ground,10,55,0,1,0,0,0,0.034482758620689655,0,0,0
rescue of the day it s world cat day saturday aug <num> th black black white cats just <num> <url> <hashtag> newbeginningsanimalrescue,22,134,1,0,1,0,0,0.1386861313868613,0,0,0
photoshop tools crash course complete photoshop tool guide <url> <hashtag> course <url>,12,87,1,0,2,0,0,0.13157894736842105,0,0,0
<user> my personal favorites include paramore muse green day royal blood and <num> sos,14,86,0,1,0,0,0,0.0,0,0,0
fr cuz i risk being electrocuted every shower ?? <url>,10,54,0,0,1,0,2,0.08333333333333333,0,0,0
the annihilation of jeb christie amp kasich is less than <num> hours away please god allow me at least one more full day,23,120,0,0,0,0,0,0.04838709677419355,0,0,0
riot police intervene after southampton and vitesse arnhem supporters clash fans clash in buildup to second <url>,17,113,0,0,1,0,0,0.07971014492753623,0,0,1
<user> ditto but its all we had and the way i feel if i drank vodka over ice they would have to body bag me,25,107,0,1,0,0,0,0.0,0,0,0
<url> eversafe emergency auto kit for all weather unsafe hazardous rush hour gridlock jumper ca <url>,16,101,0,0,2,0,0,0.11594202898550725,0,0,1
the best part of old baseball managers wearing uniforms is the implication that if something catastrophic happens they ll grab a glove,22,134,0,0,0,0,0,0.007407407407407408,0,0,0
<hashtag> sigalert north amp southbound <num> closed btwn <num> fwy and irvine blvd due to truck fire chp is detouring traffic,21,126,1,0,0,0,0,0.07758620689655173,0,1,1
our chemical spill cleanup videos will prepare you for an emergency situation in the lab <url>,16,94,0,0,1,0,0,0.09821428571428571,0,0,1
<user> yay good cooler weather for pdx abq nm is feeling the heat wave now bcuz my rain dances aren t working,22,109,0,1,0,0,0,0.10743801652892562,0,0,0
<user> zar cringes at the blows but doesn t let marek go he uses seismic toss,16,77,0,1,0,0,0,0.05952380952380952,0,0,0
carl everest rob cobes whitt blight frost leo snuff godly and a few others i will drink a beer with them someday,22,112,0,0,0,0,0,0.10434782608695652,0,0,0
<user> disneyland! tacos there are bomb!,6,40,0,1,0,2,0,0.10638297872340426,0,0,1
bbc news india rail crash trains derail in madhya pradesh flash flood <url>,13,75,0,0,1,0,0,0.11578947368421053,0,1,1
every time i have a really good day someone just has to ruin it,14,63,0,0,0,0,0,0.015873015873015872,0,0,0
<num> <num> how do people not know who kendall jenner is? she has <num> times the instagram followers of gd screaming lmao,22,122,0,0,0,0,1,0.17094017094017094,0,0,0
rt drayesha <num> <hashtag> indiakomuntorjawabdo indian army ki <url>,9,69,1,0,1,0,0,0.12142857142857143,0,0,0
a turkish couple spent their wedding day feeding <num> syrian refugees ? a turkish couple who got marrie <url>,19,110,0,0,1,0,1,0.05343511450381679,0,0,0
apparently part of the building just collapsed hope everyone is ok,11,66,0,0,0,0,0,0.029411764705882353,0,0,1
emergency shutdown systems edmonton <url>,5,41,0,0,1,0,0,0.13333333333333333,0,0,1
city implores motorists not to speed after more reports of animal fatalities near nature reserves gt <url>,17,106,0,0,1,0,0,0.031746031746031744,0,0,1
<num> new fashion ladies gold watch waterproof weiqin famous brand michel quartz de lujo ca <url> <url>,17,103,0,0,2,0,0,0.07913669064748201,0,0,0
<user> yes god doessnt change he says not to rejoice over the fall of people or calamities like wild fires ect you wanna be punished?,25,133,0,1,0,0,1,0.04285714285714286,0,0,0
screams where is everyone oh wait school ok im ok,10,49,0,0,0,0,0,0.4074074074074074,0,0,0
asbury park shooting reported <url> via <user>,7,46,0,1,1,0,0,0.1506849315068493,0,0,1
i need a thunderstorm please!,5,29,0,0,0,1,0,0.034482758620689655,0,0,0
<user> volcano bowl drink,4,25,0,1,0,0,0,0.5333333333333333,0,0,1
tomorrow s going to be a year since i went to the panic! concert dressed as afycso ryan do u guys remember that,23,111,0,0,0,1,0,0.018018018018018018,0,0,1
if you are quiet enough you can literally hear the phandom screaming at the tyler tweet,16,87,0,0,0,0,0,0.011494252873563218,0,0,0
<hashtag> spark <hashtag> song ultimate <hashtag> preparedness library <url> prepare yourself for any catastrophe over <url>,16,124,3,0,2,0,0,0.09774436090225563,0,0,0
<hashtag> bakeoffriends the one with the mudslide,7,49,1,0,0,0,0,0.07317073170731707,0,0,0
nah but srsly b <num> u demolish ur partner s face amp start dribbling up their nostrils stop amp ask urself whether its really worth the embarrassment,27,151,0,0,0,0,0,0.006756756756756757,0,0,0
tomorrow is the day we start armageddon <hashtag> preseasonworkouts ??,10,70,1,0,0,0,4,0.015873015873015872,0,0,0
i love the body shop s bags?? <hashtag> cutekitten <hashtag> catsofinstagram <hashtag> summerinsweden <hashtag> katt <hashtag> katterp instagram <hashtag> dumle <hashtag> dagens <url>,23,183,7,0,1,0,2,0.041666666666666664,0,0,0
just in <hashtag> kenya several buildings are reported to be on fire close to dam estate <hashtag> langata at <num> <num> pm,22,124,2,0,0,0,0,0.0,0,1,1
still blazing ??,3,16,0,0,0,0,4,0.05555555555555555,0,0,0
<user> have you been held hostage?,6,34,0,1,0,0,1,0.023255813953488372,0,0,0
<user> is w rec k league ball <user> is olympic level body bagging him like his career was nothing <hashtag> trollingtilmeekdiss,21,128,1,2,0,0,0,0.040983606557377046,0,0,0
good that the police are taking care of this and also have extra security <hashtag> harrybecareful,16,98,1,0,0,0,0,0.044444444444444446,0,0,0
that moment when ur about to win a mini uhc and than get blown up by a creeper and get kicked for flying so salty rn !!??,27,121,0,0,0,3,2,0.015503875968992248,1,0,0
disinfo warfighting robots could reduce civilian casualties so calling for a ban now is <url> <hashtag> criticalmedia,17,117,1,0,1,0,0,0.1111111111111111,0,0,1
the debris found on reunion island was from flight <hashtag> mh <num> the mystery behind that plane disappearance could be better than any novel,24,144,1,0,0,0,0,0.04477611940298507,0,0,1
eggs desolate,2,13,0,0,0,0,0,0.0,0,0,0
imagine having kp and root we d demolish everyone,9,49,0,0,0,0,0,0.1509433962264151,0,0,0
trafford centre film fans angry after odeon cinema evacuated following false fire alarm <url> <url>,15,99,0,0,2,0,0,0.09022556390977443,0,1,1
<user> koreans are performing hijacking of the tokyo olympic games <url>,11,72,0,1,1,0,0,0.14285714285714285,0,0,1
us navy sidelines <num> newest <hashtag> subs <url>,8,51,1,0,1,0,0,0.2,0,0,0
bin laden family plane crashed after avoiding microlight and landing too far down runway three members of t <url>,19,113,0,0,1,0,0,0.04411764705882353,0,0,1
china s stock market crash this summer has sparked interest from bargain hunters and bulls betting on a rebound d <url>,21,119,0,0,1,0,0,0.028169014084507043,0,0,0
cnn tennessee movie theater shooting suspect killed by police <url>,10,67,0,0,1,0,0,0.11764705882352941,0,0,1
i peeped you frontin i was in the jeep sunk in the seat tinted with heat beats bumpin,18,85,0,0,0,0,0,0.02247191011235955,0,0,0
gonna call up tomorrow with the aul emergency dental appointment excuse just like the whole tooth falling out incident of last year,22,131,0,0,0,0,0,0.007518796992481203,0,0,1
when your heart is bigger than the obstacles in front of you <hashtag> euro <hashtag> dontexpectnothing <hashtag> july <hashtag> fire <user>,21,140,4,1,0,0,0,0.009615384615384616,0,1,0
<hashtag> myanmar displaced <hashtag> rohingya at <hashtag> sittwe point of no return <url> <hashtag> prison like conditions <hashtag> genocide ihhen msf refugees,22,162,5,0,1,0,0,0.10294117647058823,0,0,1
c <num> specially modified to land in a stadium and rescue hostages in iran in <num> submitt <url> <hashtag> aviationaddicts,20,124,1,0,1,0,0,0.051470588235294115,0,0,1
suicide bombing at location named <hashtag> premonitions <url>,8,62,1,0,1,0,0,0.09090909090909091,0,0,1
oun cancels severe thunderstorm warning for lincoln logan oklahoma ok <url> <hashtag> wx,13,88,1,0,1,0,0,0.18181818181818182,0,0,1
<user> another shooting in a movie theater this is getting more crazier but i m glad they got the shooter amp no casualties,23,123,0,1,0,0,0,0.022556390977443608,0,0,1
<user> fortunately i reworked the plumbing on my emergency chemical shower to draw from the glitter pipe for just such an occasion,22,130,0,1,0,0,0,0.014814814814814815,0,0,0
chances are many of us are still digging out from that catastrophe this is why wow needs to evolve this is why it can t be vanilla anymore,28,138,0,0,0,0,0,0.12142857142857143,0,0,1
longest streak of triple digit heat since <num> forecast in dallas <url> <url>,13,78,0,0,2,0,0,0.13513513513513514,0,0,1
i added a video to a <user> playlist <url> world of tanks battle assistant mod bat chat arti kaboom,19,99,0,1,1,0,0,0.11666666666666667,0,0,0
am i hearing thunder or trucks?,6,31,0,0,0,0,1,0.06451612903225806,0,0,0
honestly tho modibo maiga is stealing a living fuck all about him im past my best but still more of a danger than that fucktard <hashtag> coyi,27,142,1,0,0,0,0,0.021897810218978103,0,0,1
ink entertainment addresses veld evacuation and refund status <url> <hashtag> trc via <user>,13,92,1,1,1,0,0,0.19230769230769232,0,1,0
new crime knowing your rights punishable by death,8,49,0,0,0,0,0,0.0392156862745098,0,0,0
today august <num> th is the <num> th anniversary of a bomb little boy been dropped on hiroshima <num> killed outright as the city was flattened,26,144,0,0,0,0,0,0.050359712230215826,0,0,1
pakistan says army helicopter has crashed in country s restive northwest killing at least <num> <url>,16,101,0,0,1,0,0,0.07017543859649122,0,0,1
army sources say <num> persons on board including a team of doctors die in helicopter crashed near mansehra weather seems to be cause of crash,25,142,0,0,0,0,0,0.014285714285714285,0,0,1
learning from the legacy of a catastrophic eruption the new yorker <url>,12,72,0,0,1,0,0,0.0989010989010989,0,0,1
tomorrow s evening commute receives a red light a rainstorm impacting the region will push it s way in late evening <url>,22,121,0,0,1,0,0,0.11428571428571428,0,0,1
<user> you literally almost had a head on collision with us today on pilot knob,15,79,0,1,0,0,0,0.012048192771084338,0,0,1
heavy smoke pouring out of buildings on fire in port coquitlam <url> <url>,13,74,0,0,2,0,0,0.09259259259259259,0,1,1
motorcyclist bicyclist injured in denver collision on broadway at least two people were taken to a local <url>,18,110,0,0,1,0,0,0.061068702290076333,0,1,1
and here i was complaining about phoenix mode in fire emblem turns out ray gigant will have a difficulty option where you take <num> damage,25,139,0,0,0,0,0,0.06474820143884892,0,1,0
some older native australians believe that the oceans were created from the urine of an angry god who tried to drown the world,23,126,0,0,0,0,0,0.023622047244094488,0,0,0
somebody get the doctor i m feelin pretty poor somebody get the stretcher before i hit the floor,18,96,0,0,0,0,0,0.04081632653061224,0,0,0
mourning notices for stabbing arson victims stir politics of grief in israel <url>,13,82,0,0,1,0,0,0.047619047619047616,0,0,1
i m not gonna lie i m kinda ready to attack my senior year ??,15,61,0,0,0,0,10,0.043478260869565216,0,0,0
oh shit its rly sheeting aand there s the thunder and lightning i missed summer storms,16,86,0,0,0,0,0,0.03333333333333333,0,0,1
<num> year old boy charged with manslaughter of toddler report an <num> year old boy has been charged with manslaughter over the fatal sh,24,137,0,0,0,0,0,0.0661764705882353,0,0,1
the pain of those seconds must have been awful as her heart burst and her lungs collapsed and there was no air and,23,114,0,0,0,0,0,0.008264462809917356,0,0,1
<user> <user> hill hill mountain volcano of hell mountain hill hil,11,66,0,2,0,0,0,0.06097560975609756,0,0,1
us navy sidelines <num> newest subs <url>,7,41,0,0,1,0,0,0.14814814814814814,0,0,0
<user> i m going to put the ffvii ones out at the weekend so i think pandemonium! don t forget the exclamation mark would be midweek,26,132,0,1,0,1,0,0.08088235294117647,0,0,0
<user> i knew mo not doing much would bite us he was influenced by that shitty staff and injuries are not acquisitions,22,118,0,1,0,0,0,0.024193548387096774,0,0,0
rappers stop sampling police sirens and start sampling whale song ??,11,68,0,0,0,0,4,0.014285714285714285,0,0,0
cooler than freddie jackson sippin a milkshake in a snowstorm,10,61,0,0,0,0,0,0.046875,0,0,0
path of obliteration back from the dead story by <user> <user> <url>,12,68,0,2,1,0,0,0.13725490196078433,0,1,1
it s time to do away with drought check out how the <hashtag> cloud <hashtag> iot are helping conserve water <url>,21,114,2,0,1,0,0,0.06956521739130435,0,0,1
ignition knock detonation sensor knock sensor delphi as <num> <url> <url>,11,73,0,0,2,0,0,0.26851851851851855,0,0,0
strong thunderstorm <num> miles east of pickens moving ne at <num> mph pea size hail and wind gusts up to <num> mph <hashtag> scwx <url>,25,136,1,0,1,0,0,0.17391304347826086,0,0,1
breaking authorities respond to ocean fire <url>,7,48,0,0,1,0,0,0.16666666666666666,0,1,1
sadly the tent fly did not survive this hailstorm and now i have tears in the roof and water in the tent only <url>,24,115,0,0,1,0,0,0.043795620437956206,0,0,1
do you feel like you are sinking in unhappiness? take the quiz <url> <url>,14,74,0,0,2,0,1,0.10091743119266056,0,0,0
<hashtag> lomasvisto thousands of hipsters feared lost giant sinkhole devours brooklyn intersectio <url> <hashtag> cadenadeseguidores,15,133,2,0,1,0,0,0.3088235294117647,0,0,1
weapons twin knives <hashtag> ojoubot,5,37,1,0,0,0,0,0.1724137931034483,0,0,0
ml <num> <num> sicily italy <url> <hashtag> euroquake,8,53,1,0,1,0,0,0.24528301886792453,0,0,0
inec office in abia set ablaze <url>,7,36,0,0,1,0,0,0.18181818181818182,0,0,1
very glad that you got obliterated in x men first class you fully deserved it after all <user> soz,19,98,0,1,0,0,0,0.057692307692307696,0,0,0
<user> arrest report affiliation with terrorism,6,47,0,1,0,0,0,0.09433962264150944,0,0,1
solano sr <num> skaggs island rd trfc collision <num> enrt <url>,11,64,0,0,1,0,0,0.18292682926829268,0,0,1
drowning acrylic <num> <num> <num> <url>,6,40,0,0,1,0,0,0.16981132075471697,0,0,1
<user> everyone is setting flames upon me,7,41,0,1,0,0,0,0.04,0,0,0
imagine a school where suicide bombing is being taught the teachers would say to the students please pay <url>,19,110,0,0,1,0,0,0.06666666666666667,0,0,1
i m that traumatised that i can t even spell properly! excuse the typos!,14,72,0,0,0,2,0,0.041666666666666664,0,0,0
<user> no passengers were on the derailed train but the who morning commute is fcked go home,17,92,0,1,0,0,0,0.04854368932038835,0,0,1
<hashtag> news <hashtag> science london warship exploded in <num> because sailors were recycling artillery cartridges <url> <hashtag> life <hashtag> tech,20,153,4,0,1,0,0,0.04411764705882353,0,0,1
route complex am fire update route complex wildfire fire update route complex thursday morning aug <url> <hashtag> cafire,18,121,1,0,1,0,0,0.3088235294117647,0,1,1
severe thunderstorms and flash flooding possible in the mid south and midwest <url> <hashtag> weather <hashtag> environment <hashtag> climate <hashtag> nature,21,158,4,0,1,0,0,0.30935251798561153,0,0,1
uae cool to mideast heat wave rain watch latest video ncms issues warning of thundering rain poor visibility <url>,19,114,0,0,1,0,0,0.07246376811594203,0,0,1
i wrecked my stomach help,5,25,0,0,0,0,0,0.04,0,0,0
holy crap <user> my phone just exploded haha,8,44,0,1,0,0,0,0.038461538461538464,0,0,0
i should probably stay away from hot glue guns i burned one finger pretty bad,15,77,0,0,0,0,0,0.02531645569620253,0,0,0
c <num> specially modified to land in a stadium and rescue hostages in iran in <num> <url> <url>,18,96,0,0,2,0,0,0.07086614173228346,0,0,1
fatal attraction,2,16,0,0,0,0,0,0.0,0,0,0
<user> <user> what a disaster can t say i m surprised,11,53,0,2,0,0,0,0.16666666666666666,0,0,0
domain other sophistication be annihilated closely up to the minute feat zrnf,12,77,0,0,0,0,0,0.038461538461538464,0,0,0
fedex no longer to transport bioterror germs in wake of anthrax lab mishaps <url>,14,81,0,0,1,0,0,0.061224489795918366,0,0,0
<user> ante hudhud cyclone chandrababu valle ne ante ga?,9,56,0,1,0,0,1,0.04918032786885246,0,0,1
i entered to <hashtag> win the entire set of butterlondon lip crayons via <user> go enter! <hashtag> bbloggers <url>,19,116,2,1,1,1,0,0.1652892561983471,0,0,0
dk eyewitness travel guide chicago by dorling kindersley publishing staff travel books ebay auctions you s <url>,17,112,0,0,1,0,0,0.10869565217391304,0,0,0
i have been bleeding into this typewriter all day but so far all i ve written is a bunch of gunk,21,96,0,0,0,0,0,0.020618556701030927,0,0,0
<num> <user> faculty members pushing university to overturn ban of trauma center protesters <url> <url>,15,103,0,1,2,0,0,0.058394160583941604,0,0,1
senator alarmed by reports u s military families harassed a u s senator said on wednesday he was alarmed by <url>,21,113,0,0,1,0,0,0.08695652173913043,0,0,1
woodlawn shooting wounds <num> year old woman teen woodlawn <url> chicago <url>,12,79,0,0,2,0,0,0.15789473684210525,0,0,1
anyway the old lady went on i have something to ask of you and you alone the coming tsunami <url>,20,97,0,0,1,0,0,0.18181818181818182,0,0,0
on the <num> nd year the officer team running the club collapsed a few influential members betrayed everyone s trust severing the community,23,139,0,0,0,0,0,0.014705882352941176,0,0,0
drake spokes rep for the raptors beg to differ the other night when shots rang out at musik wasn t a goodlook running in panic no fun,27,133,0,0,0,0,0,0.03007518796992481,0,0,0
the latest more homes razed by northern california wildfire abc news <url>,12,74,0,0,1,0,0,0.14893617021276595,0,0,1
<user> he still has his beard has he been visited by any <num> while in prison? if he keeps that hideous beard electrocute him! <hashtag> uglypeople,26,148,1,1,0,1,1,0.04316546762589928,0,0,1
black eye <num> a space battle occurred at star o <num> involving <num> fleets totaling <num> ships with <num> destroyed,20,120,0,0,0,0,0,0.04716981132075472,0,0,0
<hashtag> hot funtenna hijacking computers to send data as sound waves black hat <num> <url> <hashtag> prebreak <hashtag> best,19,126,3,0,1,0,0,0.06722689075630252,0,0,0
how much would it cost to have some fat displaced? asking for a friend,14,70,0,0,0,0,1,0.028169014084507043,0,0,0
i pledge allegiance to the p o p e and the burning buildings of epic city ??,17,76,0,0,0,0,6,0.18292682926829268,0,0,1
this friday!! club vault <num> rd floor epicentre <url>,9,55,0,0,1,3,0,0.1323529411764706,1,0,0
<user> i ve come to the realization that i just don t have the attention span for mass battle games both painting and playing,24,125,0,1,0,0,0,0.043795620437956206,0,0,0
i liked a <user> video <url> lexi belle for oklahoma tornado victims,12,68,0,1,1,0,0,0.12643678160919541,0,0,1
<user> just watching the streams was bad i don t think i could actually walk in there i d panic and get sick,23,108,0,1,0,0,0,0.02631578947368421,0,0,1
ah mazing story of the power animal rescuers have! a starving homeless dog with no future was rescued by a person <url>,22,119,0,0,1,1,0,0.02877697841726619,0,0,1
wowo <num> nigerian refugees repatriated from cameroon,7,54,0,0,0,0,0,0.03389830508474576,0,0,0
going back to gainesville will be the death of me,10,49,0,0,0,0,0,0.04081632653061224,0,0,1
rt notexplained the only known image of infamous hijacker d b cooper <url>,13,74,0,0,1,0,0,0.13829787234042554,0,0,1
<user> <user> <user> how do you self inflict a wound to your side and blunt force trauma not consistent with fall dimensions?!,22,126,0,3,0,1,1,0.05714285714285714,0,0,0
usgs eq m <num> <num> <num> km e of anchorage alaska time <num> <num> <num> <num> <num> <num> utc <num> <num> <num> <num> <num> <num> <num> <num> <url> <hashtag> earthquake,30,172,1,0,1,0,0,0.14814814814814814,0,1,1
shouout to <user> cause her vocals are blazing hot like the weather shes in,14,75,0,1,0,0,0,0.7088607594936709,0,0,0
how the west was burned thousands of wildfires ablaze in california alone <url>,13,79,0,0,1,0,0,0.07216494845360824,0,0,1
mh <num> reunion debris is from missing malaysia flight <url>,10,61,0,0,1,0,0,0.11842105263157894,0,0,1
fuck nuclear weapon,3,19,0,0,0,0,0,0.8947368421052632,0,0,0
nearly <num> years after their release from captivity legislation is being introduced in congress to compensate <num> <url>,18,123,0,0,1,0,0,0.058394160583941604,0,0,0
aircraft debris found on island is from mh <num> malaysia confirms <url>,12,72,0,0,1,0,0,0.10465116279069768,0,0,1
wreckage conclusively confirmed as from mh <num> malaysia pm investigators and the families of those who were <url>,18,115,0,0,1,0,0,0.09558823529411764,0,0,1
to ouvindo sleeping with sirens awn,6,35,0,0,0,0,0,0.02857142857142857,0,0,0
i d like to think i m photogenic but every time i see a pic with me in it i just think to myself gosh what a disaster xd,29,120,0,0,0,0,0,0.040983606557377046,0,0,0
lool who the bloody hell did that?? <url>,8,41,0,0,1,0,2,0.2714285714285714,0,0,0
i get to smoke my shit in peace,8,31,0,0,0,0,0,0.03225806451612903,0,0,1
<user> more like coffee and noodles burned,7,42,0,1,0,0,0,0.019230769230769232,0,0,0
patrick roy <num> <num> upper deck spx <hashtag> <num> finite <num> made colorado avalanche mint <url> <url>,17,108,1,0,2,0,0,0.47619047619047616,0,0,0
<user> ty for the follow go to <url> brutally abused desolate amp lost her lovely mum dies is it murder?,20,104,0,1,1,0,1,0.3969465648854962,0,0,0
there s a storm over cairo in the latest x men apocalypse set photo <url> via <user>,17,84,0,1,1,0,0,0.12264150943396226,0,0,1
mygc broken powerlines evacuate gold coast tram suspend services <url>,10,70,0,0,1,0,0,0.07954545454545454,0,0,1
road closures remain in effect due to hazard trees falling tree torching and uphill runs of the fire forest service road <hashtag> <num> remains close,25,150,1,0,0,0,0,0.028985507246376812,0,1,1
<user> mass murder here we come,6,31,0,1,0,0,0,0.05128205128205128,0,0,1
<url> rascal flatts riot tour atlantic city beach concert august <num> <num> <num> tickets <url>,15,96,0,0,2,0,0,0.13934426229508196,0,0,0
without an ally near you can t use this skill how did you get hired? really cause it s making every riot staff member look incompetent,26,134,0,0,0,0,1,0.028985507246376812,0,0,0
ctd arrest three vital criminals from orangi karachi counter terrorism department ctd of the sindh police <url>,17,111,0,0,1,0,0,0.14705882352941177,0,0,1
the summer program i worked for went the city pool we had to evacuate because one of my kids left a surprise <user> <hashtag> worstsummerjob,25,140,1,1,0,0,0,0.036231884057971016,0,0,0
that s it val is dead im suing,8,30,0,0,0,0,0,0.0,0,1,1
i added a video to a <user> playlist <url> nicki minaj up in flames official video,16,82,0,1,1,0,0,0.14285714285714285,0,0,0
so i guess no one actually wants any free aftershock tc,11,55,0,0,0,0,0,0.06666666666666667,0,0,0
q why do ducks have big flat feet? a to stamp out forest fires q why do elephants have big flat feet? a to stamp out flaming ducks,28,130,0,0,0,0,2,0.058823529411764705,0,0,0
<user> <user> the thirst has no curfew ?? <user>,9,48,0,3,0,0,12,0.10126582278481013,0,0,0
two giant cranes holding a bridge collapse into nearby homes <url>,11,66,0,0,1,0,0,0.04819277108433735,0,1,1
beach reads in august <hashtag> giveaway hop amp <user> is giving away any book in mayhem series! <url>,18,103,1,1,1,1,0,0.11570247933884298,0,0,0
time to obliterate this sin!,5,28,0,0,0,1,0,0.03571428571428571,0,0,0
bush fires are scary even scarier when you go down and fight them,13,65,0,0,0,0,0,0.029411764705882353,0,0,1
destroy the free fandom honestly,5,32,0,0,0,0,0,0.0,0,0,1
<user> want to burst into flames! anna hugged him tightly,10,57,0,1,0,1,0,0.057971014492753624,0,0,0
<user> <user> like shedid on <num> <num> <num> the public facts i am not a journalist the bush s washard on stopping more than just terrorist,26,141,0,2,0,0,0,0.02857142857142857,0,0,1
evacuation advisory for swayback ridge area voluntary inciweb mad river complex announcement <url> <hashtag> wildfires <hashtag> calfires,17,137,2,0,1,0,0,0.10948905109489052,0,1,1
<user> hi david in <num> i saw the usa walk into a war that destroyed the lives of millions you can prevent a repeat <hashtag> irandeal,26,135,1,1,0,0,0,0.08270676691729323,0,0,1
twilight s encore wounded hearts book <num> by jacquie biggar <url> via <user> <hashtag> kindlecountdown <hashtag> sale <hashtag> mfrwauthor <hashtag> mgtab,21,156,4,1,1,0,0,0.17647058823529413,0,0,0
watch sarah palin obliterate planned parenthood for targeting minority women! bb <num> sp <url>,14,95,0,0,1,1,0,0.23636363636363636,0,0,0
reasons i should have gone to warped today tony played issues showed up sleeping w sirens played attila is there issues issues issues,23,133,0,0,0,0,0,0.022388059701492536,0,0,1
update more from bend fd on how a natural gas line cut prompted evacuation of the main post office this afternoon <url>,22,119,0,0,1,0,0,0.08029197080291971,0,1,1
<user> happy birthday young blood,5,33,0,1,0,0,0,0.0,0,0,0
gns sees unnecessary deaths resulting from earthquake strengthening legislation <url>,10,85,0,0,1,0,0,0.08490566037735849,0,1,1
two jewish terrorists charged in historic church arson the ugly truth <url> <url>,13,81,0,0,2,0,0,0.17094017094017094,0,0,0
turning rubble from disasters into lego bricks you can build houses with this one belongs in <hashtag> crazyideascollege <url>,19,126,1,0,1,0,0,0.036231884057971016,0,0,0
the adventures of mineness <hashtag> <num> the famine is over <url>,11,67,1,0,1,0,0,0.1643835616438356,0,0,1
morgan silver dollar <num> p ch gem bu pl blazing ms satin rare proof like! full re <url> <url>,19,95,0,0,2,1,0,0.17985611510791366,0,0,0
collection of articals and video of west coast wild fires by <user> <url>,13,73,0,1,1,0,0,0.19318181818181818,0,0,1
saving babies from burning buildings soaking cake in a shit tonne of alcohol mat is a man after my own heart ?? <hashtag> gbbo,24,126,1,0,0,0,2,0.03418803418803419,0,0,0
disillusioned lead character check happy go lucky free spirit girl check dream life crushed check great music check all crowe tropes intact,22,139,0,0,0,0,0,0.07142857142857142,0,0,0
<user> best grill u fkn pleb,6,28,0,1,0,0,0,0.02857142857142857,0,0,0
as california fires rage forest service sounds the alarm about sharply rising wildfire costs <url> <url>,16,104,0,0,2,0,0,0.06521739130434782,0,0,1
take this china get demolished and sent back to the fucking stone age,13,69,0,0,0,0,0,0.028985507246376812,0,0,0
severe weather bulletin no <num> for typhoon <hashtag> hannaph soudelor tropical cyclone warning issued at <num> <num> pm <num> <url>,20,133,1,0,1,0,0,0.5448275862068965,0,0,1
<user> we know who u are you re a bleeding heart wannabe pickup artist,14,70,0,1,0,0,0,0.039473684210526314,0,0,0
it was a queer sultry summer the summer they electrocuted the rosenbergs and i didn t know what i was doing in new york,24,119,0,0,0,0,0,0.05,0,0,0
<num> ir icemoon aftershock <url> <user> <hashtag> dubstep <hashtag> trapmusic <hashtag> dnb <hashtag> edm <hashtag> dance <hashtag> ices <url>,19,143,6,1,2,0,0,0.2753623188405797,0,0,0
<user> just saw a bomb squad car heading north on elliott with sirens on any word on where they re headed??,21,107,0,1,0,0,2,0.07758620689655173,0,0,1
we want to see no more hiroshima and nagasaki nuclear bomb disaster in this beautiful world lets be peaceful amp save this human civilization,24,141,0,0,0,0,0,0.027777777777777776,0,0,1
camping in a war zone with roving raccoons toughens city slicker <url>,12,70,0,0,1,0,0,0.04597701149425287,0,0,0
u s national park services tonto national forest stop the annihilation of the salt river wild horse <url> via <user>,20,116,0,1,1,0,0,0.1223021582733813,0,0,0
amazon prime day <num> quick takeaways from amazon s magnificent train wreck <url>,13,82,0,0,1,0,0,0.10891089108910891,0,0,0
<user> <user> d what? that s a tragedy you have a wonderful nose,13,64,0,2,0,0,1,0.07407407407407407,0,0,0
rt <user> <hashtag> love <hashtag> truelove <hashtag> romance lith <hashtag> voodoo <hashtag> seduction <hashtag> astrology <hashtag> rtrrt <hashtag> lotz <num> <num> <hashtag> apocalypse <hashtag> armageddon <hashtag> <num> pla,28,228,11,1,0,0,0,0.13533834586466165,0,0,0
medieval upheaval hardy boys the secret files book <num> franklin w dixon aladdin kindle edition <url>,16,102,0,0,1,0,0,0.144,0,0,0
even then our words slip and souls coincide finer than subatomic spells just as we collide <url>,17,96,0,0,1,0,0,0.05309734513274336,0,0,0
us govt refuses to evacuate <num> s of americans from yemen <url> <hashtag> yemen <hashtag> usa <hashtag> evacuation <hashtag> abandoned,20,136,4,0,1,0,0,0.08620689655172414,0,1,1
crews were out all day boarding up windows at the park at the galleria apts where fire displaced <num> this am <url>,22,116,0,0,1,0,0,0.07575757575757576,0,1,1
<user> w ugliness due <num> your ugly <user> frat s bioterrorismi m she who s <user> id u tolewant g another in my home <user>,25,126,0,4,0,0,0,0.2391304347826087,0,0,1
update <num> of the <num> mac pros my company bought in may have had catastrophe failures requiring repair!,18,107,0,0,0,1,0,0.09,0,0,1
<hashtag> world fears over missing migrants in med rescuers search for survivors after a boat carrying as many a <url> <hashtag> news,22,133,2,0,1,0,0,0.058823529411764705,0,0,1
?? <hashtag> krefeld the incident happened in a chemical industry park! emergency operations underway! a building reportly collapsed! <user> <user>,20,147,1,2,0,3,4,0.02112676056338028,0,0,1
<hashtag> news cramer iger s <num> words that wrecked disney s stock <url> <hashtag> til now <hashtag> cnbc,18,107,3,0,1,0,0,0.11702127659574468,0,0,0
marley brinx gives a striptease and then spreads her legs for a pussy pounding <url> view and download video,19,108,0,0,1,0,0,0.032,0,0,0
why is <hashtag> gop blocking chance for <hashtag> disabledveterans w groin injuries to have children? <hashtag> thepartyofmeanness <url>,18,137,3,0,1,0,1,0.0916030534351145,0,0,0
when your body s like go to fuck to sleep sami and your mind s like make an emergency plan for every natural disaster go,25,120,0,0,0,0,0,0.03225806451612903,0,0,1
world of warships makes me mad sometimes but it s soo satisfying when you cross the t on a battleship and just obliterate it,24,124,0,0,0,0,0,0.015873015873015872,0,0,0
general news demolition of houses on waterways begins at achimota mile <num> via <user> full story at <url>,18,107,0,1,1,0,0,0.072992700729927,0,0,0
<hashtag> bioterrorism authorities allay <hashtag> glanders fears ahead of rio olympic equestrian test event <url> via <user>,17,125,2,1,1,0,0,0.08461538461538462,0,0,1
new level of tita dom bowling injury <url>,8,42,0,0,1,0,0,0.06557377049180328,0,0,0
families to sue over legionnaires more than <num> families affected by the fatal outbreak of legionnaires disea <url>,18,117,0,0,1,0,0,0.058823529411764705,0,0,1
sa mp steel and ferrochrome industry on verge of collapse you don t even put that on list of questions to president for oral answer,25,131,0,0,0,0,0,0.045112781954887216,0,1,0
summer <hashtag> summervibes <hashtag> california <hashtag> puppy <hashtag> pitmix <hashtag> rescued <hashtag> brixton <hashtag> banksy <hashtag> happy <hashtag> mybabies <url>,20,176,9,0,1,0,0,0.05309734513274336,0,0,0
cultivating joy in the face of catastrophe and suffering <url> <hashtag> pjnet <hashtag> tcot <hashtag> ccot <url>,17,114,3,0,2,0,0,0.14754098360655737,0,0,0
fear has a way of making us see danger where there is none contemplating the logic behind the situation and find the courage to engage it,26,137,0,0,0,0,0,0.014492753623188406,0,0,0
not ready for this heat wave i don t want the sun to come back out i m enjoying this break of cooler temps,24,106,0,0,0,0,0,0.05217391304347826,0,0,1
passengers evacuated amp lanes blocked off as power lines come down over a gold coast tram <user> <url>,18,103,0,1,1,0,0,0.07633587786259542,0,0,1
i drowned in the kiddie pool and i lost my ploppy,11,49,0,0,0,0,0,0.0,0,0,0
do you feel like you are sinking in unhappiness? take the quiz <url> <url>,14,74,0,0,2,0,1,0.09174311926605505,0,0,0
rocky fire in northern california swells to <num> acres <num> evacuated <url> portland <hashtag> phoenix <hashtag> miami <hashtag> atlanta <hashtag> casper,21,155,4,0,1,0,0,0.072992700729927,0,1,1
they should name hurricanes with black people names i d be terrified of hurricane shanaynay!,15,92,0,0,0,1,0,0.03225806451612903,0,0,0
lava cakes are my fav,5,21,0,0,0,0,0,0.045454545454545456,0,0,0
red faction armageddon microsoft xbox <num> <num> full read by ebay <url> <url>,13,79,0,0,2,0,0,0.11206896551724138,0,0,0
<hashtag> veterans vet act would ensure every military veteran s access to highest level of emergency care services proper treatmen <hashtag> followme,22,150,2,0,0,0,0,0.0364963503649635,0,0,0
i am a wreck,4,12,0,0,0,0,0,0.08333333333333333,0,0,0
jrowah breaking news! unconfirmed! i just heard a loud bang nearby in what appears to be a blast of wind from my neighbour s ass,25,128,0,0,0,2,0,0.030534351145038167,0,0,1
diageo s ceo stresses that a board revolt at united spirits has not impacted indian operations <url>,17,100,0,0,1,0,0,0.1111111111111111,0,0,0
grace here are damage levels usa style <hashtag> taiwan <hashtag> china <hashtag> world hurricane typhoon ratings categories defined again <url>,20,144,3,0,1,0,0,0.08029197080291971,0,0,1
new nanotech device will be able to target and destroy blood clots <url>,13,72,0,0,1,0,0,0.20224719101123595,0,0,0
pic of <num> yr old pkk suicide bomber who detonated bomb in turkey army trench released <url> <url>,18,100,0,0,2,0,0,0.13846153846153847,0,0,1
<user> it rained some guys tree hit by lightning and some jackholes drove onto flooded streets,16,94,0,1,0,0,0,0.009523809523809525,0,0,1
recap <num> nigerian refugees repatriated from cameroon <url>,8,61,0,0,1,0,0,0.0759493670886076,0,0,1
migrants drown at sea after boat capsizes off <hashtag> libya <url> <url>,12,73,1,0,2,0,0,0.09183673469387756,0,0,1
html <num> beginners crash course <url> <hashtag> course <url>,9,62,1,0,2,0,0,0.1951219512195122,0,0,1
rp said they can see smoke coming from the silo on <num> th street in hartford but no flames,19,92,0,0,0,0,0,0.044444444444444446,0,0,1
my brains going to explode i need to leave this house ill be out smoking packs if you need me,20,93,0,0,0,0,0,0.02127659574468085,0,0,0
<hashtag> hse releases annual workplace facilities data have a look <url> <url>,12,79,1,0,2,0,0,0.12149532710280374,0,0,0
what would your city look like if it had been the subject of the <hashtag> hiroshima bombing? hint devastation <hashtag> beyondthebomb <url>,22,140,2,0,1,0,1,0.07857142857142857,0,0,1
god the <user> are so cocky right now and i love it uribe obliterated that ball then strutted the fuck out of the batters box,25,125,0,1,0,0,0,0.109375,0,0,0
just saw a car on the i <num> fully engulfed in flames hahah,13,60,0,0,0,0,0,0.05263157894736842,0,0,1
baby elephant dies just days after surviving massacre of his family <url>,12,73,0,0,1,0,0,0.07777777777777778,0,0,1
a little concerned about the number of forest fires where i ll be living,14,72,0,0,0,0,0,0.027777777777777776,0,0,1
i hear lightening and see thunder,6,33,0,0,0,0,0,0.030303030303030304,0,0,1
<hashtag> anchorage <hashtag> jobs emergency medicine nurse practitioner healthcare recruitment counselors wasilla ak em <url>,15,126,2,0,1,0,0,0.14074074074074075,0,0,0
<hashtag> sing <hashtag> tsunami beginners <hashtag> computer tutorial <url> everyone wants to learn to build a pc re <url>,19,123,3,0,2,0,0,0.12781954887218044,0,0,0
man selling wild morels at ambleside farmr mart sun mushroom foragesecret is to know what trees they grow under amp best after forest fires,24,139,0,0,0,0,0,0.4647887323943662,0,0,0
people don t want to hear the truth because they don t want their illusions destroyed <hashtag> fn,18,98,1,0,0,0,0,0.031914893617021274,0,0,0
its a tie dye explosion on ig help me im drowning in tie dye,14,60,0,0,0,0,0,0.7704918032786885,0,1,1
gmtty mhtw <num> fnet officials alabama home quarantined over possible ebola case washington times,14,98,0,0,0,0,0,0.0625,0,0,1
<user> i m sort of interested in what fonts they re using,12,57,0,1,0,0,0,0.04411764705882353,0,0,0
pandemonium use to be my fav cd ?? i had to get it <url>,14,56,0,0,1,0,2,0.0821917808219178,0,0,1
enjoying a little golf this summer? take care to avoid injury back and shoulder injuries can happen quickly <url>,19,113,0,0,1,0,1,0.05263157894736842,0,0,1
in <hashtag> islam saving a person is equal in reward to saving all humans! islam is the opposite of terrorism!,20,111,1,0,0,2,0,0.0196078431372549,0,0,0
<user> i wow alright sansa shook her head and blinked rapidly as the new information sunk in i really don t know what,23,117,0,1,0,0,0,0.050724637681159424,0,0,0
<hashtag> bestnaijamade <num> yr old pkk suicide bomber who detonated bomb in <url> bestnaijamade bestnaijamade bestnaijamade be,17,128,1,0,1,0,0,0.06428571428571428,0,0,1
<user> people in sydney woke up to the whole sky being red after a dust storm like unreal,18,89,0,1,0,0,0,0.02040816326530612,0,0,1
catastrophic fallen angel reveillertm macabrelolita i was supposed to write amino acids and i nearly <url>,16,106,0,0,1,0,0,0.05185185185185185,0,0,0
lets collide untill we fill the space ??,8,40,0,0,0,0,2,0.023809523809523808,0,0,0
ashes <num> australia s collapse at trent bridge among worst in history england bundled out australia for <num> <url>,19,117,0,0,1,0,0,0.07246376811594203,0,1,1
oh the usual mass murder and world domination plans over coffee how s your day going?,16,85,0,0,0,0,1,0.034482758620689655,0,0,1
sydney hostage crisis has now been recovered from the airasia wreckage,11,70,0,0,0,0,0,0.04225352112676056,0,0,1
falling asleep to the sounds to thousands of river plate fans in the stadium and a thunderstorm <hashtag> vivaargentina,19,119,1,0,0,0,0,0.04504504504504504,0,0,0
i ve been trying to write a theological short story about a monster living in a sinkhole then i heard about brooklyn <hashtag> accidentalprophecy,24,145,1,0,0,0,0,0.028985507246376812,0,0,0
kids disappear in dust storm in atmospheric aussie thriller <url> rt <user>,12,75,0,1,1,0,0,0.14705882352941177,0,0,1
i saw two great punk bands making original music last week check em out here!! <user> <user> <url>,18,98,0,2,1,2,0,0.13740458015267176,1,0,0
owner of chicago area gay bar admits to arson scheme <url> <hashtag> lgbt,13,73,1,0,1,0,0,0.2345679012345679,0,0,1
the prophet peace be upon him said save yourself from hellfire even if it is by giving half a date in charity,22,109,0,0,0,0,0,0.03508771929824561,0,0,0
black eye <num> a space battle occurred at star o <num> involving <num> fleets totaling <num> ships with <num> destroyed,20,120,0,0,0,0,0,0.04716981132075472,0,0,0
i think this is my plan for retirement check out the weapons of mass instruction! <hashtag> bookmobile <hashtag> libraries <hashtag> reading <url>,22,146,3,0,1,1,0,0.0364963503649635,0,0,0
<user> you re not injured anymore? ??,7,37,0,1,0,0,3,0.0,0,1,0
<user> <user> hi ashayo! i believe there will be vods on youtube after the presentation but there is nothing like seeing it live,23,128,0,2,0,1,0,0.08208955223880597,0,0,1
<user> perhaps you should change you name to yahoo doesn t care are you so inundated with complaints that you cannot respond to me??,24,132,0,1,0,0,2,0.007246376811594203,0,0,0
<user> easy way to look good after the ray rice fiasco that blew up,14,67,0,1,0,0,0,0.05333333333333334,0,0,0
what a wonderful day!,4,21,0,0,0,1,0,0.047619047619047616,0,0,0
<user> thank you ?? now i don t have a city wide curfew ??,14,58,0,1,0,0,6,0.015384615384615385,0,0,0
<user> <user> o line and pass rush rest of roster is stout barring injuries,14,75,0,2,0,0,0,0.08235294117647059,0,0,0
reddit will now quarantine offensive content <url>,7,50,0,0,1,0,0,0.1044776119402985,0,0,0
i am that girl on tv that sadly turns her music up to drown out the noise of her family fighting literally every day,24,116,0,0,0,0,0,0.008620689655172414,0,0,0
flattened thee striker,3,22,0,0,0,0,0,0.045454545454545456,0,0,1
check these out <url> <url> <url> <url> <hashtag> nsfw,9,54,1,0,4,0,0,0.20175438596491227,0,0,0
<user> listen to hurricane,4,26,0,1,0,0,0,0.030303030303030304,0,0,1
refugio oil spill may have been costlier bigger than projected <url>,11,68,0,0,1,0,0,0.047058823529411764,0,0,1
lizard wizard in a blizzard <hashtag> lwb <url>,8,47,1,0,1,0,0,0.14545454545454545,0,0,0
flooding kills <num> displace over one million in pakistan daily news amp analysis <url>,14,88,0,0,1,0,0,0.102803738317757,0,0,1
my woman crush wedneday goes to the beautiful <user> <hashtag> loveyouu <hashtag> aintsheperty <url>,14,100,2,1,1,0,0,0.046296296296296294,0,0,0
<hashtag> thunder outside my house this afternoon <hashtag> gawx ??,10,67,2,0,0,0,18,0.0,0,0,1
large fire burning several buildings causing evacuations in downtown hinton <url>,11,81,0,0,1,0,0,0.04040404040404041,0,1,1
<user> u can t blame it all on coaching management penalties defence or injuries cursed is probably a good way to put it! <hashtag> riders,25,138,1,1,0,1,0,0.007518796992481203,0,0,0
if shantae doesn t get in smash i will destroy my wii u <hashtag> shantaeforsmash <hashtag> shantae <hashtag> shantaehalfgeniehero <hashtag> nintendo <url>,22,155,4,0,1,0,0,0.145985401459854,0,0,0
ford other military very nice m <num> a <num> mutt with matching m <num> trailer full read by ebay <url> <url>,21,110,0,0,2,0,0,0.20588235294117646,0,0,0
california wildfire destroys more homes but crews advance <url> free tool online <url>,13,86,0,0,2,0,0,0.08333333333333333,0,0,1
i thought the loudest goal i ever screamed was higuain s offside goal against germany,15,85,0,0,0,0,0,0.047058823529411764,0,0,0
the way he did me destroyed me,7,30,0,0,0,0,0,0.0,0,0,0
top story <user> couple spend wedding day feeding <num> syrian refugees <url> see more <url>,15,92,0,1,2,0,0,0.125,0,0,0
<user> <user> <user> <user> also are you aware of the casualty estimates for an invasion of japan s home islands?,20,113,0,4,0,0,1,0.051470588235294115,0,0,1
if you go on with this nuclear arms race all you are going to do is make the rubble bounce ? winston churchill,23,110,0,0,0,0,1,0.02654867256637168,0,0,0
<hashtag> news politifiact harry reid s <num> percent of women served planned parenthood claim is a pants on fire lie <url>,21,123,1,0,1,0,0,0.14705882352941177,0,1,0
a whistleblower lawsuit accuses that supervisor of sleeping on the job more than once according to officials <url>,18,114,0,0,1,0,0,0.03731343283582089,0,0,0
what s the police or ambulance number in lesotho? any body know?,12,64,0,0,0,0,2,0.046875,0,0,0
niggas selling weed just so they can smoke amp stay high yall nigga in the way,16,78,0,0,0,0,0,0.20238095238095238,0,0,0
black ops <num> search and destroy gameplay! hunted snd competitive multiplayer <url> via <user>,14,96,0,1,1,1,0,0.30701754385964913,0,0,0
remembering pittsburgh eyewitness history of steel city by len barcousky pb penn <url> <url>,14,92,0,0,2,0,0,0.16666666666666666,0,0,0
remove the <url> and linkury browser hijacker <url> <url>,9,57,0,0,3,0,0,0.12962962962962962,0,0,1
monsoon flooding kills dozens in myanmar prompting calls for help <url>,11,71,0,0,1,0,0,0.14444444444444443,0,0,1
price of vegetables rises on typhoon soudelor concerns <url>,9,60,0,0,1,0,0,0.07792207792207792,0,0,1
thunder??,1,9,0,0,0,0,3,0.1,0,0,0
looking for a <hashtag> defendant <hashtag> catastrophic injury solicitor <hashtag> jobs <url> <url>,13,100,3,0,2,0,0,0.14018691588785046,0,0,0
iraq hashd shaabi theft isis suicide car bomb <url> <hashtag> isis <url>,12,72,1,0,2,0,0,0.23232323232323232,0,0,1
<user> yea bombing <hashtag> pearlharbor not so good of an idea!,11,64,1,1,0,1,0,0.08771929824561403,0,0,1
bad day,2,7,0,0,0,0,0,0.14285714285714285,0,0,0
<num> years after atomic bombs japan still struggles with war past the anniversary of the devastation wrought b <url>,19,117,0,0,1,0,0,0.1111111111111111,0,0,1
reddit will now quarantine offensive content <url>,7,50,0,0,1,0,0,0.16417910447761194,0,0,0
the spread of conflict <hashtag> palmoil has sparked an increase in fires destroying <hashtag> forest throughout <hashtag> indonesia <url>,19,138,3,0,1,0,0,0.0703125,0,0,1
i really wanna brownie batter blizzard ??,7,41,0,0,0,0,2,0.024390243902439025,0,0,0
stockton police are investigating a fatal drive by shooting in north stockton <url>,13,83,0,0,1,0,0,0.0594059405940594,0,0,1
injured barcelona full back alba out of super cup <url>,10,55,0,0,1,0,0,0.125,0,1,0
ykelquiban breaking news! unconfirmed! i just heard a loud bang nearby in what appears to be a blast of wind from my neighbour s ass,25,132,0,0,0,2,0,0.022222222222222223,0,0,0
they say bad things happen for a reason but no wise words gonna stop te bleeding,16,80,0,0,0,0,0,0.0,0,0,0
wreckage conclusively confirmed as from mh <num> malaysia pm investigators and the families of those who were <url>,18,115,0,0,1,0,0,0.09558823529411764,0,0,1
this past week has been an absolute whirlwind athens bound,10,58,0,0,0,0,0,0.03225806451612903,0,0,1
souda leave lady sonia alone or i shall obliterate you <hashtag> kneelbot,12,73,1,0,0,0,0,0.09375,0,0,0
<num> puncture wounds,3,21,0,0,0,0,0,0.0,0,0,0
early wake up call from my sister begging me to come over amp ride w her in the ambulance to the hospital <hashtag> rodkiai,24,123,1,0,0,0,0,0.04310344827586207,0,0,1
colorado movie massacre trial jurors reach verdict on mitigating factors <url> <url>,12,84,0,0,2,0,0,0.07627118644067797,0,0,1
now my nose is bleeding the last one was like <num> years ago,13,61,0,0,0,0,0,0.0,0,0,0
how to remove softenza hijacker? softenza anthelmintic nature book drawing out help sea,13,87,0,0,0,0,1,0.13793103448275862,0,0,0
providence health amp services emergency services supervisor emergency department <hashtag> kodiak ak <url> <hashtag> healthcare <hashtag> job,17,142,3,0,1,0,0,0.13380281690140844,0,0,0
kids are inundated with images and information online and in media and have no way to deconstruct kerri sackville <hashtag> tms <num>,22,133,1,0,0,0,0,0.04918032786885246,0,0,0
<hashtag> dating <hashtag> meet <hashtag> sex hot teen ass exploded by fat cock <url>,14,85,3,0,1,0,0,0.14666666666666667,0,0,0
<user> not everyone can see ignoranceshe is latinoand that is all she can ever benothing morebut an attack dog <num> a hate group gop,24,133,0,1,0,0,0,0.03759398496240601,0,0,0
i feel like death,4,17,0,0,0,0,0,0.058823529411764705,0,0,0
<hashtag> mrrobinson is giving me <hashtag> thesteveharveyshow vibe music teacher looks out for students has crush on girl he went to high school with ??,25,153,2,0,0,0,2,0.051094890510948905,0,0,0
<user> it got derailed outside grimrail depot,7,45,0,1,0,0,0,0.08928571428571429,0,0,1
press play on <user> s new single with m o p to detonate <url>,14,62,0,1,1,0,0,0.1797752808988764,0,0,0
<user> wow where is this? for the rest of the summer i usually have to worry about forest fires calgary is about <num> hours away,25,129,0,1,0,0,1,0.02962962962962963,0,0,1
<user> its a panda trapped in a dogs body,9,41,0,1,0,0,0,0.0784313725490196,0,0,1
maxsys is hiring a <hashtag> demolition <hashtag> workers apply now! <hashtag> halifax <hashtag> jobs <url>,15,107,4,0,1,1,0,0.125,0,0,0
fuck neil go fall off a cliff or something <hashtag> yr ??,12,58,1,0,0,0,6,0.034482758620689655,0,0,0
obama declares disaster for typhoon devastated saipan obama signs disaster declaration for northern marians a <url>,16,115,0,0,1,0,0,0.11764705882352941,0,0,1
i came to kill indians for fun video of smirking and remorseless pakistani killer shows him boasting <url>,18,106,0,0,1,0,0,0.10077519379844961,0,0,1
accident center lane blocked in <hashtag> santaclara on us <num> nb before great america pkwy <hashtag> bayarea <hashtag> traffic <url>,20,135,3,0,1,0,0,0.14634146341463414,0,0,1
whereas jez will obliterate the national debt and give lots of new benefits by simply printing money! genius! <url>,19,115,0,0,1,2,0,0.051094890510948905,0,0,1
wow! he crushed that! <hashtag> edwing <hashtag> bluejays,8,57,2,0,0,2,0,0.2564102564102564,0,0,0
was in a bad ass mood today got on the elevator at school and decided to make explosion noses everytime some one pressed a button ??,26,132,0,0,0,0,2,0.007575757575757576,0,1,0
families to sue over legionnaires more than <num> families affected by the fatal outbreak of legionnaires disease in edinburgh are to,21,133,0,0,0,0,0,0.03676470588235294,0,0,1
<user> lmao well i only know one and ive only had a crush on this one soo,17,73,0,1,0,0,0,0.0,0,0,0
<user> the ferguson riots worked this of this the next time you say rioting doesn t change anything there fixed it for you,23,122,0,1,0,0,0,0.125,0,0,1
obama declares disaster for typhoon devastated saipan obama signs disaster declaration for northern marians a <url>,16,115,0,0,1,0,0,0.11029411764705882,0,0,1
one year on from the sinjar massacre <hashtag> yazidis blast lack of action over hostages <url>,16,95,1,0,1,0,0,0.14563106796116504,0,0,1
new ladies shoulder tote handbag women cross body bag faux leather fashion purse full re <url> <url>,17,100,0,0,2,0,0,0.16546762589928057,0,0,0
typhoon soudelor when will it hit taiwan and how bad will it be? <hashtag> generalnews <url>,16,92,1,0,1,0,1,0.11428571428571428,0,0,1
<num> tix <num> <num> frozen fury xvii los angeles kings v avalanche <num> row aa mgm grand <url>,18,97,0,0,1,0,0,0.2549019607843137,0,0,0
<user> <user> thunder buddys!,4,29,0,2,0,1,0,0.4,0,0,0
tracy blight thank you for following me!!,7,41,0,0,0,2,0,0.07317073170731707,1,0,0
the ashes test match is currently more interesting than stupid congress rioting,12,79,0,0,0,0,0,0.04878048780487805,0,0,1
<hashtag> tbt to that time my best friend and i panicked at the disco <url>,15,75,1,0,1,0,0,0.07058823529411765,0,0,0
how many trains derailed that <user> has to shut down orange blue in most of dc? the avengers made less of a mess <user>,24,120,0,2,0,0,1,0.0390625,0,0,1
fear factory cars official musicvideo <url>,6,43,0,0,1,0,0,0.171875,0,0,0
recap pic of <num> yr old pkk suicide bomber who detonated bomb in turkey army trench released <url>,18,100,0,0,1,0,0,0.09649122807017543,0,0,1
woman s gps app guides rescuers to injured biker in marin county sfgate <url>,14,77,0,0,1,0,0,0.14583333333333334,0,1,1
finnish ministers fennovoima nuclear reactor will go ahead <url> <hashtag> worldnews <hashtag> news <hashtag> breakingnews,15,122,3,0,1,0,0,0.04424778761061947,0,0,1
south side factory where worker electrocuted pays <num> penalty <hashtag> columbus <url>,12,88,1,0,1,0,0,0.08080808080808081,0,0,1
maj muzzamil pilot offr of mi <num> crashed near mansehra today <url>,12,69,0,0,1,0,0,0.11904761904761904,0,0,1
new york city outbreak what is legionnaire s disease? <url>,10,59,0,0,1,0,1,0.17721518987341772,0,0,1
thunderstorms with little rain expected in central california high fire danger <hashtag> weather <hashtag> cawx <url>,16,117,2,0,1,0,0,0.06779661016949153,0,1,1
motorcyclist bicyclist injured in denver collision on broadway <url>,9,68,0,0,1,0,0,0.07058823529411765,0,1,1
death certificates safes weapons and teslas def con <num> <hashtag> security <url>,12,82,1,0,1,0,0,0.17045454545454544,0,0,0
auth louis vuitton brown saumur <num> cross body shoulder bag monogram <num> <num> <num> <num> full read <url> <url>,19,116,0,0,2,0,0,0.460431654676259,0,0,0
in depth the new world of work and how young people businesses and economies are coping with huge upheaval <url> via <user>,22,123,0,1,1,0,0,0.036231884057971016,0,0,0
am bbcnews the ass british insurers says rioting will cost insurers <num> millions but police numbers are reduced by blind fat controllers,22,138,0,0,0,0,0,0.050724637681159424,0,0,1
cleveland heights shaker heights fight blight the house next door <url>,11,71,0,0,1,0,0,0.1348314606741573,0,0,0
<user> <user> <user> <user> <user> <user> still a lot,9,53,0,6,0,0,0,0.08064516129032258,0,0,0
windstorm lastingness perquisite acquiesce in a twister retreat ziuw <url>,10,74,0,0,1,0,0,0.06382978723404255,0,0,1
<user> i completely understand because i just woke up like <num> minutes ago and im burning,16,91,0,1,0,0,0,0.010638297872340425,0,0,0
ted cruz bashes obama comparison gop to iranians shouting death to america <url>,13,80,0,0,1,0,0,0.18181818181818182,0,0,0
reality training train falls off elevated tracks during windstorm <url>,10,71,0,0,1,0,0,0.06741573033707865,0,0,1
rt to ruin <user> s day <url>,7,29,0,1,1,0,0,0.1111111111111111,0,0,0
violent video ukraine rioters brutally beat police storm local admin building we re all fighting back <url>,17,107,0,0,1,0,0,0.18253968253968253,0,0,1
ferno would appreciate if everyone in ems could dust off their engineering degree amp inspect all stretcher components <url>,19,124,0,0,1,0,0,0.09027777777777778,0,0,0
<user> were you marinading it or was it an accident?,10,52,0,1,0,0,1,0.0,0,0,0
i may have gotten a little too exited over my home made lava lamp <url> <url>,16,77,0,0,2,0,0,0.0603448275862069,0,0,0
palestinian teen killed amid protests against arson attack <url>,9,64,0,0,1,0,0,0.13580246913580246,0,0,1
businesses are deluged with invoices make yours stand out with colour or shape and it s likely to rise to the top of t e pay pileq,27,130,0,0,0,0,0,0.015151515151515152,0,0,1
bhavana s mom has crushed everyone s soul,8,41,0,0,0,0,0,0.8292682926829268,0,0,0
obama declares disaster for typhoon devastated saipan obama signs disaster declaration for northern marians a <url>,16,115,0,0,1,0,0,0.08823529411764706,0,0,1
<user> all andre and gore have to do is not fall off the cliff and we re elite on that side of the ball,24,103,0,1,0,0,0,0.07017543859649122,0,0,0
<url> jacksonville family bands together as memorial is planned for toddler who florida <url>,14,93,0,0,2,0,0,0.08823529411764706,0,0,0
what s missing in the <hashtag> asae <num> exhibitor emails? value <url> <hashtag> assnchat,14,91,2,0,1,0,1,0.04597701149425287,0,0,0
fyi accident property damage <num> limestone ln col yellowstone way fieldstone dr <num> <num> <num> <num> <num> <num>,18,117,0,0,0,0,0,0.6372549019607843,0,0,1
once upon a time the fact that i decided to go to university <num> hours away actually sunk in,19,94,0,0,0,0,0,0.022222222222222223,0,0,0
drought fuels bush fires in jamaica <url> <url> <user> <user> re <url>,12,70,0,2,3,0,0,0.1357142857142857,0,0,1
kuala lumpur reuters a piece of a wing that washed up on an indian ocean island beach last week was part of the wreckage of malaysian a,27,135,0,0,0,0,0,0.1223021582733813,0,0,1
<user> whoever is directing these videos needs to grab up nicki minaj or someone with u s recognition so minds can be blown,23,123,0,1,0,0,0,0.03816793893129771,0,0,0
got electrocuted last night at work for the first time in my life shit was weird ??,17,83,0,0,0,0,4,0.0,0,0,0
i m feeling so attacked <url>,6,29,0,0,1,0,0,0.1276595744680851,0,0,0
i don t get waves of missing you anymore they re more like tsunami tides in my eyes,18,83,0,0,0,0,0,0.023255813953488372,0,0,0
dhs refuses to call chattanooga islamic terrorism out of respect for muslims <url> via <user> <url>,16,99,0,1,2,0,0,0.15384615384615385,0,0,1
electric vs gas brewing not wanting to electrocute myself question <url>,11,72,0,0,1,0,0,0.03296703296703297,0,0,0
i attacked robot lvl <num> and i ve earned a total of <num> free satoshis! <url> <hashtag> robotcoingame <hashtag> bitcoin <hashtag> freebitcoin,22,144,3,0,1,1,0,0.09022556390977443,0,0,0
i wish that the earth sea and sky up above would send me someone to lava??,16,74,0,0,0,0,4,0.013157894736842105,0,0,0
mxaa south africans just can t appreciate effort <hashtag> stretcher was not that bad stop hating,16,97,1,0,0,0,0,0.15384615384615385,0,0,0
<user> thus explaining why you were all annihilated but the few or in this case you the only survivor evolved and became godlike,23,128,0,1,0,0,0,0.022388059701492536,0,0,1
<user> let s try to do our best to prevent another outbreak of violence by talking to each other both the people and the politics,25,129,0,1,0,0,0,0.022058823529411766,0,0,1
<user> most welcome! organizing twitter to find the important stuff amongst the deluge! btw loving the music and signed up for the ep!,23,134,0,1,0,3,0,0.07246376811594203,0,0,0
crushed,1,7,0,0,0,0,0,0.14285714285714285,0,0,0
<user> you really have activity directory? p,7,44,0,1,0,0,1,0.10909090909090909,0,0,0
cartoon bears without them we would qave no knowlddge of forest fires or toilet paper,15,85,0,0,0,0,0,0.034482758620689655,0,0,0
cramer <num> words that wrecked dis stock <url>,8,47,0,0,1,0,0,0.12698412698412698,0,0,0
natural lubrication !!<hashtag> metrofmtalk,4,43,1,0,0,11,0,0.09302325581395349,1,0,0
business at the sponge docks washed out by rain flooding <url>,11,62,0,0,1,0,0,0.1,0,0,1
<num> won <num> amp some think possibility of my full transformation is impossible i don t quite like medical mysteries bioterrorism sucks,22,138,0,0,0,0,0,0.09285714285714286,0,0,0
yup still hasn t sunk in ?? <url>,8,33,0,0,1,0,2,0.11320754716981132,0,0,0
my head exploded i swear,5,24,0,0,0,0,0,0.041666666666666664,0,0,0
police officer wounded suspect dead after exchanging shots <url> <hashtag> abc <hashtag> news <hashtag> an <num>,16,112,3,0,1,0,0,0.1717171717171717,0,1,1
elem pomo helping the displaced from the rocky fire please consider! elem evacuation center <url> via <user>,17,108,0,1,1,1,0,0.08527131782945736,0,1,1
i was taught at school in the <num> s that piracy slavery and suicide bombing were purely historical no one then expected them to re occur,26,138,0,0,0,0,0,0.014598540145985401,0,0,1
<user> it s the closest structure to the hypo centre that wasn t completely obliterated,15,87,0,1,0,0,0,0.041666666666666664,0,0,1
education is the most powerful weapon which you can use to change the world nelson <hashtag> mandela <hashtag> quote <url>,20,122,2,0,1,0,0,0.08870967741935484,0,0,0
a river of lava in the sky this evening! it was indeed a beautiful sunset sky tonight <num> <num> <num> <url>,21,109,0,0,1,1,0,0.05084745762711865,0,0,0
our thoughts are with these local residents! time for some heavy rain!! <url>,13,77,0,0,1,4,0,0.06315789473684211,1,0,1
<user> yeah but being fast and doing extremely high damage is what its all about if you want fast then im gonna have to get u the,27,129,0,1,0,0,0,0.014492753623188406,0,0,1
remove the <url> and linkury browser hijacker <url> <url>,9,57,0,0,3,0,0,0.1111111111111111,0,0,0
i just made a weird high pitched noise and then i heard a siren ofnsixjks ??,16,76,0,0,0,0,6,0.025,0,0,0
electricity cant stop scofield nigga survived a hotbox in sona,10,62,0,0,0,0,0,0.09523809523809523,0,0,0
jeep cherokee owners file lawsuit against fiat chrysler harman after hackers the consumerist <url> <hashtag> mcgsecure,16,118,1,0,1,0,0,0.12121212121212122,0,0,0
forestservice rt dhsscitech <hashtag> firefighters run into burning buildings we work on <hashtag> tech t <url> <url>,17,117,2,0,2,0,0,0.07042253521126761,0,0,1
the mv should just be them strutting like they mean it while buildings are burning up in the bg and flames everywhere how cool would that be,27,140,0,0,0,0,0,0.0,0,0,1
if anyone were to harm the boys they would get taken down immediately not by security but by the fans real quick,22,112,0,0,0,0,0,0.8125,0,0,0
<user> re your example low food prices cause farmers to go broke famine next year means simple capitalism failed to feed people gt,23,130,0,1,0,0,0,0.0070921985815602835,0,0,0
me and all my friends could destroy this in <num> hours lmao <url>,13,66,0,0,1,0,0,0.05,0,0,0
yelp bolsters health care reviews with investigative journalism sick and injured patients at a local er are t <url>,19,115,0,0,1,0,0,0.1323529411764706,0,1,1
winnipeg police seek witnesses in arlington and william fatal crash <url>,11,73,0,0,1,0,0,0.07777777777777778,0,0,1
severe thunderstorm warning for oklahoma county until <num> <num> pm <url> <hashtag> okwx,13,89,1,0,1,0,0,0.0989010989010989,0,0,1
mages of fairy tail specialize in property damage! natsu dragneel,10,65,0,0,0,1,0,0.08450704225352113,0,0,0
casualty roleplay somebody please am so bored,7,45,0,0,0,0,0,0.044444444444444446,0,0,0
bitch done blew my shit up,6,26,0,0,0,0,0,0.038461538461538464,0,0,0
<hashtag> irandeal most members of congress who don t want this deal don t have any kids who would b coming home in body bags war makes them money,29,146,1,0,0,0,0,0.028985507246376812,0,0,0
wwii memories plus lessons of hiroshima we still need nuclear weapons <url> <hashtag> denver <hashtag> billings <hashtag> rapidcity <hashtag> seattle <hashtag> cheyenne,22,168,5,0,1,0,0,0.12142857142857143,0,0,1
world war ii book lightning joe an autobiography by general j lawton collins <url> <url>,15,88,0,0,2,0,0,0.22764227642276422,0,0,0
alarming rise in dead marine life since the <hashtag> fukushima nuclear disaster <url> <url>,14,92,1,0,2,0,0,0.13559322033898305,0,1,1
i liked a <user> video <url> mini pony packs a punch live report from the salem county fair on cbs <num> eyewitness,22,115,0,1,1,0,0,0.12307692307692308,0,0,0
hey <hashtag> movietheatre mass murderer wanna be we don t play that shit in the <hashtag> <num> !,18,98,2,0,0,1,0,0.012987012987012988,0,0,1
infected bloody ear piercings are always fun??,7,46,0,0,0,0,2,0.0,0,0,0
i liked a <user> video <url> eminem feat nate dogg till i collapse,13,66,0,1,1,0,0,0.17045454545454544,0,1,0
hey the <hashtag> royals love doing damage with <num> outs,10,58,1,0,0,0,0,0.043478260869565216,0,0,1
i think i just blew up <user> notifications go check her out she s so encouraging to me ?? love her ??,22,102,0,1,0,0,6,0.05357142857142857,0,0,0
<user> hahaha great song spent <num> years getting loaded <num> years till his liver exploded now what s bob going to do now that he,25,132,0,1,0,0,0,0.058394160583941604,0,0,0
<user> ?? no caption needed ?? freshman <url> nigga stacey body bagging niggas! ??,14,82,0,1,1,1,12,0.064,0,0,1
motordom lobbied to change our language around traffic fatalities we need to go back to the future <hashtag> visionzero <url>,20,125,1,0,1,0,0,0.043478260869565216,0,0,0
<user> brings her alabama thunder back to the attic september <num> ! tickets <url>,14,83,0,1,1,1,0,0.19626168224299065,0,0,0
reddit s new content policy shows that maybe reddit can t have it all <url> via <user> <url>,18,92,0,1,2,0,0,0.07142857142857142,0,0,0
airplane crashes on house in colombia <num> people die in accident <url>,12,72,0,0,1,0,0,0.09195402298850575,0,0,1
such beautiful architecture in <hashtag> nyc i love those fire escape routes on the buildings <hashtag> newyork <url>,18,117,2,0,1,0,0,0.0743801652892562,0,1,1
i presume my timeline will be inundated with soggy bottom amp lashings of moist tweets now! d,17,93,0,0,0,1,0,0.019801980198019802,0,0,0
school of seven bells windstorm <url> <hashtag> nowplaying,8,58,1,0,1,0,0,0.10144927536231885,0,0,0
a nightmare on elm street is getting remade again <url>,10,55,0,0,1,0,0,0.189873417721519,0,0,0
<user> france agreed to repay russia for two warships which were never delivered after economic sanctions <url>,17,111,0,1,1,0,0,0.029411764705882353,0,0,0
help me win by having the most shares on my article! a lifetime of fear <url> thanks! <hashtag> blackinamerica <hashtag> growingupblack,21,135,2,0,1,2,0,0.1,0,0,0
screams,1,7,0,0,0,0,0,0.09090909090909091,0,0,0
<user> sets the forest on fire,6,30,0,1,0,0,0,0.0,0,1,1
incident with injury i <num> inner loop exit <num> md <num> georgia ave silver spring,15,85,0,0,0,0,0,0.1,0,0,1
<user> ux fail of emv people want to insert and remove quickly like a gas pump stripe reader <num> person told me it crashed the pos,26,132,0,1,0,0,0,0.05755395683453238,0,0,1
usgs reports a m <num> <num> <hashtag> earthquake <num> km s of volcano hawaii on <num> <num> <num> <num> <num> <num> utc <url> <hashtag> quake,25,143,2,1,1,0,0,0.11818181818181818,0,1,1
i ve been by the pool all day <hashtag> raisinfingers,10,53,1,0,0,0,0,0.022727272727272728,0,0,0
what really happened in the taken king story trailer a space battle that ripped a hole in saturn <user> <user> <url>,21,116,0,2,1,0,0,0.10144927536231885,0,0,0
remember this was a massacre of civilians <hashtag> hiroshima <url>,10,67,1,0,1,0,0,0.039473684210526314,0,0,1
update the gnwt has just issued a voluntary evacuation order for cabin owners at pickerel lake near the reid <url>,20,114,0,0,1,0,0,0.14074074074074075,0,1,1
<hashtag> hot c <num> specially modified to land in a stadium and rescue hostages in iran in <num> <url> <hashtag> prebreak <hashtag> best,23,138,3,0,1,0,0,0.03968253968253968,0,0,0
omfg?? didnt expect drag me down to be the first song pandora played omfg i screamed so loud my coworker is scared <url>,23,120,0,0,1,0,2,0.2302158273381295,0,0,1
messi has tattoos so he can t donate blood ronaldo runs into burning buildings to save dogs <hashtag> respect,19,109,1,0,0,0,0,0.0196078431372549,0,0,1
ay i am fully panicking lol,6,27,0,0,0,0,0,0.07407407407407407,0,0,0
truth <url> <hashtag> news <hashtag> bbc <hashtag> cnn <hashtag> islam <hashtag> truth <hashtag> god <hashtag> isis <hashtag> terrorism <hashtag> quran <hashtag> lies <url>,23,172,10,0,2,0,0,0.225,0,0,1
gaelite <num> explosion greg <num> top <num> rd <num> out <num> balls <num> strikes no one on p <hashtag> <num> morgan orchard b,23,128,1,0,0,0,0,0.10619469026548672,0,1,1
<hashtag> tweet <num> taiji is a dolphin worship group based on superstitions! just take a look at their tweets!,19,112,1,0,0,2,0,0.030927835051546393,0,0,1
<user> discovered by <user> listen buy <user> <hashtag> riot on <user> <user> <url> <hashtag> blowmandyup,15,105,2,5,1,0,0,0.11347517730496454,0,0,0
parents are taking their kids to burning man and one <num> year old thinks it s better than <url>,19,97,0,0,1,0,0,0.06086956521739131,0,0,0
rly tragedy in mp some live to recount horror when i saw coaches of my train plunging into water i called <url>,22,111,0,0,1,0,0,0.10948905109489052,0,0,1
jet fuel cant melt steel the structural failure is illogical the second plane crashing into the building is fake it was a bomb,23,126,0,0,0,0,0,0.029850746268656716,0,0,1
colnharun breaking news! unconfirmed! i just heard a loud bang nearby in what appears to be a blast of wind from my neighbour s ass,25,131,0,0,0,2,0,0.03731343283582089,0,0,0
<user> rspca site multiple <num> story high rise buildings next to low density character residential in an area that floods,20,123,0,1,0,0,0,0.03968253968253968,0,0,0
there s a big storm brewing dark clouds thunder and rain carrying thick dust this could be interesting,18,102,0,0,0,0,0,0.019230769230769232,0,0,1
that exploded amp brought about the beginning of universe matches what s mentioned in the versethe heaven and earth thus the universe,22,133,0,0,0,0,0,0.0072992700729927005,0,0,0
<user> i think also became the marquis! then carlos amp charlie s and finally dublin s sadly demolished,18,103,0,1,0,1,0,0.15384615384615385,0,0,0
that day remember the nuclear weapon power hiroshima <num> th,10,61,0,0,0,0,0,0.03225806451612903,0,0,1
what you gonna do now puppies?! no more destroying my <hashtag> iphone lightning cables! <url>,15,94,1,0,1,2,1,0.07766990291262135,0,0,0
ibrahimmisau faan orders evacuation of abandoned aircraft at mma <url> via twitter <url>,13,88,0,0,2,0,0,0.1349206349206349,0,1,1
only one man tsutomi yamaguchi is said to have survived both atomic bomb blasts at <hashtag> hiroshima and <hashtag> nagasaki <hashtag> otd <url>,23,145,3,0,1,0,0,0.08823529411764706,0,0,1
come out to sandstorm tryouts aug <num> th at lower woodland! ms tryout <num> <num> <num> pm hs tryout <num> <num> <num> pm,23,123,0,0,0,1,0,0.1134020618556701,0,0,1
she looked back amp her daughter amp said everyone loved the picture i posted of you amp like collided into another car like what the,25,133,0,0,0,0,0,0.014184397163120567,0,0,0
with a sinking music video tv career brooke hogan should be thanking her dad for the free publicity although i doubt it will help her,25,133,0,0,0,0,0,0.09558823529411764,0,0,0
treasures revealed as california drought drains lakes <url>,8,59,0,0,1,0,0,0.07894736842105263,0,0,1
owner of chicago area gay bar admits to arson scheme <url> via <user> <hashtag> lgbt,15,84,1,1,1,0,0,0.16831683168316833,0,0,0
major hamayun shaheed pilot of mi <num> heli that crashed in mansehra <url>,13,75,0,0,1,0,0,0.10227272727272728,0,0,1
the prophet peace be upon him said save yourself from hellfire even if it is by giving half a date in charity,22,109,0,0,0,0,0,0.03508771929824561,0,0,0
molecularly targeted cancer therapy for his <hashtag> lungcancer gave rocky his life back <url> <url>,15,101,1,0,2,0,0,0.10236220472440945,0,0,0
new smp ignition knock detonation sensor ks <num> <url> <url>,10,61,0,0,2,0,0,0.2127659574468085,0,0,0
the prophet peace be upon him said save yourself from hellfire even if it is by giving half a date in charity,22,109,0,0,0,0,0,0.03508771929824561,0,0,1
the once desolate valley was transformed into a thriving hub of hi tech business,14,80,0,0,0,0,0,0.012048192771084338,0,0,0
investment news keurig green mountain inc third quarter earnings shares sinking after hours stocks in the new <url>,18,115,0,0,1,0,0,0.2302158273381295,0,0,0
it may seem like our fire has been a little burnt out,12,53,0,0,0,0,0,0.017543859649122806,0,1,0
a <num> year boy scout created a mini nuclear reactor in his home,13,65,0,0,0,0,0,0.04838709677419355,0,0,0
ercjmnea breaking news! unconfirmed! i just heard a loud bang nearby in what appears to be a blast of wind from my neighbour s ass,25,130,0,0,0,2,0,0.03007518796992481,0,0,0
<user> my niece is gaining the ability to stand i m getting prepared for toddler apocalypse armageddon,17,102,0,1,0,0,0,0.028037383177570093,0,0,0
<user> desert storm was an unqualified victory a treaty was signed under clinton the situation only got worse and more violent <hashtag> tcot,23,141,1,1,0,0,0,0.03597122302158273,0,0,1
temptation always leads to destruction,5,38,0,0,0,0,0,0.02631578947368421,0,0,0
i know where to go when the zombies take over!! <url>,11,53,0,0,1,2,0,0.07142857142857142,1,0,0
today was trauma on top of trauma on top of trauma in richmond so i know work is going to be crazy the next two days,26,116,0,0,0,0,0,0.02564102564102564,0,0,0
nc senate follows house on legal action on terrorism damages winston <url>,12,74,0,0,1,0,0,0.08602150537634409,0,0,1
feel like i ve been flattened by a sumo wrestler ?? no pain no gain <hashtag> muaytai <hashtag> wantmyabsback <hashtag> strong ??,22,129,3,0,0,0,8,0.018867924528301886,0,0,0
<user> yep considering that millions of japanese fatalities were projected for downfall <user> <user>,14,101,0,3,0,0,0,0.056451612903225805,0,0,1
russian food crematoria provoke outrage amid crisis famine memories <url>,10,73,0,0,1,0,0,0.05434782608695652,0,0,1
pic of <num> yr old pkk suicide bomber who detonated bomb in turkey army trench released <url>,17,94,0,0,1,0,0,0.08333333333333333,0,0,1
wreckage conclusively confirmed as from mh <num> malaysia pm,9,60,0,0,0,0,0,0.15,0,0,1
<user> sunnis continue to believe they are more righteous and they continually harm shias defeats the ideals of islam,19,117,0,1,0,0,0,0.03225806451612903,0,0,1
my emotions are a train wreck my body is a train wreck i m a wreck,16,66,0,0,0,0,0,0.04411764705882353,0,0,0
rt janenelson <num> rt stephenscifi adaptation watch charlie human s apocalypse now now optioned for film <hashtag> sciencefiction,18,130,1,0,0,0,0,0.25396825396825395,0,0,0
<user> haha traumatised !! hell no i want a job ?? xx,12,53,0,1,0,4,2,0.06349206349206349,1,0,0
smh photographer wolter peeters was on the front line with nsw rural fire service crews la <url> <url>,18,102,0,0,2,0,0,0.1223021582733813,0,1,1
fire truck and ambulance in k <num> phase <num> hope everyone s okay <hashtag> prayforsaipan,15,92,1,0,0,0,0,0.09210526315789473,0,1,1
an optical illusion clouds rolling in over the mountains looks like a tsunami geneva switzerland <url>,16,102,0,0,1,0,0,0.08,0,0,1
dorman <num> <num> ignition knock detonation sensor connector <url> <url>,10,73,0,0,2,0,0,0.18095238095238095,0,0,1
<user> light rain was the forecast i based my dressing on light rain not incessant deluge!,16,90,0,1,0,1,0,0.05714285714285714,0,0,0
i want to go back to vegas for my <num> but i feel like that would be such a disaster lol so much money would need to be brought,29,128,0,0,0,0,0,0.024,0,0,0
three beached whales rescued in kerry <url>,7,43,0,0,1,0,0,0.12903225806451613,0,0,1
all hail shadow hybrid mix feat mike szuter <url> <user> <hashtag> youtube,12,74,2,1,1,0,0,0.11235955056179775,0,0,1
tornadoes el nino may give canada s twister season a boost <hashtag> toronto <url>,14,82,1,0,1,0,0,0.0989010989010989,0,0,1
<user> american tragedy <url>,4,29,0,1,1,0,0,0.22,0,0,1
<user> the weatherit needs to make it minds up first snow tornadoes now would you say a heat wave?,19,98,0,1,0,0,1,0.01904761904761905,0,0,1
ranking <hashtag> artectura <hashtag> pop <num> <hashtag> n <num> florence the machine ship to wreck <url> <hashtag> music <hashtag> playlist <hashtag> youtube,22,159,6,0,1,0,0,0.12096774193548387,0,0,0
suffield alberta accident <url>,4,31,0,0,1,0,0,0.14285714285714285,0,0,1
large ship wreck fish tank ornament for sale large ship wreck fish tank aqua <url>,15,82,0,0,1,0,0,0.6534653465346535,0,0,0
bright amp blazing fireman birthday party <url> <hashtag> weddings,9,66,1,0,1,0,0,0.21052631578947367,0,0,0
<user> <hashtag> prez mr president you are the biggest terrorist and trouble maker in the world you create terrorist you sponsor terrorist,22,138,1,1,0,0,0,0.03007518796992481,0,0,1
the chemical brothers to play the armory in sf tomorrow night! emergency bay area edm announcement the chem <url>,19,113,0,0,1,1,0,0.4782608695652174,0,0,0
this is lara she likes sinking her teeth into my flesh and clawing my arms ?? <url>,17,83,0,0,1,0,6,0.0673076923076923,0,0,0
debris confirmed from mh <num> relatives hope for discovery of crash site <url> via <user> <hashtag> video,17,106,1,1,1,0,0,0.08771929824561403,0,0,1
britney spears gt vegas!! i missed you so much! ?? can t wait for the show tonight ?? <hashtag> pieceofme ?? catastrophe ?? <url>,24,129,1,0,1,3,8,0.08391608391608392,1,0,0
great one time deal on all avalanche music and with purchase get a neal rigga shirt <url>,17,89,0,0,1,0,0,0.09433962264150944,0,0,0
have you read this awesome book yet? the two trillion dollar meltdown <url>,13,75,0,0,1,0,1,0.10638297872340426,0,0,0
<user> i forgot to add the burning buildings and screaming babies,11,65,0,1,0,0,0,0.014492753623188406,0,0,1
obsolete devastation from broad with the ball and root doing it with bat in hand great day <hashtag> ashes <num> <hashtag> engvaus <url>,23,136,2,0,1,0,0,0.14814814814814814,0,0,0
it is freezing in my room amp i erally want to unplug the ac but i don t want to electrocute myelf and die,24,106,0,0,0,0,0,0.027777777777777776,0,0,0
<user> head it hit the wall behind him with a loud bang language! drake shouted at him before getting up i m going out stay,25,123,0,1,0,1,0,0.03676470588235294,0,0,1
<user> mad men,3,14,0,1,0,0,0,0.13043478260869565,0,0,0
<url> twelve feared killed in pakistani air ambulance helicopter crash <url>,11,76,0,0,2,0,0,0.10909090909090909,0,0,1
<user> lol natural disaster hospital crisis something is needed to get rid of some cast members,16,95,0,1,0,0,0,0.009433962264150943,0,0,1
alleged east bay serial arsonist arrested <hashtag> sanfrancisco <url>,9,70,1,0,1,0,0,0.1,0,0,1
my dad a screaming coach always gave his vocal chords quite the workout on the field <url> <hashtag> funnydadcoach,19,114,1,0,1,0,0,0.08130081300813008,0,0,0
<user> a reverse situation lol i don t know <num> <num> ? where us civilian deaths were specifically utilized to make a political,23,129,0,1,0,0,1,0.045112781954887216,0,0,1
<user> the train derailed this morning,6,38,0,1,0,0,0,0.06976744186046512,0,0,1
santa cruz head of the st elizabeth police superintendent lanford salmon has r <url> <url>,15,90,0,0,2,0,0,0.1865671641791045,0,0,0
<user> not that all abortions get you traumatised at times you are okay with the decision due to reasons like rape,21,114,0,1,0,0,0,0.024793388429752067,0,0,0
<user> and is the car that derailed a <num> series by chance they used to have issues w wheel climbing re <num> <num> mt vern sq derailment,27,139,0,1,0,0,0,0.05714285714285714,0,0,1
<user> its not funny im traumatised,6,35,0,1,0,0,0,0.5454545454545454,0,0,0
since the chemical weapons red line warning on <num> august <num> lcc have confirmed that at least <num> people have been killed in <hashtag> syria,25,147,1,0,0,0,0,0.043795620437956206,0,0,1
wfp wfp delivers food to <num> bangladesh flood victims after tropical cyclone komen dhaka the united na <url>,18,110,0,0,1,0,0,0.19708029197080293,0,1,1
hiroshima marks <num> years since bomb <url>,7,44,0,0,1,0,0,0.08620689655172414,0,0,1
currently want to drive my car off a cliff and fall to my death,14,63,0,0,0,0,0,0.015625,0,0,0
watch this airport get swallowed up by a sandstorm in under a minute <url>,14,74,0,0,1,0,0,0.1978021978021978,0,0,1
<hashtag> vaxshill <num> deaths from measles complications in <num> yrs everyone looses their shit <num> dead from legionnaires in a month amp crickets,23,151,1,0,0,0,0,0.007462686567164179,0,1,1
i added a video to a <user> playlist <url> panic! at the disco girls girls boys official video,18,94,0,1,1,1,0,0.23275862068965517,0,0,0
?that horrible sinking feeling when you ve been at home on your phone for a while and you realise its been on <num> g this whole time,27,133,0,0,0,0,1,0.007692307692307693,0,0,0
<hashtag> foodscare <hashtag> offers <num> go <hashtag> nestleindia slips into loss after <hashtag> magginoodle <hashtag> ban unsafe and hazardous for <hashtag> humanconsumption,22,177,6,0,0,0,0,0.02564102564102564,0,0,0
so the ahamedis think the messiah had already come <num> years ago? where is armageddon? where is the dajaal? where is gog amp magog?!,24,134,0,0,0,1,4,0.07462686567164178,0,0,0
the twins pitcher s ego is now wrecked,8,38,0,0,0,0,0,0.21052631578947367,0,0,0
just had my first counter on a league game against another orianna i happened to demolish her xd i totally appreciate people that play her,25,138,0,0,0,0,0,0.03597122302158273,0,0,0
earthquake and tsunami that occurred in japan free speech is also swallowed <url>,13,81,0,0,1,0,0,0.07920792079207921,0,1,1
i got drowned like <num> times in the damn game today ??,12,56,0,0,0,0,12,0.016129032258064516,0,0,1
why is church media and <hashtag> media <num> silent when <hashtag> papicongress has demolished the house of a journo in uk <user>,22,130,2,1,0,0,0,0.10810810810810811,0,0,1
bbcnews the ass of british insurers says rioting will cost insurers amp <hashtag> <num> <num> millions but police numbers are reduced by blind fat contr,25,152,1,0,0,0,0,0.034722222222222224,0,0,1
most of us ddnt get this english rt <user> the world is inundated with ostentatious people stay woke!,18,101,0,1,0,1,0,0.16666666666666666,0,0,0
this bed looks like a war zone,7,30,0,0,0,0,0,0.03225806451612903,0,0,0
thunder lightening torrential rain and a power cut!,8,51,0,0,0,1,0,0.0196078431372549,0,0,1
if you dotish to blight your car go right ahead once it s not mine,15,66,0,0,0,0,0,0.029411764705882353,0,0,0
flattened <url>,2,15,0,0,1,0,0,0.12121212121212122,0,0,0
all these people explode ??,5,27,0,0,0,0,4,0.034482758620689655,0,0,0
<user> <user> hillary mass murderer,5,35,0,2,0,0,0,0.0625,0,0,1
a new tropical cyclone is forming near guam once it is formed it will be called molave,17,86,0,0,0,0,0,0.04395604395604396,0,0,1
also i dont think sewing thought a leather belt would work out that well lol,15,76,0,0,0,0,0,0.02564102564102564,0,0,0
when you re <num> hours late for curfew and have to pray your dog doesn t bark when unlocking the door,21,102,0,0,0,0,0,0.01020408163265306,0,0,0
panic attacks are the worst ??,6,30,0,0,0,0,4,0.03125,0,0,0
<user> my beautiful aquarius queenmy siren of the cliffs and pretenses of overtures please sing this phantom songfor you alone shall,21,132,0,1,0,0,0,0.04411764705882353,0,0,0
<user> praying for god s healing and safety of first responders,11,63,0,1,0,0,0,0.8088235294117647,0,0,0
kirsten gillibrand <url> extend health care to <num> first responders !,11,71,0,0,1,1,0,0.24719101123595505,0,0,1
panic at the disco te amo,6,25,0,0,0,0,0,0.04,0,0,0
the martyrs who kept udhampur terrorists at bay averted a massacre it was two young <url> sps,17,93,0,0,1,0,0,0.13793103448275862,0,0,1
i don t pray harm on members of isis i pray they experience the life rebooting love of god amp become paul s in gods mind blowing final act,29,139,0,0,0,0,0,0.06993006993006994,0,0,0
<user> has japan ever truly come to terms with devastation and mass murder of millions of chinese and others with traditional weapons?,22,134,0,1,0,0,1,0.021897810218978103,0,0,1
zayn malik amp perrie edwards end engagement she s devastated <url> <url>,12,73,0,0,2,0,0,0.17796610169491525,0,0,1
i smoke too much lmao i was scared to text this number bck but now it all makes sense lol,20,89,0,0,0,0,0,0.021505376344086023,0,0,0
i ve experienced the smell of rotting potatoes for the first time the famine must have been awful if the whole country smelled like that,25,136,0,0,0,0,0,0.021739130434782608,0,0,1
the grenade sound effect on impossible just destroyed about <num> other hoes careers ??,14,87,0,0,0,0,2,0.023255813953488372,0,0,0
fatality!,1,9,0,0,0,1,0,0.1111111111111111,0,0,0
wut a lonely lunch i got ditched and i m hungrier than a hostage!,14,65,0,0,0,1,0,0.05970149253731343,0,0,0
<user> <user> <user> meltdown mwednesday,5,40,0,3,0,0,0,0.0,0,0,1
<user> there were plenty of black people rioting when tosu won the championship as well,15,87,0,1,0,0,0,0.05319148936170213,0,0,0
usatoday on today s <hashtag> frontpage <hashtag> bioterror lab faced secret sanctions <hashtag> rickperry doesn t make the cut for foxnew <url>,22,144,3,0,1,0,0,0.1357142857142857,0,0,1
salem <num> nuclear reactor shut down over electrical circuit failure on pump <url>,13,83,0,0,1,0,0,0.07291666666666667,0,0,1
japan marks <num> th anniversary of hiroshima atomic bombing <url>,10,66,0,0,1,0,0,0.13924050632911392,0,0,1
lzk issues severe thunderstorm warning wind <num> mph hail <num> <num> in for sharp ar till <num> <num> pm cdt <url> <hashtag> wx,23,129,1,0,1,0,0,0.2204724409448819,0,0,1
<user> had major windstorm thunder and some rain down here near jackson calm now,14,80,0,1,0,0,0,0.010869565217391304,0,0,1
<num> all out? what! world reacts to aussie collapse <url>,10,58,0,0,1,1,1,0.07894736842105263,0,1,0
gaping sinkhole opens up in brooklyn new york <url>,9,51,0,0,1,0,0,0.10294117647058823,0,0,1
i love the sound of thunder rumbling across the mountains,10,57,0,0,0,0,0,0.017241379310344827,0,0,0
virgin galactic crash early unlocking of brakes triggered structural failure irish examiner <url>,13,97,0,0,1,0,0,0.05982905982905983,0,0,1
vassalboro house to be razed to make way for public gazebo <user> reports <url>,14,79,0,1,1,0,0,0.0761904761904762,0,0,0
imagini noi si <num> clipuri the hobbit the desolation of smaug <url> <hashtag> cliptv <hashtag> desolationofsmaug <hashtag> poze <hashtag> thehobbit,20,149,4,0,1,0,0,0.07575757575757576,0,0,0
gt gt <num> aftershock protect yourself and profit in the next global financial <hashtag> book <url> <user>,17,107,2,1,1,0,0,0.06923076923076923,0,0,0
ignition knock detonation sensor acdelco gm original equipment <num> <num> <url> <url>,12,86,0,0,2,0,0,0.15966386554621848,0,0,0
best movie you ve ever seen? armageddon <url>,8,45,0,0,1,0,1,0.09230769230769231,0,0,0
christian attacked by muslims at the temple mount after waving israeli flag via pamela geller <url>,16,99,0,0,1,0,0,0.10655737704918032,0,0,1
<user> lets get a dope picture together and have the dopest explosion ??,13,72,0,1,0,0,4,0.02631578947368421,0,1,0
<user> shuts the door on the boom in the bottom half <hashtag> lightning coming up in the top of the eighth,21,107,1,1,0,0,0,0.018691588785046728,0,0,0
i rated the hobbit the desolation of smaug <num> <num> <num> <hashtag> imdb <url>,14,81,1,0,1,0,0,0.15294117647058825,0,0,0
governor allows parole for california school bus hijacker santa cruz sentinel <url>,12,83,0,0,1,0,0,0.09803921568627451,0,0,1
<user> thanks thanks <num>,4,26,0,1,0,0,0,0.06896551724137931,0,0,0
agency seeks comments on seismic permits <url>,7,46,0,0,1,0,0,0.09523809523809523,0,0,0
when i was cooking earlier i got electrocuted some crucial ?? now i m psychic lol,16,81,0,0,0,0,6,0.047058823529411764,0,0,0
reddit will now quarantine offensive content <url>,7,50,0,0,1,0,0,0.14925373134328357,0,0,1
u s pacific command i can see it! they gave their all in the peace unity festival it disappears when freedom a violent storm hit sea,26,132,0,0,0,1,0,0.17293233082706766,0,0,1
cia plot! rolling eyes rt <user> chinese relatives of mh <num> victims say reunion island wreckage was planted <url>,19,116,0,1,1,1,0,0.08823529411764706,0,0,1
<user> this has opened up old baked alaskan shaped wounds too soon gbbo too soon <hashtag> neverforget,17,102,1,1,0,0,0,0.08490566037735849,0,0,0
hibernating pbx irrespective of pitch fatality careerism pan crbzfz,9,67,0,0,0,0,0,0.058823529411764705,0,0,0
had an awesome time visiting the cfc head office the ancop site and ablaze thanks to tita vida for taking care of us ??,24,119,0,0,0,0,2,0.058333333333333334,0,0,0
weyburn police warn public after fentanyl deaths in province <url> <url>,11,72,0,0,2,0,0,0.1111111111111111,0,0,1
<hashtag> nochillukehammings im screaming,4,41,1,0,0,0,0,0.45454545454545453,0,0,1
<user> the storm a violent swell of emotions then nothing,10,57,0,1,0,0,0,0.030303030303030304,0,0,0
<user> jupiter s great red spot is a violent storm larger than the entire earth <url> <url>,17,91,0,1,2,0,0,0.1366906474820144,0,0,0
so did we have a hurricane tornado tsunami? someone please tell me what the hell happened <hashtag> nopower,18,107,1,0,0,0,1,0.02040816326530612,0,0,1
doves the storm greatest denier electric proms pt <num> <url>,10,61,0,0,1,0,0,0.1518987341772152,0,0,1
any new games coming soon <user> ?,7,34,0,1,0,0,1,0.13636363636363635,0,0,0
stretcher in <num> min speaker deck <url>,7,41,0,0,1,0,0,0.09523809523809523,0,0,0
the latest more homes razed by northern california wildfire abc news <url>,12,74,0,0,1,0,0,0.1595744680851064,0,0,1
update on pulwama encounter that began earlier today <num> nd terrorist killed by security forces security forces <url>,18,119,0,0,1,0,0,0.051094890510948905,0,0,1
lab today ready for these body bags ??,8,38,0,0,0,0,2,0.02564102564102564,0,0,0
<hashtag> makewaterwork okanagan! drought rating maxed out okanagan valley <url> <url> <hashtag> westerncanadadrought,13,117,2,0,2,1,0,0.14814814814814814,0,0,1
i forgot to bring chocolate with me major disaster,9,50,0,0,0,0,0,0.038461538461538464,0,0,0
dozens dead as two trains derail over river in india <url> <url>,12,64,0,0,2,0,0,0.12244897959183673,0,1,1
<user> now suck it up because that s all you re bloody getting out of me by means of amends,20,91,0,1,0,0,0,0.021052631578947368,0,0,0
<user> cork city in ireland we got to <num> degrees today that is a heat wave for us haha,19,89,0,1,0,0,0,0.01,0,0,1
i m the architect of my own disaster,8,36,0,0,0,0,0,0.0,0,0,0
death of loretta fuddy responsible for authenticating obama birth certificate the sole fatality of nine on plane <url>,18,118,0,0,1,0,0,0.06666666666666667,0,0,1
the sound of arson,4,18,0,0,0,0,0,0.16666666666666666,0,0,0
<user> all obama is doing is giving a false time schedule on iran testing there first bomb bomb nuclear suicide vest,21,116,0,1,0,0,0,0.07575757575757576,0,0,0
mayhem is beautiful,3,19,0,0,0,0,0,0.05263157894736842,0,0,0
refugio oil spill may have been costlier bigger than projected <url> <hashtag> news,13,83,1,0,1,0,0,0.03296703296703297,0,0,1
oh wait i expected to go a totally different route in ls that was derailed by another barely passing grade in a required course super,25,133,0,0,0,0,0,0.037037037037037035,0,0,0
richmond coaches were devastated to hear of the death of their second driver mr chance who was sitting jam <url>,20,112,0,0,1,0,0,0.06474820143884892,0,0,1
housing starts explode to new heights <url> <url>,8,49,0,0,2,0,0,0.15476190476190477,0,0,0
i m glad when i call someone it s not an emergency since they never answer their phones or call back??,21,102,0,0,0,0,2,0.0196078431372549,0,0,0
hiroshima they told me to paint my story eighty nine year old man recalls the terror and the trauma when the <url>,22,114,0,0,1,0,0,0.04411764705882353,0,0,1
thinking of the time that my friend bailed the nite b <num> a dead show went alone amp had a great time all alone and free to dance front row,30,141,0,0,0,0,0,0.04929577464788732,0,1,0
screams <url>,2,13,0,0,1,0,0,0.125,0,0,0
there have been zero spider bite related fatalities in australia since <num>,12,76,0,0,0,0,0,0.02631578947368421,0,0,0
photo lavenderpoetrycafe the forgotten history of sexual trauma hysteria was an affliction seen primarily <url>,15,111,0,0,1,0,0,0.07518796992481203,0,0,1
trusting iran to stop terrorism is like inviting an arsonist to join the fire brigade telegraph <url>,17,101,0,0,1,0,0,0.08333333333333333,0,1,0
<hashtag> earthquake <hashtag> sismo m <num> <num> <num> km e of anchorage alaska time <num> <num> <num> <num> <num> <num> utc <num> <num> <num> <num> <num> <num> <num> <num> <url>,30,180,2,0,1,0,0,0.1111111111111111,0,1,1
whirlwind head scissor on <user> <user> ktfounder <hashtag> remymarcel <hashtag> frofrofro <url>,12,96,2,2,1,0,0,0.09090909090909091,0,0,0
just demolished a snowball ??,5,29,0,0,0,0,2,0.06896551724137931,0,0,0
salem <num> nuclear reactor shut down over electrical circuit failure on pump <url> <url>,14,89,0,0,2,0,0,0.049586776859504134,0,0,1
<user> screams,2,14,0,1,0,0,0,0.13043478260869565,0,0,0
you got a whole curfew ??,6,25,0,0,0,0,4,0.037037037037037035,0,0,0
sinjar massacre yazidis blast lack of action over hostages <url>,10,64,0,0,1,0,0,0.1728395061728395,0,0,1
<num> ir icemoon aftershock <url> <user> <hashtag> dubstep <hashtag> trapmusic <hashtag> dnb <hashtag> edm <hashtag> dance <hashtag> ices <url>,19,143,6,1,2,0,0,0.2898550724637681,0,0,0
christian attacked by muslims at the temple mount after waving israeli flag via pamela geller <url>,16,99,0,0,1,0,0,0.11475409836065574,0,0,1
<user> <hashtag> fettilootch is <hashtag> slanglucci oppressions greatest danger coming soon the album <url>,14,108,2,1,1,0,0,0.5847457627118644,0,0,1
spacex founder musk structural failure took down falcon <num> <url>,10,67,0,0,1,0,0,0.19753086419753085,0,0,1
<user> at least they aren t burning buildings and looting stores,11,64,0,1,0,0,0,0.078125,0,0,0
it s kinda cool tonight is the heat wave finally over?? ?? <num> amdollela <num> la kulli <num> aal,19,99,0,0,0,0,6,0.022988505747126436,0,0,1
gop debate drinking game for anyone looking for a bit of fun while watching this train wreck <url> <url>,19,104,0,0,2,0,0,0.09285714285714286,0,0,0
this is interesting! why did god order obliteration of ancient canaanites? <url> via <user>,14,91,0,1,1,1,1,0.10256410256410256,0,0,0
california police officer pulls gun on man without any apparent provocation video <url> via <user>,15,98,0,1,1,0,0,0.09166666666666666,0,0,1
city of calgary activates municipal emergency plan <url>,8,56,0,0,1,0,0,0.16,0,0,1
the catastrophic effects of hiroshima and nagasaki atomic bombings still being felt today <url>,14,95,0,0,1,0,0,0.11607142857142858,0,0,1
pov video captures violent landing at amsterdam airport schiphol during a storm daily mail <url> <hashtag> amsterdam <hashtag> news,19,131,2,0,1,0,0,0.11363636363636363,0,0,1
schools in western uganda still burning down buildings during strikes strikes in western uganda always lit literally,17,116,0,0,0,0,0,0.08264462809917356,0,0,1
the fake of nanking massacre <num> eyewitnesses english <url> <hashtag> obama <hashtag> clinton <hashtag> bush <hashtag> gop <hashtag> abc <hashtag> cbs <hashtag> bbc <hashtag> cnn <hashtag> wsj <hashtag> wpo,29,208,10,0,1,0,0,0.25925925925925924,0,0,1
according to a <num> gallup poll the more money you have the more likely you are to suffer from time famine ? ari <url>,24,119,0,0,1,0,1,0.06521739130434782,0,0,0
people are finally panicking about cable tv <url>,8,49,0,0,1,0,0,0.10606060606060606,0,0,0
the <hashtag> palestinian <hashtag> refugee tragedy is a blight on humanity amp should shame every <hashtag> israeli for living with it <url>,22,141,3,0,1,0,0,0.05185185185185185,0,0,1
<hashtag> sigalert north amp southbound <num> closed btwn <num> fwy and irvine blvd due to truck fire chp is detouring traffic,21,126,1,0,0,0,0,0.07758620689655173,0,1,1
december <num> court dismissed the group charge of rape victims saying getting raped was an occupational hazard ! us military isis!,21,131,0,0,0,2,0,0.051470588235294115,0,0,0
<num> excessive engine failure rate significant maintenance constantly emerging structural defects phew that s a lot i say,18,122,0,0,0,0,0,0.01652892561983471,0,0,0
okay i can t find it so i m kinda panicking,11,43,0,0,0,0,0,0.7674418604651163,0,0,0
block the plate with a charging schwarber coming down the line cervelli i dare you you would explode into a little puff of smoke,24,128,0,0,0,0,0,0.038461538461538464,0,0,0
bbc r <num> live studio discussion of hiroshima v poor sheer luck the cold war did not result in catastrophe mad red herring <hashtag> scraptrident,25,147,1,0,0,0,0,0.03597122302158273,0,0,1
any lengths to rescue a cat in need! <url>,9,42,0,0,1,1,0,0.1016949152542373,0,0,0
stepped outside with a drink and a cigarette and immediately locked eyes with a jogger worlds really do collide,19,111,0,0,0,0,0,0.017699115044247787,0,0,0
city program to help turn blight into greenspace the tennessee housing development <url> <hashtag> news <url>,16,109,1,0,2,0,0,0.11510791366906475,0,0,0
<user> <user> <user> <user> selmo u not catching flames from me im just gonna be witnessing the slaughter,18,105,0,4,0,0,0,0.008064516129032258,0,0,1
homecoming queen killed on way home from the prom by flood waters! <hashtag> socialnews <url>,15,93,1,0,1,1,0,0.1188118811881188,0,1,1
fedex no longer shipping bioterror germs wxia tv <user> <url>,10,61,0,1,1,0,0,0.15476190476190477,0,0,0
<hashtag> pt the unit attacked by is was responsible for targeting muslim scholars and imprisoning the youth <url>,18,114,1,0,1,0,0,0.07258064516129033,0,0,1
destruction magic s fine just don t go burning down any buildings,12,65,0,0,0,0,0,0.015151515151515152,0,0,1
i bought a <num> oz jar of peanut butter and it s just getting demolished,15,73,0,0,0,0,0,0.014492753623188406,0,0,0
<hashtag> stlouis <hashtag> caraccidentlawyer speeding among top causes of teen accidents <url> <url> car accident tee,16,118,2,0,2,0,0,0.1223021582733813,0,0,0
<user> in the vault that could take a look at those wounds of yours if you d like to go to one of these places first zarry has had,29,130,0,1,0,0,0,0.04316546762589928,0,0,0
pendleton media office said only fire on base right now is the horno blaze,14,74,0,0,0,0,0,0.02666666666666667,0,1,1
<user> <user> <user> how significant do you think the iconic pic of church maybe ruins and less substantial efforts razed?,20,122,0,3,0,0,1,0.043478260869565216,0,0,0
<num> leezy its like you re about to fall down a cliff but you re grabbing my hand but my palms are sweaty why bruh? <url>,26,122,0,0,1,0,1,0.02877697841726619,0,0,1
i liked a <user> video from <user> <url> specialguest crapgamer recap microsoft destroyed sony at gamescom,16,106,0,2,1,0,0,0.5038759689922481,0,0,0
women messenger bags clutch bag handbag cross body shoulder bags bag ladies designer handbags high qualit <url>,17,111,0,0,1,0,0,0.05303030303030303,0,0,0
? high skies burning buildings ? <url> <hashtag> nowplaying,9,59,1,0,1,0,2,0.08695652173913043,0,0,0
house energy amp amp commerce subcommittee to hold <num> <num> hearing of cdc oversight of bioterror labs army anthrax mishaps htt,21,130,0,0,0,0,0,0.05426356589147287,0,0,1
<user> hailstorm day <num> <hashtag> round <num> <hashtag> yyc <hashtag> yycstorm <url>,12,87,3,1,1,0,0,0.12658227848101267,0,0,1
<user> i screamed at the top of my lungs when you said you guys would come back to s a so keep your promise <hashtag> addtexastonext <num> dtour,28,144,1,1,0,0,0,0.6214285714285714,0,0,0
<hashtag> <num> wisenews china s stock market crash are there gems in the rubble? <url>,15,87,1,0,1,0,1,0.18947368421052632,0,0,1
we re happily collided,4,22,0,0,0,0,0,0.04,0,0,0
delhi government to provide free treatment to acid attack victims in private hospitals <url>,14,92,0,0,1,0,0,0.13761467889908258,0,0,1
a small flood with big consequences <url> <url>,8,47,0,0,2,0,0,0.16470588235294117,0,1,1
pic of <num> yr old pkk suicide bomber who detonated bomb in turkey army trench released <url> <url>,18,100,0,0,2,0,0,0.1,0,0,1
who is bringing the tornadoes and floods who is bringing the climate change god is after america he is plaguing her <hashtag> farrakhan <hashtag> quote,25,151,2,0,0,0,0,0.1386861313868613,0,0,0
cue storm with massive wind and hail!! now a power outage <user> in davidson county,15,83,0,1,0,2,0,0.0963855421686747,1,0,1
<user> pissed at you and could have their pikachu electrocute you and,12,69,0,1,0,0,0,0.0,0,0,0
<hashtag> coppednews haunting memories drawn by survivors <url>,8,63,1,0,1,0,0,0.056338028169014086,0,0,1
<num> pcs <num> w cree led work light offroad lamp car truck boat mining <num> wd flood beam full rea <url> <url>,22,113,0,0,2,0,0,0.2446043165467626,0,1,0
<user> believe it or not we ve had too much rain here our newly planted maple trees are actually drowning,20,105,0,1,0,0,0,0.07017543859649122,0,0,1
now realized i honestly can t survive without these glasses now lol,12,67,0,0,0,0,0,0.029850746268656716,0,0,0
burned <num> calories doing <num> minutes of walking <num> <num> mph very brisk pace <hashtag> myfitnesspal,16,107,1,0,0,0,0,0.011764705882352941,0,0,0
did you know <user> had a new release this week? blood call an ancient evil has been trapped <url>,19,98,0,1,1,0,1,0.1111111111111111,0,0,0
arsonists being blamed for a blaze at a plastics recycling business in adelaide <user> reports <hashtag> <num> newsadl <url>,19,124,1,1,1,0,0,0.03676470588235294,0,0,0
all of this energy,4,18,0,0,0,0,0,0.05555555555555555,0,0,0
good way to end the day!! geyser plus dust storm! <url>,11,55,0,0,1,4,0,0.0821917808219178,1,0,1
<user> your turn ??,4,19,0,1,0,0,2,0.037037037037037035,0,0,0
robot rainstorm we have two vacancies on the <hashtag> castle fantasy football team! join us it s fun ??,19,104,1,0,0,1,2,0.08,0,0,0
beware of your temper and a loose tongue! these two dangerous weapons combined can lead a person to the hellfire <hashtag> islam!,22,129,1,0,0,2,0,0.025,0,0,0
dr gridlock here s what may have caused a metro train to derail in downtown d c <url> <hashtag> washingtonpost,20,110,1,0,1,0,0,0.0975609756097561,0,0,1
faan orders evacuation of abandoned aircraft at mma <url>,9,57,0,0,1,0,0,0.17567567567567569,0,1,1
screams in the distance <url>,5,29,0,0,1,0,0,0.1,0,0,1
no way i can t eat that shit,8,28,0,0,0,0,0,0.06666666666666667,0,0,0
spent too many hours sinking into the wonderfully created worlds of mafia and mafia ii in my life excited for another installment,22,129,0,0,0,0,0,0.04580152671755725,0,0,0
and you re loving me like water slipping through my fingers such a natural disaster love,16,88,0,0,0,0,0,0.011363636363636364,0,0,0
big top burning the true story of an arsonist a missing girl <url>,13,66,0,0,1,0,0,0.17582417582417584,0,0,1
forest fire near la ronge sask canada,7,37,0,0,0,0,0,0.13157894736842105,0,1,1
i added a video to a <user> playlist <url> dan and arin demolish a giant gummy bear grumpout,18,92,0,1,1,0,0,0.1504424778761062,0,0,0
suicide bomber kills <num> in saudi security site mosque <url> <hashtag> mercados,12,81,1,0,1,0,0,0.10465116279069768,0,0,1
the national weather service in little rock has issued a severe thunderstorm warning for van buren county in <url>,19,114,0,0,1,0,0,0.6928571428571428,0,0,1
<user> i guess i can say you and me might have one thing in common my biological father made me this way to be his weapon,26,121,0,1,0,0,0,0.038461538461538464,0,0,0
learning from the legacy of a catastrophic eruption the new yorker <url>,12,72,0,0,1,0,0,0.12087912087912088,0,0,1
currently uncontrollable meltdown number <num>,5,46,0,0,0,0,0,0.046511627906976744,0,0,0
dlh issues hazardous weather outlook hwo <url> <hashtag> wx,9,59,1,0,1,0,0,0.18571428571428572,0,0,1
i just screamed in <num> languages this is so good <url>,11,56,0,0,1,0,0,0.5211267605633803,0,0,0
<user> i feel so bad for them i can literally feel that feeling of your heart sinking bc you didn t get anyone ugh jfc,25,118,0,1,0,0,0,0.015503875968992248,0,0,0
poor jack ??,3,12,0,0,0,0,2,0.16666666666666666,0,0,0
they turned jasmines house into a war zone ?? <hashtag> littlewomenla,11,69,1,0,0,0,2,0.09836065573770492,0,0,0
i hit my foot now my toe is bleeding ??,10,39,0,0,0,0,2,0.0,0,0,0
quality metrics penalties may harm patient care pcps say primary care physicians generally hold positive vi <url>,17,113,0,0,1,0,0,0.11194029850746269,0,0,0
fukushima nuclear disaster increased thyroid cancer in u s <url>,10,64,0,0,1,0,0,0.13095238095238096,0,0,1
<user> i hope you drown ??,6,26,0,1,0,0,2,0.027777777777777776,0,0,0
crazy mom threw teen daughter a nude twister sex party according to her friend <num> gt <url> <url>,18,99,0,0,2,0,0,0.17557251908396945,0,0,1
japan marks <num> th anniversary of hiroshima atomic bombing <url>,10,66,0,0,1,0,0,0.08860759493670886,0,0,1
<user> with the screeching siren accompanying it just before he walked out,12,74,0,1,0,0,0,0.04938271604938271,0,0,0
<user> <user> looks like a bowl of weather cereal new! kellogg s sugar hail! stays crunchy even in milk,19,103,0,2,0,2,0,0.09734513274336283,0,0,0
nothing you midget i will demolish you show some respect,10,56,0,0,0,0,0,0.8392857142857143,0,0,0
these fucking police can t touch me these fuck niggas ain t fucking w me,15,72,0,0,0,0,0,0.0136986301369863,0,0,0
wildfire near columbia river town is <num> percent contained <url> <hashtag> firenews <hashtag> wa <url>,15,104,2,0,2,0,0,0.13675213675213677,0,0,1
general audience on wounded families zenit the world seen from rome <url>,12,73,0,0,1,0,0,0.3263157894736842,0,0,0
hundreds feared drowned as migrant boat capsizes off libya <url>,10,64,0,0,1,0,0,0.08641975308641975,0,0,1
more gt osha officers on siteinvestigating noranda explosion kfvs <num> news cape girardeau carbondale poplar bluff <url>,17,121,0,0,1,0,0,0.15328467153284672,0,1,1
a blizzard would be clutch asf ??,7,33,0,0,0,0,2,0.030303030303030304,0,0,0
<user> channel <num> have been doing the same for the rspca with dog rescuers the infomercial has crept in the back door,22,120,0,1,0,0,0,0.09375,0,0,0
i m the only weapons master here! let s go in guns blazing! <hashtag> hinatobot,15,79,1,0,0,2,0,0.04285714285714286,0,0,0
this attempted mass murder brought to you by the obama administration <url>,12,75,0,0,1,0,0,0.10869565217391304,0,0,0
<user> it got pretty windy here too but no damage,10,49,0,1,0,0,0,0.03225806451612903,0,0,0
check out this amazing footage of lightning filmed while lifting off from chicago <url> <url>,15,93,0,0,2,0,0,0.08461538461538462,0,0,0
russian food crematoria provoke outrage amid crisis famine memories <url>,10,73,0,0,1,0,0,0.05434782608695652,0,0,1
hollywood movie about trapped miners released in chile,8,54,0,0,0,0,0,0.037037037037037035,0,0,0
the last few days of summer are supposed to be the most fun so what s more fun then accidentally burning arm hair while playing w a lighter,28,139,0,0,0,0,0,0.007142857142857143,0,0,0
another fake hate crime lesbians burn their own house down what else is new <url>,15,81,0,0,1,0,0,0.07,0,0,1
whao <num> nigerian refugees repatriated from cameroon <url>,8,60,0,0,1,0,0,0.06741573033707865,0,0,1
honey you ain t no angel you like to scream these words as a weapon well go ahead take your best shot woman i wanna leave you it s,29,130,0,0,0,0,0,0.022388059701492536,0,0,0
<user> with five burning questions for chris mullin and st john s in <num> <num> <url> <hashtag> sjubb,18,102,1,1,1,0,0,0.14782608695652175,0,0,1
<num> <num> <hashtag> earthquake in sicily italy <hashtag> iphone users download the earthquake app for more information <url>,18,126,2,0,1,0,0,0.09401709401709402,0,1,1
womens satchel lattice chain studded cross body multi colour shoulder bags blue <url> <url>,14,91,0,0,2,0,0,0.136,0,0,0
<num> beyonce is my pick for <url> fan army <hashtag> beyhive <url>,12,67,1,0,2,0,0,0.14772727272727273,0,0,0
have you heard <num> love to love you heat wave vol <num> by george deejayempiresound on <hashtag> soundcloud? <hashtag> np <url>,21,129,2,0,1,0,1,0.25190839694656486,0,0,0
<user> cause were on fire we are on fire were on fire now yeah were on fire we are on fire were on fire noww,25,108,0,1,0,0,0,0.056451612903225805,0,1,1
<user> awesome!! i saw he was bleeding pretty bad,9,49,0,1,0,2,0,0.01694915254237288,1,0,0
louis vuitton cultsierre monogram shoulder bag cross body bag <url> <url>,11,73,0,0,2,0,0,0.19444444444444445,0,0,0
juanny beisbol sr annihilated that ball <hashtag> lgm,8,53,1,0,0,0,0,0.15217391304347827,0,0,0
sprinklers faq about lawn inundation systems answered ebb,8,57,0,0,0,0,0,0.1724137931034483,0,0,0
<hashtag> dw hundreds feared drowned as migrant boat capsizes off libya hundreds of migrants are <url>,16,102,1,0,1,0,0,0.10526315789473684,0,0,1
severe storm weakening as it moves se towards lubbock area outflow boundary may create dust and <num> mph gusts <url>,20,117,0,0,1,0,0,0.05263157894736842,0,0,1
enugu government to demolish illegal structures at international conference centre <url>,11,88,0,0,1,0,0,0.08571428571428572,0,0,0
<user> you get me sis this planet could do with a huge dose of obliteration,15,75,0,1,0,0,0,0.03488372093023256,0,0,1
a time lapse map of every nuclear explosion since <num> by isao hashimoto <hashtag> war <hashtag> atomicbomb <url>,18,114,2,0,1,0,0,0.1206896551724138,0,1,1
i m a gemini children screaming buildings burning police sirens in the distance,13,79,0,0,0,0,0,0.012048192771084338,0,0,1
<hashtag> growingupspoiled going clay pigeon shooting and crying because of the aftershock,12,90,1,0,0,0,0,0.03614457831325301,0,0,0
ud rescue structural collapse scott road ypres road york <num> trucks,11,69,0,1,0,0,0,0.14666666666666667,0,1,1
<user> because if it were on fire that d be a safety hazard,13,59,0,1,0,0,0,0.028169014084507043,0,1,1
<user> <hashtag> fettilootch is <hashtag> slanglucci oppressions greatest danger coming soon the album <url>,14,108,2,1,1,0,0,0.6379310344827587,0,0,0
for those displaced by disasters label and legal status remain out of reach <url>,14,81,0,0,1,0,0,0.06060606060606061,0,0,0
<user> <user> the contrasts of foreboding destruction enhanced by expansive divisions of color saturation contrast and hue!,17,123,0,2,0,1,0,0.029197080291970802,0,0,0
okay i need all of you to evacuate the house so i can write this poem,16,69,0,0,0,0,0,0.043478260869565216,0,0,0
i m not the mom friend but i still see my friends as my little babies that i have to care for or else they ll electrocute themselves,28,132,0,0,0,0,0,0.022727272727272728,0,0,0
russian <hashtag> ushanka <hashtag> winter <hashtag> military fur hat xl <num> <num> with soviet badge link <url> <url>,18,119,3,0,2,0,0,0.13114754098360656,0,0,0
happy boy to mass murderer <url>,6,32,0,0,1,0,0,0.10204081632653061,0,0,1
<url> nuclear emergency current usa radiation levels monitoring site,9,68,0,0,1,0,0,0.1411764705882353,0,0,0
video we re picking up bodies from water rescuers are searching for hundreds of migrants in the mediterran <url>,19,112,0,0,1,0,0,0.08088235294117647,0,0,1
businesses are deluged with invoices make yours stand out with colo r or shape and it s lzkely to rise to the top of the pay pile,27,129,0,0,0,0,0,0.015151515151515152,0,0,0
strong thunderstorm <num> miles north of japton moving se at <num> mph large hail and wind gusts up to <num> mph poss <hashtag> arwx <url>,25,138,1,0,1,0,0,0.17857142857142858,0,0,1
transportation panel showing a video of a pileup of <num> wheelers in a snowstorm in wy crash crash crash make it stop! <hashtag> amssummer,24,139,1,0,0,1,0,0.05970149253731343,0,0,1
jay and alexis broke up there goes all your faith and goals people evacuate yourself,15,84,0,0,0,0,0,0.011494252873563218,0,0,0
a new favorite desolate <num> by r <num> do <url> on <hashtag> soundcloud,13,73,1,0,1,0,0,0.1232876712328767,0,0,0
lee does comedy <user> working class tories prepare for your armageddon <hashtag> interestraterise,13,98,1,1,0,0,0,0.08823529411764706,0,0,0
choking hazard prompts recall of kraft cheese singles <url>,9,59,0,0,1,0,0,0.15789473684210525,0,0,1
<user> does that great iran deal cover bioterrorism? you got cut off terrible of them keep up the good work,20,107,0,1,0,0,1,0.05128205128205128,0,0,1
womens handbags cross body geometric pattern satchel totes shoulder bags white <url> <url> rt gasparc,15,101,0,0,2,0,0,0.14492753623188406,0,0,0
the government is concerned about the population explosion and the population is concerned about the government explosion joe moore,19,131,0,0,0,0,0,0.022388059701492536,0,1,0
the gusto in persist had amongst empty pated communication explosion hpssjd,11,75,0,0,0,0,0,0.06578947368421052,0,1,1
rt abbswinston <hashtag> zionist <hashtag> terrorist demolish tire repair shop structure in <hashtag> bethlehem <url> <url>,16,123,3,0,2,0,0,0.1297709923664122,0,0,1
add familia to the arson squad,6,30,0,0,0,0,0,0.06451612903225806,0,0,0
<hashtag> bestnaijamade <num> yr old pkk suicide bomber who detonated bomb in <url> bestnaijamade bestnaijamade bestnaijamade be,17,128,1,0,1,0,0,0.06428571428571428,0,0,1
heat wave adding to the misery of internally displaced gazans <url> via <user> <url>,14,84,0,1,2,0,0,0.125,0,0,1
<user> because i need to know if i m supposed to throw myself off a bridge for a <hashtag> collapse or plan the parade there is no both,28,135,1,1,0,0,0,0.0661764705882353,0,1,0
his majesty emperor salman khan s unstoppable cyclone of entertainment humanity bajrangi bhaijaan creating history everywhere crosed <num> cr,19,141,0,0,0,0,0,0.8428571428571429,0,0,0
enter the world of extreme diving <num> stories up and into the volga river <url>,15,81,0,0,1,0,0,0.05102040816326531,0,0,0
i can t believe blevins got injured falling off a curb that s something that would happen to me never it expected for a pro player,26,130,0,0,0,0,0,0.022900763358778626,0,1,1
learn how i gained access to the secrets of the top earners amp used them to explode my home business here <url> please <hashtag> rt,25,132,1,0,1,0,0,0.1958041958041958,0,0,0
this cop seriously just turned on their siren to get through traffic and turned it right back off like wtf,20,106,0,0,0,0,0,0.009433962264150943,0,0,0
wreckage conclusively confirmed as from mh <num> malaysia pm investigators and the families of those who were <url>,18,115,0,0,1,0,0,0.09558823529411764,0,0,1
<user> officer wounded suspect killed in exchange of gunfire <url> ushed,11,72,0,1,1,0,0,0.10989010989010989,0,0,1
<num> year old ring fort to be demolished <url>,9,47,0,0,1,0,0,0.047619047619047616,0,0,0
<url> croydon riots the next day burning buildings in high street amp crowds at reeves corner croydonization august <num>,19,121,0,0,1,0,0,0.19858156028368795,0,0,1
that triumphant moment when you cook up two eggs over easy with no yolk casualties ?? <url>,17,91,0,0,1,0,2,0.037037037037037035,0,0,0
u s national park services tonto national forest stop the annihilation of the salt river wild horse <url> via <user>,20,116,0,1,1,0,0,0.15217391304347827,0,0,1
obama declares disaster for typhoon devastated saipan obama signs disaster declaration for northern marians a <url>,16,115,0,0,1,0,0,0.08823529411764706,0,0,1
emergency <num> harbor city mod v <num> <num> <num> <hashtag> <num> chemical fire in residential area! <url> via <user>,19,119,1,1,1,1,0,0.13761467889908258,0,1,1
it looks like a mudslide it s like chewing on rubber <hashtag> gbbo ??,14,70,1,0,0,0,6,0.08695652173913043,0,0,0
<user> visits villages recently bombed by turkey and finds people fed up with the pkk <url>,16,91,0,1,1,0,0,0.10344827586206896,0,0,1
dakota skye gets horny with some porn then gets her juicy pussy pounded <url> view and download video,18,101,0,0,1,0,0,0.03389830508474576,0,0,0
<hashtag> debatequestionswewanttohear if u start another war would u b willing <num> go <num> the war zone yourself or send ur sons and or daughters <num> fight?,27,161,1,0,0,0,1,0.08571428571428572,0,0,1
<user> when it rains in nj it flash floods otherwise its just a desert of grief and taxes,18,89,0,1,0,0,0,0.03125,0,0,1
<user> w o giving up too much of nana france reminds me of america right before the war in iraq a restlessness leading to disaster,25,130,0,1,0,0,0,0.05755395683453238,0,0,1
<user> <user> <user> they died horrible deaths trapped in the ships but they knew that was a risk,18,97,0,3,0,0,0,0.0423728813559322,0,0,1
city of calgary activates municipal emergency plan as more thunderstorms approach <url>,12,87,0,0,1,0,0,0.0673076923076923,0,0,1
<user> we need help! horses will die!please rt amp sign petition!take a stand amp be a voice for them! <hashtag> gilbert <num> <url>,23,132,1,1,1,4,0,0.06944444444444445,0,0,0
trains derailment it s the freakiest of freak accidents the indian express <url> <hashtag> news <hashtag> topstories,17,116,2,0,1,0,0,0.09090909090909091,0,0,1
the ol meltdown victory for the mets,7,36,0,0,0,0,0,0.05263157894736842,0,0,1
you either ride with us or collide with us it s as simple as that for me and my niggas,20,86,0,0,0,0,0,0.022727272727272728,0,0,0
an indepth look at the new world of work and how young people businesses and economies are coping with huge upheaval <url>,22,122,0,0,1,0,0,0.04316546762589928,0,0,0
<num> years ago the first atomic attack flattened <hashtag> hiroshima <num> days later it was <hashtag> nagasaki both war crimes to put moscow in its place,26,155,2,0,0,0,0,0.023076923076923078,0,0,1
i just screamed what the fuck is a hond,9,39,0,0,0,0,0,0.02564102564102564,0,0,0
fatality <url>,2,14,0,0,1,0,0,0.12121212121212122,0,0,0
<num> month old baby girl was rescued by coastguard after she floated half a mile out to sea! <hashtag> socialnews <url>,21,120,1,0,1,1,0,0.2,0,0,1
<hashtag> frontpage <hashtag> bioterror lab faced secret sanctions <hashtag> rickperry doesn t make the cut for <user> <hashtag> gopdebate <url> <user>,21,151,4,2,1,0,0,0.14388489208633093,0,0,0
your router is one of the latest ddos attack weapons <url> <hashtag> phone <hashtag> gaming <hashtag> tv <hashtag> news,19,119,4,0,1,0,0,0.11,0,0,0
meltdown,1,8,0,0,0,0,0,0.125,0,0,0
the <num> <num> <num> alabamaquake seismic summary w <hashtag> earthquake <hashtag> news amp history <url> <url>,16,112,2,0,2,0,0,0.0967741935483871,0,1,1
sinkhole swallows brooklyn intersection video <url> <url>,7,57,0,0,2,0,0,0.09473684210526316,0,0,1
a look at state actions a year after ferguson s upheaval <url> md is mentioned in the last group for a reporting bill,23,117,0,0,1,0,0,0.09352517985611511,0,0,1
gop debate tonight but no jon stewart next week to obliterate them ?? <hashtag> jonvoyage,15,89,1,0,0,0,2,0.0875,0,0,0
last second outbid rt? <url> <num> pcs <num> mm ab resin flower whirlwind flatback rhinestone wedding decoration ?please fa,19,123,0,0,1,0,2,0.15151515151515152,0,0,0
<user> bc its risky and costly i don t see a need to do that when there isn t anything there it s totally desolate,25,114,0,1,0,0,0,0.04,0,0,1
attempting delany s dhalgren in beastly ny heat downing hot coffee amongst descriptions of buildings burning for days without ruin,20,130,0,0,0,0,0,0.045454545454545456,0,0,0
new item pillow covers any size pillow cover grey pillow pillows premier prints lulu storm grey by mypillowstudio <url>,19,119,0,0,1,0,0,0.19858156028368795,0,0,0
a deluge of eulogies for <hashtag> cecilthelion on my whatsapp gt gt this too tormented soul by matias xavier,19,109,1,0,0,0,0,0.056074766355140186,0,0,0
photo forrestmankins colorado camping <url>,5,43,0,0,1,0,0,0.1111111111111111,0,0,0
<user> <user> yoga flames!,4,26,0,2,0,1,0,0.21621621621621623,0,0,0
anti collision rear <hashtag> innovation <hashtag> gadgets <url>,8,64,2,0,1,0,0,0.15625,0,0,0
<user> i d worked so hard to get to that level that i wasn t going to let the injury define me i was going to define it cool,29,124,0,1,0,0,0,0.04225352112676056,0,0,0
slip sliding away flash floods info for writers w tony nester <user> <hashtag> writingtips <url>,15,96,1,1,1,0,0,0.14782608695652175,0,0,1
?? throwback thurs ?? ?? will you still love me tomorrow <url> ?? <user> ?? ?? <hashtag> whirlwind <url>,19,104,1,1,2,0,16,0.10204081632653061,0,0,0
<hashtag> helpme what do i do? my friend has been ticketed by police in wayne county michigan into never sending poverty cycle how do i help him?,27,145,1,0,0,0,2,0.057971014492753624,0,0,0
watch this airport get swallowed up by a sandstorm in under a minute <url>,14,74,0,0,1,0,0,0.1978021978021978,0,0,1
violent forces radio now playing acid storm scourgue of the gods tunein player <url>,14,84,0,1,1,0,0,0.1792452830188679,0,0,1
morgan silver dollar <num> s gem bu dmpl cameo rev blazing ms high grade! full read <url> <url>,18,95,0,0,2,1,0,0.17985611510791366,0,0,0
eyes smile pretty smile good hair miss luhan in exo ?? <url>,12,60,0,0,1,0,8,0.06818181818181818,0,0,0
<user> i m always up for mass murder,8,36,0,1,0,0,0,0.09090909090909091,0,0,1
the crocodile tears don t wash with me she s more upset that the gravy train has been derailed <hashtag> kidscompany <url>,22,122,1,0,1,0,0,0.046153846153846156,0,0,1
<hashtag> gbbo the difference between paul and mary my dears paul it looks like a mudslide mary i have a feeling it s going to taste great,27,138,1,0,0,0,0,0.07407407407407407,0,0,0
ancient mayan tablet with hieroglyphics honors lowly king <url> <url>,10,69,0,0,2,0,0,0.10679611650485436,0,0,0
if i d have had a long coat to hand i d have worn it the certainty of armageddon bears a sense of occasion,24,106,0,0,0,0,0,0.03636363636363636,0,0,0
<num> day bug in fully patched os x comes under active exploit to bypass password ars technica <url>,18,100,0,0,1,0,0,0.08403361344537816,0,0,0
world war ii book lightning joe an autobiography by general j lawton collins <url> <url>,15,88,0,0,2,0,0,0.23577235772357724,0,0,1
she didn t even notice me in the background i m a floatin head <hashtag> bombed <url>,17,85,1,0,1,0,0,0.07526881720430108,0,0,1
<url> iger s <num> words that wrecked disney s stock <url> <url>,12,64,0,0,3,0,0,0.13392857142857142,0,0,0
beautiful disaster jon mclaughlin is such a good song,9,53,0,0,0,0,0,0.07142857142857142,0,0,0
stretcher brought out for vampiro cut to commercial isn t a good sign <hashtag> ultimalucha <hashtag> luchaunderground,17,118,2,0,0,0,0,0.06862745098039216,0,0,0
economic collapse investing specific actions and strategies to securing lasting wealth from the financial blowout <url>,16,119,0,0,1,0,0,0.07971014492753623,0,1,1
freak <hashtag> boston <hashtag> hailstorm produces a hailstorm of business for auto body repair specialists <user> <num> <num> <num> <num> tonight <user>,22,154,2,2,0,0,0,0.11194029850746269,0,0,1
<user> i can t help it hope you re ok text me if you need to talk sending hugs your way ps no bleeding to death allowed,27,119,0,1,0,0,0,0.06818181818181818,0,0,0
the mofo in dc will leave our military unarmed to be gunned down by terrorist amp a lot worseits not their sorry asses,23,118,0,0,0,0,0,0.05,0,0,0
businesses are deluged with invokces make yours stand out with colour or shape and it s likely to rise to the top of the pay pile,26,129,0,0,0,0,0,0.015151515151515152,0,0,0
there some flash flooding in madison <hashtag> valleywx,8,55,1,0,0,0,0,0.021739130434782608,0,0,1
california is burning gov jerry brown told reporters at a press conference that california is experiencing <url>,17,112,0,0,1,0,0,0.20588235294117646,0,0,1
why put out a fire when it s still burning,10,42,0,0,0,0,0,0.023255813953488372,0,1,0
<url> twelve feared killed in pakistani air ambulance helicopter crash <url>,11,76,0,0,2,0,0,0.08181818181818182,0,0,1
cruz iran deal leaves <num> american hostages languishing in iran <url> <hashtag> noirandeal <hashtag> tedcruz <num> <url>,17,122,2,0,2,0,0,0.13986013986013987,0,0,1
<num> years after atomic bombs japan still struggles with war past the anniversary of the devastation wrought b <url>,19,117,0,0,1,0,0,0.14074074074074075,0,0,1
<user> misfit got bombed,4,24,0,1,0,0,0,0.06451612903225806,0,0,0
mm i m burning i m burning buildings i m building oohh ooh ooh,14,62,0,0,0,0,0,0.05952380952380952,0,0,0
i love fruits,3,13,0,0,0,0,0,0.07692307692307693,0,0,0
angry woman openly accuses nema of stealing relief materials meant for idps an angry internally displaced wom <url>,18,115,0,0,1,0,0,0.16176470588235295,0,0,0
i don t doubt it but it was his implicit statement in doing it that makes me want him flattened by a bus <url>,24,110,0,0,1,0,0,0.046153846153846156,0,0,0
<user> so glad i saved them all at once then didn t want you stealing my thunder p,18,82,0,1,0,0,0,0.03296703296703297,0,0,1
as of <num> there were <num> beluga deaths reported at <hashtag> seaworld their average age <num> <num> <num> years <hashtag> opseaworld <url>,22,142,2,0,1,0,0,0.10317460317460317,0,0,1
i added a video to a <user> playlist <url> s <user> <num> sws fatality captain falcon vs snow fox ssb <num> losers,22,114,0,2,1,0,0,0.17692307692307693,0,0,0
ra l sends a message of condolence to vietnam following natural disaster <url>,13,78,0,0,1,0,0,0.0625,0,0,1
im gonna get naked and smoke my cigarette someone call me radneck or is it just too hot in here,20,95,0,0,0,0,0,0.35789473684210527,0,0,0
pennlive two families displaced by mechanicsburg blaze no one was injured in the fire <url>,15,91,0,0,1,0,0,0.08849557522123894,0,1,1
<user> <user> i want a full on bitch slapping guns blazing cake throwing charles showdown!! now that will be worth the wait ??,23,126,0,2,0,2,4,0.07194244604316546,1,0,0
campsite recommendations toilets shower pub fires no kids pizza shop forest pretty stream no midges no snakes thanks ??,19,119,0,0,0,0,2,0.0859375,0,0,1
on holiday to relax sunbathe and drink putting out bush fires? not so much ?? <hashtag> spain <url>,18,99,1,0,1,0,3,0.0625,0,0,0
my dad is panicking as my weight loss means he needs to hurry up with my new clothes fundwhen i reach my goal ??,24,112,0,0,0,0,2,0.017543859649122806,0,0,0
soo pumped for ablaze ?? <user>,6,31,0,1,0,0,4,0.45454545454545453,0,0,0
one direction is my pick for <url> fan army <hashtag> directioners <url> x <num>,14,80,1,0,2,0,0,0.1262135922330097,0,0,0
<user> everyone hoped we would join isis and get ventilated by marines while trying to detonate a bandolier of hot dogs at fort dix,24,131,0,1,0,0,0,0.05970149253731343,0,0,0
i almost sent my coworker nudes on accident thank god for airplane mode,13,71,0,0,0,0,0,0.014084507042253521,0,0,0
beyonce is my pick for <url> fan army <hashtag> beyhive <url> <num>,12,67,1,0,2,0,0,0.10112359550561797,0,0,0
hurricane guillermo live noaa tracking looping wed aug <num> th <url> <url> <url>,13,81,0,0,3,0,0,0.48507462686567165,0,0,1
isai <num> <num> psm <num> <num> every conspiracy against my lifting be scattered unto desolation in the name o f jesus,21,119,0,0,0,0,0,0.03669724770642202,0,0,0
<user> huge fire at wholesale markets ablaze <url>,8,50,0,1,1,0,0,0.09210526315789473,0,1,1
former freedom surf spa razed to make way for new homes <url>,12,61,0,0,1,0,0,0.20512820512820512,0,0,0
wow crackdown <num> uses multiple servers in multiplayer?!?! u can destroy whole buildings?!?! <hashtag> copped,15,111,1,0,0,4,4,0.030612244897959183,0,0,0
how to survive a dust storm <url>,7,33,0,0,1,0,0,0.18,0,0,1
motors hot deals <hashtag> <num> gt gt <url> <num> x <num> w <num> v <num> v led work light flood lamp tractor truck suv utv a <url>,27,132,1,0,2,0,0,0.23448275862068965,0,1,0
photographer brian ruebs endures <num> feet climb to capture bride and groom <url>,13,82,0,0,1,0,0,0.12244897959183673,0,0,0
paul rudd emile hirsch david gordon green prince avalanche q amp a filmmakers at google <url> <hashtag> entretenimento <hashtag> video,20,134,2,0,1,0,0,0.12318840579710146,0,0,0
violators of the new improved reddit will be shot into the sun survivors will be hurled into a black hole and then nuked,23,120,0,0,0,0,0,0.02459016393442623,0,0,0
neil eastwood <num> i am a knobhead!! bin laden family plane crashed after avoiding microlight and landing t <url>,19,114,0,0,1,2,0,0.16911764705882354,1,0,1
going to redo my nails and watch behind the scenes of desolation of smaug ayy,15,77,0,0,0,0,0,0.0,0,0,1
that took way longer than i expected,7,36,0,0,0,0,0,0.05555555555555555,0,0,0
marketforce perth named winner of sirens round <num> for iinet nbn buffering cat shark radio spot <url>,17,103,0,0,1,0,0,0.16101694915254236,0,0,0
epilepsy claims another common and still a challenge to treat superhero toddler with rare epilepsy dravet drowns <url>,18,118,0,0,1,0,0,0.050359712230215826,0,0,0
don t get burned twice by the same flame,9,40,0,0,0,0,0,0.024390243902439025,0,0,0
udhampur terror attack militants attack police post <num> spos injured suspected militants tonight attacked a p <url>,17,117,0,0,1,0,0,0.07407407407407407,0,1,1
<user> <user> i would cry in to my nuclear reactor cooling tank! <hashtag> winechat,14,83,1,2,0,1,0,0.06741573033707865,0,0,0
<user> govt should pass the bills in the pandemonium upa used to do it why cant nda?,17,84,0,1,0,0,1,0.0851063829787234,0,0,0
news <num> uk islamist cleric anjem choudary charged under terrorism act <url>,12,78,0,0,1,0,0,0.1827956989247312,0,0,1
hear <user> talk on how to avoid thousands of resistant infections deaths in next <num> yrs <url> <hashtag> adiossuperbacterias,19,127,1,1,1,0,0,0.07913669064748201,0,0,0
no don t evacuate the students just throw them in the dungeon that is stupid,15,76,0,0,0,0,0,0.02564102564102564,0,0,0
you re the snowstorm i m purified the darkest fairy tale in the pale moonlight,15,78,0,0,0,0,0,0.0125,0,0,0
it s crazy how a phone can do so much damage to a person,14,56,0,0,0,0,0,0.017857142857142856,0,0,0
<user> <user> <user> <user> let s have babies??!,8,48,0,4,0,1,2,0.05555555555555555,0,0,0
<user> i have lived amp my family have lived in countries where looters were shot on sight where rioting wasn t tolerated why here,24,130,0,1,0,0,0,0.013986013986013986,0,0,1
screams at my own mother <url>,6,30,0,0,1,0,0,0.5106382978723404,0,0,0
now that s what you call a batting collapse <hashtag> theashes,11,62,1,0,0,0,0,0.018867924528301886,0,1,1
how to remove <url> browser hijacker <url> <url>,8,48,0,0,3,0,0,0.18,0,0,0
breaking news haunting memories drawn by survivors <url>,8,56,0,0,1,0,0,0.06756756756756757,0,0,1
bitches be takin pics with bags bigger than they whole body ??,12,62,0,0,0,0,6,0.015151515151515152,0,0,0
<user> <user> lol usually but i m being objective here maybe uncle ben of course most deaths end up business as usual,22,117,0,2,0,0,0,0.07692307692307693,0,0,0
<user> the mass murder got her hot and bothered but at heart she was always a traditionalist,17,92,0,1,0,0,0,0.020833333333333332,0,0,1
wreckage conclusively confirmed as from mh <num> malaysia pm investigators and the families of those who were <url>,18,115,0,0,1,0,0,0.08088235294117647,0,0,1
pandemonium in aba as woman delivers baby without face photos <url>,11,67,0,0,1,0,0,0.1590909090909091,0,0,0
<user> oh fuck sake he is dead ??,8,33,0,1,0,0,4,0.04878048780487805,0,1,0
our big baby climbed up on this thing on wheels io hawk !his knee injury!! where s my belt?mr srk cook ur beautiful ass for punishment!,26,135,0,0,0,7,1,0.07194244604316546,1,0,0
well said sir my cousin was a pow brutally treated survived but never talked about it the bombing was justified <url>,21,117,0,0,1,0,0,0.1079136690647482,0,0,1
rly tragedy in mp some live to recount horror when i saw coaches of my train plunging into water i called my daughters and said t,26,129,0,0,0,0,0,0.051094890510948905,0,0,1
<user> california is in a drought what are you gonna do about this issue? if you want to be president this attitude won t work with m,27,133,0,1,0,0,1,0.03571428571428571,0,0,1
sydney traffic hazard oil spill bankstown stacey st at wattle st <hashtag> sydtraffic <hashtag> trafficnetwork,15,110,2,0,0,0,0,0.23404255319148937,0,0,1
<hashtag> dam <hashtag> gms olap <hashtag> world pres <url> how to recognize a hazardous waste and the multidimensional <url>,19,125,3,0,2,0,0,0.14285714285714285,0,0,1
pray! for east coast forest fires! pray! that they be put out pray! for rain!,15,77,0,0,0,5,0,0.5,0,0,1
police man in his early <num> s dies after shooting on vermont st <url> <url>,15,77,0,0,2,0,0,0.08181818181818182,0,0,1
plane debris is from missing mh <num> <url>,8,43,0,0,1,0,0,0.10526315789473684,0,0,1
rt twit san diego possible sinkhole disrupts trolley service a depression in a portion of asphalt in downtown sa <url>,20,118,0,0,1,0,0,0.09219858156028368,0,0,1
school bus hijacker given parole after <num> years <url>,9,56,0,0,1,0,0,0.15714285714285714,0,0,1
i wish i could get victoria s secret on front i m good for it,15,61,0,0,0,0,0,0.07936507936507936,0,0,0
the one thing i like about here is thunder heheh,10,48,0,0,0,0,0,0.058823529411764705,0,0,0
for maximum damage! activate big band mode for old timey obliteration!,11,70,0,0,0,2,0,0.18055555555555555,0,0,0
aww baby walter <hashtag> rewatchingthepilot <hashtag> teamscorpion <hashtag> cyclone,9,85,3,0,0,0,0,0.08333333333333333,0,0,0
on the outside you re ablaze and alive but you re dead inside,13,61,0,0,0,0,0,0.0,0,1,0
<user> deluge is such an awesome word no idea why i like it so much,15,67,0,1,0,0,0,0.06666666666666667,0,0,0
okay maybe not as extreme as thunder and lightning but pretty much all other types! <hashtag> fifa <num> <url>,19,110,1,0,1,1,0,0.10344827586206896,0,0,0
<user> <user> i think the mudslide cake lady will go and the hipster will unfortunately stay,16,92,0,2,0,0,0,0.03773584905660377,0,0,0
runaway minion causes traffic collapse in dublin <url>,8,54,0,0,1,0,0,0.09859154929577464,0,1,1
rt <user> we should build a wall that keeps burning man attendees from coming home <url> <url>,17,94,0,1,2,0,0,0.10869565217391304,0,0,0
i got evacuated from the cinema <num> mins through inside out kill me please,14,76,0,0,0,0,0,0.0547945205479452,0,0,0
build and share your own custom applications all within <user> w tc exchange <url> <hashtag> infosec <hashtag> dfir <hashtag> threatintel,20,137,3,1,1,0,0,0.13138686131386862,0,0,0
horrific attack on wife by muslim in italy <url> liveleak <hashtag> news,12,72,1,0,1,0,0,0.1125,0,0,1
robert ballew s log statements are always at the fatal level,11,60,0,0,0,0,0,0.11475409836065574,0,0,0
dramatic video shows plane landing during violent storm <url> <url>,10,67,0,0,2,0,0,0.17475728155339806,0,0,1
mentions of theatre shooting on twitter spike <num> min prior to ckec collapse <url>,14,84,0,0,1,0,0,0.0594059405940594,0,1,1
rt alisonannyoung exclusive fedex no longer to transport research specimens of bioterror pathogens in wake of anthrax lab mishaps,19,129,0,0,0,0,0,0.0962962962962963,0,0,0
trust us to get rescued by the dopey ones <hashtag> emmerdale <hashtag> summerfate,13,82,2,0,0,0,0,0.05970149253731343,0,0,0
<user> i haven t watched that one yet just finished catastrophe which is amazing,14,80,0,1,0,0,0,0.034482758620689655,0,0,0
private thirsty night?sad blood rock n roll? ??,8,47,1,0,0,0,4,0.375,0,0,1
new ladies shoulder tote handbag faux leather hobo purse cross body bag womens full read <url> <url>,17,100,0,0,2,0,0,0.15827338129496402,0,0,0
the result of failure in correcting structural problems with west s financial markets collapse <url>,15,100,0,0,1,0,0,0.059322033898305086,0,1,1
when you re in deep sleep and then you dream you re bout to fall off a cliff then wake up while struggling to keep a balance,27,124,0,0,0,0,0,0.008064516129032258,0,0,0
guys i have an imouto who isn t actually related to me by blood,14,63,0,0,0,0,0,0.13846153846153847,0,0,0
reuters top news photos the rocky fire has grown into california s most <url> <hashtag> newsintweets <url>,17,106,1,0,2,0,0,0.15827338129496402,0,1,1
tried orange aftershock today my life will never be the same,11,60,0,0,0,0,0,0.03278688524590164,0,0,0
im so anxious though because so many ppl will me watching me meet them and that makes me uncomfortable but i cant let that ruin the moment,27,138,0,0,0,0,0,0.21014492753623187,0,0,0
if you re not paying attention to your influencers you re burning money socialtimes <url>,15,89,0,0,1,0,0,0.15178571428571427,0,0,0
a better look at what this catastrophic rain and flooding has done to our <url>,15,79,0,0,1,0,0,0.04,0,0,1
tonight it s going to be mayhem <hashtag> <num> playthursdays everybody free w text <num> i st nw <num> <url>,20,109,1,1,1,0,0,0.16379310344827586,0,0,0
the u s bombed hiroshima <num> years ago today a look at how war has changed since <url> <url>,19,94,0,0,2,0,0,0.09375,0,0,1
<hashtag> tnn china s stock market crash are there gems in the rubble? <url>,14,76,1,0,1,0,1,0.22093023255813954,0,0,1
and i dont get waves of missing you anymore theyre more like tsunami tides in my eyess,17,86,0,0,0,0,0,0.0,0,0,1
governor allows parole for school bus hijacker <url>,8,52,0,0,1,0,0,0.13043478260869565,0,0,1
the secrets of the storm vortex the lightning catcher book <url>,11,64,0,0,1,0,0,0.16853932584269662,0,0,0
i want to be with you forever stay by my side on this special night fear and loathing in las vegas solitude x mas,24,113,0,0,0,0,0,0.07894736842105263,0,0,0
<user> <user> all the loves be screaming at this one ??,11,55,0,2,0,0,6,0.0410958904109589,0,0,0
a spider has legit just run across my chest traumatised for life,12,64,0,0,0,0,0,0.058823529411764705,0,0,0
<user> you said it s rude based on an experience kind of a next level sub tweet in a way lol either way you got worked up,27,121,0,1,0,0,0,0.046153846153846156,0,0,0
<num> years ago today the united states of america bombed hiroshima in japan,13,76,0,0,0,0,0,0.06756756756756757,0,0,1
sometimes god uses sorrowful tragedy to set the stage for glorious redemption david platt run for <url>,17,103,0,0,1,0,0,0.0546875,0,0,0
my avi and header combo is fire,7,31,0,0,0,0,0,0.06451612903225806,0,1,0
the murderous story of america s first hijacking <url>,9,54,0,0,1,0,0,0.1506849315068493,0,0,1
this the same dude that obliterated meek mill dont judge a book by its cover <url>,16,82,0,0,1,0,0,0.06930693069306931,0,0,0
suncorp net profit rises to <num> <num> billion in worst year of natural disaster claims <url>,16,94,0,0,1,0,0,0.047619047619047616,0,0,1
landslide in italian alps kills three rome reuters three people were killed when a severe rainstorm in th <url>,19,111,0,0,1,0,0,0.11029411764705882,0,0,1
<user> price rd north bound closed from university to rio salado lots of police what s crackin?,17,95,0,1,0,0,1,0.11428571428571428,0,0,1
obama declares disaster for typhoon devastated saipan <url>,8,59,0,0,1,0,0,0.1282051282051282,0,0,1
via <user> hundreds feared drowned as migrant boat capsizes off libya <url> <hashtag> ufo <num> ublogeurope,16,107,1,1,1,0,0,0.08771929824561403,0,0,1
classic ww hiroshima nagasaki atomic devastation hidden for decades the people of hiroshima and nagasaki <url>,16,110,0,0,1,0,0,0.12318840579710146,0,0,1
<user> any update on the mcclain injury from today s practice?<hashtag> nyg,12,75,1,1,0,0,1,0.09210526315789473,0,0,0
heart disease prevention what about secondhand smoke? <url>,8,59,0,0,1,0,1,0.1038961038961039,0,0,0
packing for ct aka my room looks like a war zone,11,48,0,0,0,0,0,0.0625,0,0,0
hurricane dancers the first caribbean pirate shipwreck margarita engle henry holt and co byr <url>,15,98,0,0,1,0,0,0.13934426229508196,0,0,0
online homeland security an appraisal of <hashtag> pakistan s <hashtag> anti terrorism <hashtag> act <url>,15,106,3,0,1,0,0,0.11,0,0,0
raffi rc rt sustainourearth oklahoma acts to limit earthquake risk at oil and gas wells scoopit <url> loving all thi,20,116,0,0,1,0,0,0.1357142857142857,0,1,1
<user> it s hotter there than phoenix this week with <num> x the humidity gt gt heat wave,18,89,0,1,0,0,0,0.0425531914893617,0,0,0
why tf did i decide to workout today? my body feels like it s been engulfed by a mass of fiery disdain,22,102,0,0,0,0,1,0.02912621359223301,0,0,0
<user> i defs will when it stops bleeding!,8,42,0,1,0,1,0,0.020833333333333332,0,0,1
men escape car engulfed in flames in parley s canyon crews investigating cause <url> <url>,15,90,0,0,2,0,0,0.11904761904761904,0,0,1
<user> came through like a tornado and destroyed me such beautiful words,12,72,0,1,0,0,0,0.024390243902439025,0,0,0
top link reddit s new content policy goes into effect many horrible subreddits banned or quarantined <url>,17,106,0,0,1,0,0,0.04838709677419355,0,0,0
<user> i couldn t <hashtag> mudslide,6,36,1,1,0,0,0,0.08823529411764706,0,0,1
faceless body belonged to my sister <hashtag> hiroshima <hashtag> nagasaki <hashtag> nuke survivors recall horrors <num> years on rt news <url>,21,143,3,0,1,0,0,0.07092198581560284,0,0,1
wreckage conclusively confirmed as from mh <num> malaysia pm investigators and the families of those who were <url>,18,115,0,0,1,0,0,0.09558823529411764,0,0,1
<user> <user> i am surprised we still cannot standardised the clinical practice across the <num> nhs ambulance trust,18,116,0,2,0,0,0,0.06666666666666667,0,0,0
metal cutting sparks brush fire in brighton a brush fire that was sparked by a landowner cutting metal burned <num> <url>,21,121,0,0,1,0,0,0.07913669064748201,0,1,1
cruise s m i <num> emergency plan awesome fail <url>,10,52,0,0,1,0,0,0.10294117647058823,0,0,0
<user> hey sally sorry have you emailed me? been awol bloody work argh! <user>,14,78,0,2,0,1,1,0.15555555555555556,0,0,0
<user> i hope that mountain dew erodes your throat and floods your lungs leaving you to drown to death,19,102,0,1,0,0,0,0.00909090909090909,0,0,1
entire town of roosevelt wash evacuated because of wildfire <url>,10,65,0,0,1,0,0,0.08433734939759036,0,0,1
<num> years since we annihilated <num> people instantly and became aware that we have the ability to annihilate the whole of humanity,22,133,0,0,0,0,0,0.0,0,0,1
<user> we need help! horses will die!please rt amp sign petition!take a stand amp be a voice for them! <hashtag> gilbert <num> <url>,23,132,1,1,1,4,0,0.060810810810810814,0,0,1
afghanistan sharp rise in women and children casualties in first half of <num> <url>,14,84,0,0,1,0,0,0.039603960396039604,0,0,1
to all the meat loving feminists of the world riot grill has arrived <url>,14,74,0,0,1,0,0,0.18681318681318682,0,0,1
<user> are you another stand user? if you are i will have to detonate you with my killer queen,19,94,0,1,0,0,1,0.0594059405940594,0,0,0
if you don t have anything nice to say you can come sit with me,15,63,0,0,0,0,0,0.015625,0,0,0
<hashtag> dnb <hashtag> newrelease edge jimmy summer rainstorm lapaka sounds <url> via <url>,13,92,2,0,2,0,0,0.25,0,0,0
i added a video to a <user> playlist <url> panic! at the disco collar full audio,16,80,0,1,1,1,0,0.1568627450980392,0,0,0
wow <hashtag> fifa <num> has pre season tournaments in career mode bloody hell evacuate the building <hashtag> whocares,18,119,2,0,0,0,0,0.1111111111111111,0,0,0
charred remains of homes on <num> nd st in manchester nh after fire rips through <num> buildings damaging neighboring homes <url>,21,129,0,0,1,0,0,0.058394160583941604,0,1,1
he is justifying why this quarrel would one day end in d obliteration of what remains as the state of pakistan <url>,22,116,0,0,1,0,0,0.037037037037037035,0,0,0
christian attacked by muslims at the temple mount after waving israeli flag via pamela geller <url>,16,99,0,0,1,0,0,0.10655737704918032,0,0,1
<num> hour parade like <num> people collapsed <hashtag> oneheartonemindonecss,9,77,1,0,0,0,0,0.12903225806451613,0,0,1
looks like a mudslide and tastes like rubber oh how i love the bake off! <hashtag> britishbakeoff <hashtag> paulhollywood,19,121,2,0,0,1,0,0.019417475728155338,0,0,0
<user> just hard reset my xbox,6,30,0,1,0,0,0,0.15625,0,0,0
rt america rt rt com eye of super typhoon soudelor seen from space time lapse <url> <url>,17,89,0,0,2,0,0,0.25,0,0,1
i liked a <user> video from <user> <url> battlefield hardline <num> new weapons new map throwingknifes!,16,103,0,2,1,1,0,0.18604651162790697,0,0,0
families to sue over legionnaires more than <num> families affected by the fatal outbreak of legionnaires disea <url>,18,117,0,0,1,0,0,0.04411764705882353,0,0,1
phones offers gt gt <url> <hashtag> <num> <num> pin lightning connector <num> <num> a car charger for apple <num> <num> s <num> c <num> <num> ip <url>,27,150,1,0,2,0,0,0.13793103448275862,0,0,0
it s been <num> years and one hour since the bombing of hiroshima let s take this time to remember,20,98,0,0,0,0,0,0.030303030303030304,0,0,1
<user> idek how is there people who actually think he s a terrorist,13,67,0,1,0,0,0,0.6842105263157895,0,0,0
three <hashtag> people were <hashtag> killed when a severe <hashtag> rainstorm in the <hashtag> italian <hashtag> alps caused a <hashtag> landslide <url>,22,153,6,0,1,0,0,0.059322033898305086,0,0,1
wreckage conclusively confirmed as from mh <num> malaysia pm investigators and the families of those who were <url>,18,115,0,0,1,0,0,0.09558823529411764,0,0,1
<hashtag> kick <hashtag> hurricane seriously <hashtag> simple websites <url> looking for a seriously simple program to <url>,17,124,3,0,2,0,0,0.12121212121212122,0,0,1
update i survived no canoe may have been the fastest feed out in history though,15,79,0,0,0,0,0,0.047058823529411764,0,0,1
matako <num> breaking news! unconfirmed! i just heard a loud bang nearby in what appears to be a blast of wind from my neighbour s ass,26,134,0,0,0,2,0,0.022556390977443608,0,0,0
<user> thx for your great encouragement and for rt of new video <url> the coming apocalyptic us earthquake amp tsunami,20,118,0,1,1,0,0,0.18309859154929578,0,1,1
suicide bombing is just the fear of dying alone,9,47,0,0,0,0,0,0.02127659574468085,0,0,1
dangerous property in downtown phoenix demolished <url>,7,55,0,0,1,0,0,0.05333333333333334,0,0,0
another white mass murderer thank god i m from california <user>,11,64,0,1,0,0,0,0.1111111111111111,0,0,1
i had a meltdown in demi s instagram comments <url>,10,51,0,0,1,0,0,0.04411764705882353,0,0,0
york co first responders compete to save lives in badges for blood <hashtag> paramedic <hashtag> ems <url>,17,106,2,0,1,0,0,0.09821428571428571,0,0,0
<num> printable emergency plan templates <url>,6,46,0,0,1,0,0,0.11864406779661017,0,0,0
<hashtag> greece s tax revenues collapse as debt crisis continues via <user> <hashtag> bailout <url> mp,16,103,2,1,1,0,0,0.03773584905660377,0,1,1
<user> <user> being injury prone isn t actually just suffering injuries often,12,77,0,2,0,0,0,0.01020408163265306,0,0,0
<num> <num> <num> <user> <num> pm traffic accident no injury at <num> willis foreman rd <url>,16,93,0,1,1,0,0,0.5053763440860215,0,0,1
what if every <num> wins in ranked play gave you a special card back would be cool for the long te <url>,22,104,0,0,1,0,0,0.032,0,0,0
<hashtag> philippines former township fire truck being used in philippines of emergency equipment in cebu philippi <url>,17,120,1,0,1,0,0,0.07971014492753623,0,1,1
lol meerkat is fucked they will get demolished by periscope and facebook live streaming,14,87,0,0,0,0,0,0.033707865168539325,0,0,0
investigators say a fatal virgin galactic spaceship crash last year was caused by structural failure after the <url>,18,116,0,0,1,0,0,0.051470588235294115,0,0,1
panicking because maybe my bff left me at china bar or maybe tindering on the toilet for <num> mins,19,99,0,0,0,0,0,0.031578947368421054,0,0,0
zeal is a volcano the peak of which the grass of indecisiveness does not grow,15,77,0,0,0,0,0,0.012987012987012988,0,0,1
checkout all the nurgle rules amp features that snuck in on khrone s wd! <url> <url>,16,84,0,0,2,1,0,0.15833333333333333,0,0,0
bloody hell it s already been upgraded to rioting <hashtag> hyperbole <hashtag> saintsfc,13,88,2,0,0,0,0,0.0136986301369863,0,0,1
i m loving this classic barn shot! we may or may not have got electrocuted got stung a few times and stepped in <url>,24,117,0,0,1,1,0,0.058394160583941604,0,0,1
that was crushed holy shit,5,26,0,0,0,0,0,0.038461538461538464,0,0,0
<hashtag> uk bin laden family plane crashed after avoiding microlight and landing too far down runway three members <url>,19,121,1,0,1,0,0,0.0661764705882353,0,0,1
i didn t want to hurt you but the fear drove me to do it midnight,16,65,0,0,0,0,0,0.024691358024691357,0,0,0
well done me! everyone applaud me and how terrific i am and how i never ruin anything,17,85,0,0,0,1,0,0.0,0,0,0
the things we fear most in organizations fluctuations disturbances imbalances are the primary sources of creativity margaret wheatley,18,133,0,0,0,0,0,0.021739130434782608,0,0,0
rt skanndtyagi wired reddit will now quarantine offensive content <url> <url>,11,77,0,0,2,0,0,0.1652892561983471,0,0,0
annihilated abs ?? <url>,4,24,0,0,1,0,2,0.09302325581395349,0,0,1
<hashtag> aerospace <hashtag> exec plane debris is from missing mh <num> part of the aircraft wing found on reunion island is from th <url>,24,139,2,0,1,0,0,0.05714285714285714,0,0,1
<user> <user> i tried downloading it and it crashed after the tutorial,12,70,0,2,0,0,0,0.0,0,0,0
a good piece on israeli incitement and jewish terrorism by beinart <url>,12,72,0,0,1,0,0,0.1111111111111111,0,0,1
<num> dead as afghanistan aircraft crashes an afghan military helicopter has crashed in a remote region of the s <url>,20,118,0,0,1,0,0,0.043795620437956206,0,1,1
tianta breaking news! unconfirmed! i just heard a loud bang nearby in what appears to be a blast of wind from my neighbour s ass,25,128,0,0,0,2,0,0.022727272727272728,0,0,1
author interview michele rosenthal author of your life after trauma,10,67,0,0,0,0,0,0.11764705882352941,0,0,0
this desperation dislocation separation condemnation revelation in temptation isolation desolation let it go and so to find away,18,128,0,0,0,0,0,0.0390625,0,0,1
does this prepare us? hhs selects <num> regional special <hashtag> pathogen treatment centers <hashtag> bioterrorism <hashtag> infectious <hashtag> ebola <url>,20,159,4,0,1,0,1,0.13970588235294118,0,0,0
<hashtag> nowplaying school of seven bells windstorm <hashtag> wzbt,9,67,2,0,0,0,0,0.21568627450980393,0,0,0
<num> yr old boy pic pkk suicide bomber who detonated bomb in turkey army trench <url> <url>,17,92,0,0,2,0,0,0.13114754098360656,0,0,1
malik saadthe best police officer produced by kpdied in a suicide bombing on <num> jan <num> he was more than a brother to me <hashtag> kppolice,26,144,1,0,0,0,0,0.06060606060606061,0,0,1
<hashtag> hot funtenna hijacking computers to send data as sound waves black hat <num> <url> <hashtag> prebreak <hashtag> best,19,126,3,0,1,0,0,0.05042016806722689,0,0,0
the best mind is clear content and observations for days <url>,11,62,0,0,1,0,0,0.08433734939759036,0,0,0
reddit s new content policy goes into effect many horrible subreddits banned or quarantined <url> <url>,16,103,0,0,2,0,0,0.029197080291970802,0,0,0
slayer reflects on low mayhem festival attendance king diamond amp jeff hanneman s passing <url>,15,96,0,0,1,0,0,0.12173913043478261,0,0,0
<hashtag> incident crash in pascoe vale south outbound on tullamarine fwy citylink near moreland rd vehicles off in emergency lane no delays,22,140,1,0,0,0,0,0.14705882352941177,0,0,1
if you told me ten years ago that i d be seeing anime on the big screen i probably would have exploded,22,102,0,0,0,0,0,0.027777777777777776,0,0,0
do you feel engulfed with low self image? take the quiz <url> <url>,13,67,0,0,2,0,1,0.12745098039215685,0,0,0
<user> aww they re on an airplane accident and they re gonna die what a cuties ?? good job!,19,91,0,1,0,1,4,0.038461538461538464,0,0,1
if a nigga was a threat then that boy ah be thru ??,13,51,0,0,0,0,4,0.018867924528301886,0,0,0
<user> fucking live here im surprised ive survived this long,10,60,0,1,0,0,0,0.7424242424242424,0,0,0
<num> th person dies in ny legionnaires disease outbreak <url> <hashtag> sebee,12,78,1,0,1,0,0,0.18292682926829268,0,0,1
i still don t know how <num> hours of physical activity in the blazing sun isn t a sport,19,88,0,0,0,0,0,0.011764705882352941,0,0,0
these boxes are ready to explode! exploding kittens finally arrived! gameofkittens <hashtag> explodingkittens <url>,14,115,1,0,1,2,0,0.07086614173228346,0,0,0
people with a <hashtag> tattoo out there are u allowed to donate blood and receive blood as well or not?,20,104,1,0,0,0,1,0.010309278350515464,0,0,1
oh no the boots amp hearts social media inundation is starting please no,13,72,0,0,0,0,0,0.05194805194805195,0,0,0
render assistance gain as proxy for your hostages to fortune ssu <url>,12,70,0,0,1,0,0,0.07954545454545454,0,0,0
<user> of the british upper class and his manservant the pampered wealthy brit causes a catastrophic shift reversal of,19,118,0,1,0,0,0,0.04411764705882353,0,0,0
<user> your hot take on canada s hitchhiking garbage bot destroyed in philly was sorely needed,16,94,0,1,0,0,0,0.0392156862745098,0,0,1
collapsed the moment i got home last night lol,9,46,0,0,0,0,0,0.0,0,0,0
the latest washington <hashtag> wildfire misses town evacuations end khq right now <url>,13,88,1,0,1,0,0,0.13,0,0,1
<user> <user> it s impossible for me too ww like i can t survive a day without meat wew,19,87,0,2,0,0,0,0.23232323232323232,0,0,0
<user> on the block we hear sirens amp stories of kids getting lemonade only to see their life get minute made we talking semi paid,25,131,0,1,0,0,0,0.10638297872340426,0,0,0
an outbreak of legionnaires disease in new york has killed at least <num> people <user> <url> <url>,17,99,0,1,2,0,0,0.14285714285714285,0,0,1
study wider variety of therapies could help vets troops with ptsd <url> <url> via <user>,15,88,0,1,2,0,0,0.1417910447761194,0,0,0
la times refugio oil spill may have been costlier bigger than projected <url>,13,77,0,0,1,0,0,0.05263157894736842,0,0,1
yo i got bars and i m not even a rapper,11,39,0,0,0,0,0,0.07692307692307693,0,0,0
calgary area tornado warnings end as thunderstorms move eastward cbc ca cbc ca calgary area tornado warnings end <url>,19,118,0,0,1,0,0,0.09219858156028368,0,0,1
even when i was a kid haha super late but folks used to bash me for that shit i understand he survived cancer but he still cheated,27,130,0,0,0,0,0,0.023076923076923078,0,0,0
breaking fairfax county firefighter placed on admin leave amid probe into facebook post about putting police in body bags dept says,21,131,0,0,0,0,0,0.08088235294117647,0,0,0
<user> thanks i narrowly averted death that was fun you re right,12,64,0,1,0,0,0,0.04477611940298507,0,0,1
i moved to england five years ago today what a whirlwind of time it has been! <url>,17,83,0,0,1,1,0,0.06930693069306931,0,0,1
<user> the end of times are upon us famine war death plague the presence is growing stronger,17,92,0,1,0,0,0,0.10752688172043011,0,0,0
smoke the weed snoop lion ft collie buddz,8,41,0,0,0,0,0,0.1590909090909091,0,0,0
don t forget tragedy ?? <url>,6,29,0,0,1,0,14,0.13559322033898305,0,0,0
by accident they knew what was gon happen <url>,9,47,0,0,1,0,0,0.04477611940298507,0,0,0
we walk the plank of a sinking ship,8,35,0,0,0,0,0,0.02857142857142857,0,0,0
policyholders object to clico rescue plan <url> <url>,8,53,0,0,2,0,0,0.12643678160919541,0,0,1
louis vuitton monogram sophie limited edition clutch cross body bag full read by ebay <url> <url>,16,97,0,0,2,0,0,0.15037593984962405,0,0,0
just thought i d let you all know it s probably not a good idea to plug in your hairdryer when it s wet you will be electrocuted,28,128,0,0,0,0,0,0.022727272727272728,0,0,0
india shud not give any evidence <num> pak they will share with terrorists amp use for next attack share with oth contries <url>,23,128,0,0,1,0,0,0.05555555555555555,0,0,1
<user> <user> <user> <user> not really sadly i have come to expect that from obama,15,82,0,4,0,0,0,0.09523809523809523,0,0,0
captain abbott must go down with lnp boat <hashtag> refugees <hashtag> christianvalues <url>,13,92,2,0,1,0,0,0.08695652173913043,0,0,0
it partially has something to do with my trauma as well but that s a long story and honestly i don t like to talk about it,27,122,0,0,0,0,0,0.024193548387096774,0,0,0
no but seriously i will electrocute half of uk army s so i can touch bangtan i do not play games when it comes to bts,26,117,0,0,0,0,0,0.042735042735042736,0,0,0
<hashtag> bhramabull watch run the jewels use facts to defend rioting in ferguson the socially minded duo takes on the <url>,21,124,1,0,1,0,0,0.17647058823529413,0,0,1
would have just flattened the little midget ?? <url>,9,52,0,0,1,0,2,0.05714285714285714,0,0,0
s <num> xleak!! ph <num> tos of <num> yrs old ash <user> lady in festac town from delta exp <num> sed on bbm <num> leaked pictures <url>,27,136,0,1,1,3,0,0.12598425196850394,1,0,0
i <num> eb at ms line update offloading the hazardous material is going much slower than expected road could stay closed until tomorrow am,24,138,0,0,0,0,0,0.06521739130434782,0,0,1
<user> haha so would you say its so hot your balls are burning off??,14,68,0,1,0,0,4,0.05263157894736842,0,0,1
micom <num> summer contrast candy color bowknot cross body tote shoulder bags for womengirls with micom zip po <url>,19,116,0,0,1,0,0,0.17424242424242425,0,0,0
do me a favor and fall off a cliff,9,34,0,0,0,0,0,0.029411764705882353,0,0,0
<url> seems they declared war against government,7,48,0,0,1,0,0,0.07352941176470588,0,0,1
<user> <user> right?? yep you re a witness to his injuries haha it s a gauze!,16,77,0,2,0,1,2,0.1595744680851064,0,0,0
<user> i m telling your mom your up past curfew oth,11,51,0,1,0,0,0,0.017241379310344827,0,0,0
<user> satan s daughter shadow warrior in <num> ft women aka transgender mode ps nyc is about to fold extra extra center of bioterrorism,24,136,0,1,0,0,0,0.014598540145985401,0,0,1
screams in <num> different languages,5,36,0,0,0,0,0,0.0,0,0,0
mike magner discusses a trust betrayed <url> via <user> <hashtag> military <hashtag> veterans <hashtag> environment,15,115,3,1,1,0,0,0.09259259259259259,0,0,0
<user> i think we ve only had like one black mass murderer in the history of mass murders white people do that shit,23,115,0,1,0,0,0,0.03361344537815126,0,0,1
dtn brazil experts in france begin examining airplane debris found on reunion island french air accident exp <url>,18,114,0,0,1,0,0,0.11029411764705882,0,0,1
breaking obama officials gave muslim terrorist the weapon used in texas attack <url>,13,84,0,0,1,0,0,0.22549019607843138,0,0,1
freed <hashtag> bokoharam captives speak up i will make sure she goes to school <user> <url> <url>,17,98,1,1,2,0,0,0.07575757575757576,0,0,0
<user> <user> <user> how silly that one of only two countries that can destroy the world has a say about world security,22,119,0,3,0,0,0,0.02158273381294964,0,0,1
<user> <user> sweet lord i collapse as my knees buckle,10,54,0,2,0,0,0,0.1095890410958904,0,1,0
a wasp just dive bombed my face,7,31,0,0,0,0,0,0.03225806451612903,0,0,0
police gunman reported dead at nashville area theater a suspect who carried a gun and a hatchet at the carmi <url>,21,114,0,0,1,0,0,0.0661764705882353,0,1,1
the latest more homes razed by northern california wildfire <url> <url>,11,71,0,0,2,0,0,0.12962962962962962,0,0,1
how the west was burned thousands of wildfires ablaze in <hashtag> california alone <url> <hashtag> climate <hashtag> energy <url>,19,130,3,0,2,0,0,0.08695652173913043,0,0,1
<num> equipment ego break upon dig your family internet hoke excepting versus a sinking term dfljev,16,99,0,0,0,0,0,0.041666666666666664,0,0,1
saving the city in old town the proposed demolition of <num> west burton <url> <user> for <user>,17,96,0,2,1,0,0,0.11382113821138211,0,0,1
<user> so going to make any bomb threats? <user>,9,48,0,2,0,0,1,0.09375,0,0,0
one of these candidates is going to have a frank grimes level meltdown with how voters love trump no matter what <url>,22,118,0,0,1,0,0,0.051470588235294115,0,0,0
a little piece i wrote for the avalanche designs blog! i d appreciate it greatly if you checked it out <url>,21,108,0,0,1,1,0,0.04580152671755725,0,0,0
pov footage captures violent landing from inside plane during storm <url>,11,73,0,0,1,0,0,0.06666666666666667,0,0,1
we can help says denver firefighter working to curb first responder suicide <url>,13,81,0,0,1,0,0,0.15384615384615385,0,0,1
owner of chicago area gay bar admits to arson scheme <url> <hashtag> lgbt <url>,14,79,1,0,2,0,0,0.19626168224299065,0,0,0
me trying to pass lax with my family ends up by me having to run after the ball after it gets bombed over my head,25,113,0,0,0,0,0,0.008849557522123894,0,0,0
sean end career sg blizzard vs knockout <url>,8,45,0,0,1,0,0,0.36363636363636365,0,0,0
setting up an emergency fund in <num> easy steps you never know when a surprise expense will pop up so work up t <url>,24,118,0,0,1,0,0,0.10294117647058823,0,0,0
kakeru teduka bfore <num> years of today in hiroshima it s exploded the one atomic bomd it is so sad day <url>,22,110,0,0,1,0,0,0.056,0,0,1
tv vitaly churkin briliantly exposes the hypocrisy of the ukraine s fm klimkin about the mh <num> disaster <url>,19,112,0,0,1,0,0,0.1349206349206349,0,0,1
aug <num> <num> radio show articles <num> eyewitness account of abortion organ harvesting by planned parenthood <url>,17,117,0,0,1,0,0,0.08888888888888889,0,0,0
? this weekend stockholm sweden aug <num> at copperfields <url>,10,63,0,0,1,0,1,0.10126582278481013,0,0,1
your phone is spying on you! hidden back door nsa data mining software the financial armageddon blog <url>,18,106,0,0,1,1,0,0.48,0,0,0
so derailed benchmark is cool for paths i wonder if i can run it to find leaks in jobs given to resque too?,23,107,0,0,0,0,1,0.01818181818181818,0,0,0
guns are for protection that shit really shouldn t be used unless your life in danger,16,85,0,0,0,0,0,0.022727272727272728,0,0,0
the worst voice i can ever hear is the nikki your in trouble voice from my mom,17,78,0,0,0,0,0,0.037037037037037035,0,0,0
kc <num> kh mhtw <num> fnet crews gaining on huge northern california wildfire cbs news,15,87,0,0,0,0,0,0.10256410256410256,0,0,1
<hashtag> ovofest drake straight body bagging meek on that ovo stage <hashtag> ziphimup!,13,88,2,0,0,1,0,0.23943661971830985,0,0,0
a true <hashtag> tbt eyewitness news wbre wyou <url>,9,52,1,0,1,0,0,0.3114754098360656,0,0,0
what irony debris of flight mh <num> found on reunion island,11,60,0,0,0,0,0,0.13333333333333333,0,0,1
death threats on a nigga life well then we gon see,11,50,0,0,0,0,0,0.02,0,0,0
which is true to an extent the obliteration of white privilege would reduce unfair favoritism,15,93,0,0,0,0,0,0.021052631578947368,0,0,0
evacuation order lifted for town of roosevelt <url> <url>,9,57,0,0,2,0,0,0.15217391304347827,0,1,1
<user> trump is a climate denier algae bloom in the pacific from calif to alska seeweed in caribean forest fires snowball inhofe,22,128,0,1,0,0,0,0.2517985611510791,0,0,1
<user> thank you!! i survived ??,6,32,0,1,0,3,4,0.21951219512195122,1,0,0
<hashtag> papiichampoo what i enjoy most about the obama era is the civility prez says gop supports iranian death to <url>,21,122,1,0,1,0,0,0.09558823529411764,0,0,0
how do people bake without turning their kitchen into a war zone of eggs and flour,16,82,0,0,0,0,0,0.012195121951219513,0,0,0
<hashtag> stormchase violent record breaking ef <num> el reno oklahoma tornado nearly runs over <url> <url>,16,107,1,0,2,0,0,0.16417910447761194,0,0,1
worked at a fast food joint poured burnt hot oil down the sink it hit the water in the trap and exploded <user> <hashtag> worstsummerjob,25,136,1,1,0,0,0,0.1366906474820144,0,0,0
<user> felt remorse for missing pam drowned it with these guys really like jason s part vi outfit <url>,19,103,0,1,1,0,0,0.10526315789473684,0,0,0
meek mill begging nicki minaj to let him obliterate <hashtag> ovofest <hashtag> nowplaying <url> <url>,15,102,2,0,2,0,0,0.1487603305785124,0,0,0
<user> <user> <user> of a major american newspaper running a series on all the alleged bioterrorism research going on <num> n,21,125,0,3,0,0,0,0.04285714285714286,0,0,1
aug <num> the fort calhoun nuclear station is at <num> capacity today according to the nrc <url>,17,96,0,0,1,0,0,0.10810810810810811,0,0,0
<user> i feel like accidents are just drawn to you but i m happy you ve survived all of them hope you re okay!!,24,111,0,1,0,3,0,0.024390243902439025,1,0,0
this was boston yesterday after an intense hailstorm x post from r cityporn <num> <num> <url> <url>,17,99,0,0,2,0,0,0.08450704225352113,0,0,1
<hashtag> flood <hashtag> disaster burst water pipe floods apartments at nycha senior center ny <num> ny <num> burst water pipe floods a <url>,23,142,2,0,1,0,0,0.19117647058823528,0,1,1
i liked a <user> video from <user> <url> mortal kombat x pc gameplay fatalities x rays mkx,17,90,0,2,1,0,0,0.1774193548387097,0,0,0
now playing darude sandstorm radio edit <url> <url>,8,51,0,0,2,0,0,0.13333333333333333,0,0,0
plans by former first lady and wife of ex president goodluck jonathan dame patience jonathan to hijack the all <url>,20,116,0,0,1,0,0,0.11764705882352941,0,0,1
us wont upgrade its infrastructure? <url> it a bad situation and its going to get ugly very quickly <hashtag> usa <hashtag> sustainability,22,138,2,0,1,0,1,0.08695652173913043,0,0,1
back from seattle tacoma and portland whirlwind! <url>,8,54,0,0,1,1,0,0.125,0,0,1
map typhoon soudelor s predicted path as it approaches taiwan expected to make landfall over southern china by s <url>,20,118,0,0,1,0,0,0.09285714285714286,0,0,1
a young heavyweight rapping off of detonate i been a leader not a lemon better get it straight ??,19,97,0,0,0,0,2,0.020618556701030927,0,0,0
<user> <hashtag> fettilootch is <hashtag> slanglucci oppressions greatest danger coming soon the album <url>,14,108,2,1,1,0,0,0.6216216216216216,0,0,0
apollo brown detonate f m o p <url>,8,35,0,0,1,0,0,0.16666666666666666,0,0,0
<num> v <num> v <num> w led warm white light motion sensor outdoor flood light pir lamp auc <url> <url>,20,103,0,0,2,0,0,0.24603174603174602,0,1,0
<num> years after the sikh temple massacre hate violence prevention is key <user> <user> <url> <url>,16,100,0,2,2,0,0,0.13768115942028986,0,0,1
exquisite asian in sto <url> <hashtag> cumshot <hashtag> sex <hashtag> porn <hashtag> video <hashtag> porno <hashtag> free,17,122,6,0,1,0,0,0.056818181818181816,0,0,0
<user> i promise not to tax pancakes or rainbows or not dying in a fire,15,71,0,1,0,0,0,0.038461538461538464,0,1,0
<user> yes life has a <num> fatality rate,8,41,0,1,0,0,0,0.043478260869565216,0,0,0
<user> <user> to hold free webinar on <hashtag> wildfire mitigation <num> <num> at <num> pm et <url> <user> <user>,19,114,1,4,1,0,0,0.12213740458015267,0,0,1
<num> years after atomic bombs japan still struggles with war past the anniversary of the devastation wrought b <url>,19,117,0,0,1,0,0,0.1037037037037037,0,0,1
storm damage reported in west tennessee <url>,7,45,0,0,1,0,0,0.11290322580645161,0,0,1
i really wants a rolo blizzard but mom said no so i guess no dq tonight,16,71,0,0,0,0,0,0.056338028169014086,0,0,0
my head is gonna explode,5,24,0,0,0,0,0,0.041666666666666664,0,0,0
<user> yep during floods of <num> or <num> clyde dam releasing every bit of water it could most speccy! ev charging your way?,23,125,0,1,0,1,1,0.0661764705882353,0,0,1
shadowflame and the wraith bombed <url> via <user>,8,50,0,1,1,0,0,0.11594202898550725,0,0,1
<user> <user> fatality!,3,23,0,2,0,1,0,0.08333333333333333,0,0,0
<user> death to muslims,4,23,0,1,0,0,0,0.02857142857142857,0,0,1
but put flood of fire at the top of the list <url>,12,50,0,0,1,0,0,0.08333333333333333,0,1,1
the only thing that stands between you and your dream is the will to try and the belief that it is actually possible joel brown,25,127,0,0,0,0,0,0.022727272727272728,0,0,0
eurocrisis guardian greece s tax revenues collapse as debt crisis continues as talks continue over proposed <url>,17,113,0,0,1,0,0,0.11594202898550725,0,1,1
niggas favorite question is why you single ?? bitch i don t know pussy too wet almost drowned a nigga ??,21,104,0,0,0,0,12,0.017857142857142856,0,0,0
well done celtic fingers crossed for aberdeen tomorrow night! armageddon eh ??,12,78,0,0,0,1,2,0.060240963855421686,0,0,0
massive typhoon heads toward taiwan <url>,6,41,0,0,1,0,0,0.1016949152542373,0,0,1
rt <user> reddit will now quarantine offensive content <url>,9,60,0,1,1,0,0,0.16666666666666666,0,0,0
<user> more like blown up amirite,6,33,0,1,0,0,0,0.2,0,0,0
i feel like i m drowning inside my own body!!,10,45,0,0,0,2,0,0.044444444444444446,1,0,0
richmond police officer wounded suspect killed <url>,7,52,0,0,1,0,0,0.07246376811594203,0,0,1
watertown gazette owner charged in wreck <url>,7,46,0,0,1,0,0,0.12698412698412698,0,0,1
cont d <hashtag> sinjar referring to a <num> pg document the group put together on the movt of <hashtag> yazidi hostages in the days following <hashtag> is massacre <num>,29,170,3,0,0,0,0,0.03571428571428571,0,0,1
<user> happy birthday big d!! i miss you girl hope you have a bomb one ?? <url>,17,79,0,1,1,3,4,0.08411214953271028,1,0,0
lt meltdown of proportions commences i manage to calm myself long enough to turn the waters to hot and wait for the steam to cloud my vision,27,140,0,0,0,0,0,0.007042253521126761,0,0,0
ignition knock detonation sensor connector connecto motorcraft wpt <num> <url> <url>,11,84,0,0,2,0,0,0.23728813559322035,0,0,0
i crushed a <num> <num> km run with a pace of <num> <num> with nike sportwatch gps <hashtag> nikeplus <url>,20,107,1,0,1,0,0,0.09523809523809523,0,0,0
<user> that s not my take from his piece not putting that ambition in check will destroy the change we voted for the change we seek,26,131,0,1,0,0,0,0.007194244604316547,0,0,0
a rocket to the moon ? sleeping with sirens ?a rocket to the moon ??,15,68,0,0,0,0,14,0.16455696202531644,0,0,0
<hashtag> nuclear policy of <hashtag> japan without responsibility about nuclear <hashtag> disaster will repeat same <hashtag> failure <hashtag> annonymous <hashtag> guardian <hashtag> nytimes <hashtag> reuters,25,210,8,0,0,0,0,0.05755395683453238,0,0,1
choose to be happy fire truck the rest <url> ?? review of kick push by <user>,16,77,0,1,1,0,5,0.12612612612612611,0,1,0
<hashtag> borrowers concerned at possible <hashtag> interest rate rise this could be a <hashtag> catastrophe <url>,16,114,3,0,1,0,0,0.06666666666666667,0,0,0
hope dorett s mudslide cake wins?? <hashtag> gbbo,8,49,1,0,0,0,2,0.14285714285714285,0,0,0
dozens die as two trains derail into a river in india <url>,12,59,0,0,1,0,1,0.10989010989010989,0,0,1
<num> <num> pm thunderstorm no rain <num> degrees this weather weird,11,68,0,0,0,0,0,0.047619047619047616,0,0,1
<user> <user> <user> snow? thunder and lightning?,7,49,0,3,0,0,2,0.1746031746031746,0,0,1
tips so that finding the customers ego drought dqsvyusy,9,55,0,0,0,0,0,0.08928571428571429,0,0,0
i want to smoke ??,5,18,0,0,0,0,2,0.05555555555555555,0,0,0
<hashtag> ika <hashtag> tuning soup <hashtag> diet recipes fat burning soup recipes <url> fat burning soup diet recip <url>,19,123,3,0,2,0,0,0.08270676691729323,0,0,0
twelve feared killed in pakistani air ambulance helicopter crash <url>,10,70,0,0,1,0,0,0.06896551724137931,0,0,1
zimbabwe is a country with a collapsed government ruled by a dictator while many live below the poverty line,19,108,0,0,0,0,0,0.009174311926605505,0,0,0
how do you derail a train at smithsonian?,8,41,0,0,0,0,1,0.045454545454545456,0,0,1
long road to ruin foo fighters,6,30,0,0,0,0,0,0.1875,0,0,0
when houston and nyc collide ?? <user> <user> <user> <user> <user> <hashtag> gemma <hashtag> bowe <url>,16,103,2,5,1,0,2,0.056338028169014086,0,0,1
credit to <user> for inspiring me to rediscover this fantabulous <hashtag> tbt <url>,13,84,1,1,1,0,0,0.04,0,0,0
element of freedom the biggest party of the summer mirage saturday! tickets at <url>,14,84,0,1,1,1,0,0.11538461538461539,0,0,0
<hashtag> breakingnews rly tragedy in mp some live to recount horror when i saw coaches of my train plunging into wa <url>,22,122,1,0,1,0,0,0.07971014492753623,0,0,1
malaysian prime minister says reunion island wreckage is from mh <num> <url> via <user>,14,87,0,1,1,0,0,0.09803921568627451,0,0,1
the latest more homes razed by northern california wildfire <url> <url>,11,71,0,0,2,0,0,0.14814814814814814,0,0,1
i ve just watched episode s <num> e <num> of bloody monday! <url> <hashtag> bloodymonday <hashtag> tvshowtime <url>,18,115,2,0,2,1,0,0.09836065573770492,0,0,0
rss judge orders texas to recognize spouse on same sex death certificate <url>,13,78,0,0,1,0,0,0.09278350515463918,0,0,0
i think bombing iran would be kinder <url>,8,42,0,0,1,0,0,0.09523809523809523,0,0,0
critters climate and two plague deaths in colorado <url>,9,56,0,0,1,0,0,0.0684931506849315,0,0,1
smoke ave streets hottest youngins,5,34,0,0,0,0,0,0.029411764705882353,0,0,0
nw michigan <hashtag> windstorm sheer recovery updates leelanau amp grand traverse state of emergency <num> b extended <url> <hashtag> besafe,20,141,2,0,1,0,0,0.14084507042253522,0,0,1
maryland mansion fire that killed <num> caused by damaged plug under christmas tree report says into the flames <url>,19,117,0,0,1,0,0,0.05185185185185185,0,1,1
pandemonium in aba as woman delivers baby without face <url> <url>,11,66,0,0,2,0,0,0.14563106796116504,0,0,0
reasons <user> has exploded on <user> <hashtag> <num> <url>,9,59,1,2,1,0,0,0.07894736842105263,0,0,0
<user> oh my god the memories are flooding back,9,47,0,1,0,0,0,0.6346153846153846,0,0,0
outdoor siren test <num> pm the fgcu siren will be tested at <num> pm today another message will be sent when the test is concluded,25,131,0,0,0,0,0,0.07936507936507936,0,0,0
new <hashtag> photo oak in a snowstorm <url> on the <hashtag> southdowns <hashtag> hampshire <hashtag> winter <hashtag> photography <hashtag> art <hashtag> tree <hashtag> treescape <hashtag> treeporn,26,199,9,0,1,0,0,0.0962962962962963,0,0,0
mad river complex fires have burned <num> acres <num> contained the mad river complex fires in trinity county <url>,19,115,0,0,1,0,0,0.11940298507462686,0,0,1
the tragedy of life is not that it ends so soon but that we wait so long to begin it w m lewis <hashtag> quotes,25,111,1,0,0,0,0,0.03773584905660377,0,0,0
<user> <user> <user> usually i d agree once the whole chopping heads off throwing gays off rooftops amp suicide bombing start,21,125,0,3,0,0,0,0.0425531914893617,0,0,1
<user> <user> just order a blizzard pay then put your nuts in it say they have you ball flavored boom free ice cream,23,116,0,2,0,0,0,0.043795620437956206,0,0,0
yeah <num> <num> lamb of god rock am ring <num> intro desolation hd <url> via <user>,16,84,0,1,1,0,0,0.16346153846153846,0,0,0
swiss kosher hotel bridge collapse injures five people <url> <user>,10,67,0,1,1,0,0,0.14130434782608695,0,1,1
its just now sinking in this is the last episode my heart hurts so bad,15,70,0,0,0,0,0,0.8,0,0,0
refugio oil spill may have been costlier bigger than projected <url>,11,68,0,0,1,0,0,0.07058823529411765,0,0,1
she says that she d love to come help but the sea would electrocute us all ??,17,77,0,0,0,0,10,0.03260869565217391,0,0,0
california is battling its scariest <num> wildfire so far the rocky fire <url>,13,78,0,0,1,0,0,0.08333333333333333,0,1,1
damnn gmcr got obliterated <num> that should pay huge to whomever played accordingly,13,84,0,0,0,0,0,0.10344827586206896,0,0,0
cancers equate for around <num> of all deaths in <hashtag> blackpool kowing the signs could save your life <url> <hashtag> beclearoncancer,21,138,2,0,1,0,0,0.07194244604316546,0,0,1
motorcyclist bicyclist injured in denver collision on broadway at least two people were taken to a local <url>,18,110,0,0,1,0,0,0.06870229007633588,0,1,1
be careful anyone who lives west of beaverton forest grove has a rapidly spreading fire heading east,17,100,0,0,0,0,0,0.1188118811881188,0,1,1
<user> that s the optimistic side of me no doubt it s tough but it can be done i feel like the games will pivot on defense,27,122,0,1,0,0,0,0.03731343283582089,0,0,0
the cyclone derives its powers from a calm center so does a person norman vincent peale,16,87,0,0,0,0,0,0.053763440860215055,0,0,1
two giant cranes holding a bridge collapse into nearby homes <url>,11,66,0,0,1,0,0,0.08433734939759036,0,1,1
baltimore city i <num> north at mp <num> <num> fort mchenry tunnel bore <num> collision i <num> north at mp <num> <num> fort mchenry tunnel bore <num> nort,28,155,0,0,0,0,0,0.4852941176470588,0,0,1
<hashtag> russian food crematoria provokes outrage amid crisis famine memories <url>,11,84,1,0,1,0,0,0.05434782608695652,0,0,1
bigamist and his first wife are charged in the deaths of his second pregnant wife her child <num> her <url> <hashtag> news,22,122,1,0,1,0,0,0.03007518796992481,0,0,0
<hashtag> allah describes piling up <hashtag> wealth thinking it would last <hashtag> forever as the description of the people of <hashtag> hellfire in surah humaza <hashtag> reflect,27,182,5,0,0,0,0,0.036231884057971016,0,0,1
do he love me do he love me not i ain t a playa i just crush a lot,19,66,0,0,0,0,0,0.030303030303030304,0,0,0
kids disappear in dust storm in atmospheric aussie thriller <url> rt <user>,12,75,0,1,1,0,0,0.17647058823529413,0,0,1
news flash! any decent billers been promoted to manager ? if so let me know as i want to watch your billings fall off a cliff <hashtag> humble,28,142,1,0,0,1,1,0.09558823529411764,0,0,0
<user> devastated!! ??,3,22,0,1,0,2,4,0.09375,1,0,0
hellfire! we don t even want to think about it or mention it so let s not do anything that leads to it!,23,103,0,0,0,2,0,0.018691588785046728,0,0,0
don t stop believing just came on the radio at this restaurant and a lil white bit screamed it s mommys song,22,108,0,0,0,0,0,0.0,0,0,0
fear and panic in the air i want to be free from desolation and despair and i feel like everything i sow ? <url>,24,112,0,0,1,0,1,0.08527131782945736,0,0,0
<user> just being linked to arsenal causes injury,8,49,0,1,0,0,0,0.09433962264150944,0,0,1
wow! i just won this for free the hobbit desolation of smaug uv digital download code gin <num> <url> <hashtag> listia,21,118,1,0,1,1,0,0.11290322580645161,0,0,0
christian attacked by muslims at the temple mount after waving israeli flag via pamela geller <url>,16,99,0,0,1,0,0,0.12295081967213115,0,0,1
<user> hahaha i m half traumatised half hoping my labour is that easy ??,14,72,0,1,0,0,2,0.013513513513513514,0,0,0
?x? and to counter acts such as the burning of the alexandrian library,13,70,1,0,0,0,2,0.013513513513513514,0,0,1
<user> ?? how are you going to survive this devastation?,10,56,0,1,0,0,7,0.029850746268656716,0,0,1
erdogan s bloody gambit on july <num> a suicide bombing in turkey took the lives of <num> socialists in suru <url> <user>,22,121,0,1,1,0,0,0.09219858156028368,0,0,1
<user> <user> <user> <user> why you so salty and scared when we have a drought like you said?,18,93,0,4,0,0,1,0.04716981132075472,0,0,0
ebola alabama home quarantined over possible ebola case related articles <url>,11,78,0,0,1,0,0,0.1414141414141414,0,0,1
will there be another jocelyn birthday apocalypse,7,49,0,0,0,0,0,0.0,0,0,0
<user> steve these fires out here are something else! california is a tinderbox and this clown was setting my hood ablaze <user>,22,128,0,2,0,1,0,0.028985507246376812,0,0,1
services are returning to normal <hashtag> southline after a medical emergency at yennora and urgent track equipment repairs at cabramatta earlier,21,146,1,0,0,0,0,0.036231884057971016,0,0,1
kayla is about to electrocute herself,6,37,0,0,0,0,0,0.02631578947368421,0,0,0
nfl playing deflategate perfectly the deluge of incremental stories has bored the world into not caring and just wanting it to go away,23,134,0,0,0,0,0,0.022222222222222223,0,0,0
today japan marks <num> yrs since the u s a bombed <num> cities killing over <num> people but we have to worry about iran <url>,25,127,0,0,1,0,0,0.09285714285714286,0,0,1
ignition knock detonation sensor senso beck arnley <num> <num> <url> <url>,11,74,0,0,2,0,0,0.24299065420560748,0,0,1
imagine a doctor treating an <hashtag> ebola patient without ever placing himself in harm s way <url>,17,101,1,0,1,0,0,0.6636363636363637,0,0,1
san jose demolition of willow glen trestle put off while legal battles continue <url>,14,85,0,0,1,0,0,0.10679611650485436,0,0,0
this is ridiculous,3,18,0,0,0,0,0,0.0,0,0,0
<user> establishment is working overtime to derail <hashtag> donzilla <user> <hashtag> trump <num> <url>,14,104,2,2,1,0,0,0.16666666666666666,0,0,0
police officer wounded suspect dead after exchanging shots richmond police officer wounded suspect killed a <url>,16,113,0,0,1,0,0,0.1044776119402985,0,1,1
riot kit bah part of the new concept gear coming for autumn winter <hashtag> menswear <hashtag> fashion <hashtag> urbanfashion <url>,20,132,3,0,1,0,0,0.09375,0,0,0
save the upset and stress of upheaval and let us help keep <hashtag> elderly people independent! <hashtag> companionship <hashtag> care <hashtag> chester <user>,23,160,4,1,0,1,0,0.014925373134328358,0,0,0
pilot dies in plane crash at car festival <url> via <user> <hashtag> crash <hashtag> aircraft <hashtag> airplane <hashtag> pilot <hashtag> death <hashtag> accident <hashtag> carfest,25,181,7,1,1,0,0,0.16666666666666666,0,0,1
anyone else getting tons of telemarketing calls on their cell phone? i ve been deluged!,15,87,0,0,0,1,1,0.022988505747126436,0,0,0
curfew really helps if you think about it <hashtag> bc,10,54,1,0,0,0,0,0.08163265306122448,0,0,0
obama declares disaster for typhoon devastated saipan obama signs disaster declaration for northern marians a <url>,16,115,0,0,1,0,0,0.08823529411764706,0,0,1
i rated catastrophe <num> <num> <num> <hashtag> imdb hilarious! <url>,10,69,1,0,1,1,0,0.14864864864864866,0,0,0
i hope u trip n fall of a cliff after this tweet <url>,13,54,0,0,1,0,0,0.05555555555555555,0,0,0
china s stock market crash are there gems in the rubble? <url> <hashtag> roimentor <hashtag> yycwalks,16,101,2,0,1,0,1,0.1782178217821782,0,0,1
memorial unveiled for travis county deputy killed in sept flooding travis county sheriff greg hamilton joined <url>,17,115,0,0,1,0,0,0.10218978102189781,0,0,1
<hashtag> <num> novices renison mine sees seismic event <url> a small earthquake at tasmania s renison tin project has created a tem,22,132,1,0,1,0,0,0.07142857142857142,0,1,1
wtf? her biological father is holding her hostage and her adoptive parents haven t even looked for her criminal minds got me fucked up,24,134,0,0,0,0,1,0.022058823529411766,0,0,0
cyclist who collided with runner on roanoke greenway wins <num> civil verdict roanoke times cyclist who c <url>,18,111,0,0,1,0,0,0.07352941176470588,0,0,1
<user> ohgod xd i didn t mean it so p but you have that fire truck in the back of you to make up for it so you good xd,30,118,0,1,0,0,0,0.10317460317460317,0,1,0
investigators say a fatal virgin galactic spaceship crash last year was caused by structural failure after the co,18,113,0,0,0,0,0,0.02586206896551724,0,0,1
as i catch the last few minutes finally monwabisi gets shot lol hlongwane was ryt the twins r gonna destroy each other <hashtag> ashestoashes,24,141,1,0,0,0,0,0.06666666666666667,0,0,0
twitter is doing a count down to the rioting and financial collapse of brazil <hashtag> rio <num> <url>,18,103,1,0,1,0,0,0.03669724770642202,0,1,1
cop injured in gunfight as militants attack udhampur police post suspected militants attacked a police post i <url>,18,115,0,0,1,0,0,0.04411764705882353,0,1,1
<user> got it last month when i went into the ee shop glad it hasn t blown up yet <url>,20,87,0,1,1,0,0,0.10909090909090909,0,0,0
hurricane?? sick!,2,17,0,0,0,1,2,0.0,0,0,1
<user> the sirens are telling you to get ready to turn up?? <url>,13,65,0,1,1,0,8,0.15053763440860216,0,0,0
california oil spill might be larger than projected <url> <url>,10,63,0,0,2,0,0,0.10204081632653061,0,0,1
anyone missing their license plate? two stolen ones found on terrorist s car <url>,14,82,0,0,1,0,1,0.06862745098039216,0,0,1
<user> when i have so much shit going on in my head i d rather talk about it than have an outburst displaced aggression sux!!,25,125,0,1,0,2,0,0.05343511450381679,1,0,0
random wind gust just came through <hashtag> gander probably some convection outflow haven t heard any thunder yet but a few spits of rain <hashtag> nlwx,26,153,2,0,0,0,0,0.02877697841726619,0,0,1
new mad max screenshots show off a lovely dust storm combat magnum opus <url>,14,77,0,0,1,0,0,0.18085106382978725,0,0,0
nicole fletcher one of a victim of crashed airplane few times ago the accident left a little bit trauma for her although she s,24,126,0,0,0,0,0,0.029411764705882353,0,0,1
<user> i m at work it s a bunch of ppl and buses because the train derailed,17,75,0,1,0,0,0,0.04878048780487805,0,0,1
<user> then don t,4,17,0,1,0,0,0,0.07692307692307693,0,0,0
<num> <num> bmw <num> <num> <num> <num> emergency warning hazard switch button oem <num> <num> d <url> <url>,18,108,0,0,2,0,0,0.184,0,0,0
camila s doing a follow spree tonight im screaming of happiness,11,63,0,0,0,0,0,0.8412698412698413,0,0,0
can t fix stupid mt <user> don t drive through flooded underpasses warns city as it enacts municipal emergency plan <hashtag> yyc <hashtag> abstorm,24,147,2,1,0,0,0,0.08088235294117647,0,0,1
families to sue over legionnaires more than <num> families affected by the fatal outbreak of legionnaires disea <url>,18,117,0,0,1,0,0,0.058823529411764705,0,0,1
hellfire! we don t even want to think about it or mention it so let s not do anything that leads to it <hashtag> islam!,25,119,1,0,0,2,0,0.017543859649122806,0,0,0
<user> plus you re well out of the inundation zone amirite?,11,59,0,1,0,0,1,0.014925373134328358,0,0,0
rly tragedy in mp some live to recount horror when i saw coaches of my train plunging into water i called <url>,22,111,0,0,1,0,0,0.06569343065693431,0,0,1
<user> runs at her for setting my forest on fire and bites the shit out of her neck,18,83,0,1,0,0,0,0.02197802197802198,0,1,1
photoset hakogaku ? i am a kurd i was born on a battlefield raised on a battlefield gunfire sirens <url>,20,104,0,0,1,0,1,0.023076923076923078,0,0,1
tales of the <hashtag> trees <hashtag> deep water loving <hashtag> lake tahoe and no <hashtag> forest fires <url>,18,113,4,0,1,0,0,0.07291666666666667,0,0,0
zayn just blew up twitter,5,25,0,0,0,0,0,0.038461538461538464,0,0,0
<user> aren t dangling piercing crystals potentially hazardous to the eyes?,11,75,0,1,0,0,1,0.0,0,0,0
<num> things getting caught in a dust storm amp the challenging real estate market have in common video <url>,19,109,0,0,1,0,0,0.09302325581395349,0,0,0
it s a deluge in trois rivieres about one hour to get to <hashtag> legionstrackandfield <url>,16,93,1,0,1,0,0,0.09803921568627451,0,0,0
navy sidelines <num> newest subs <url>,6,38,0,0,1,0,0,0.09803921568627451,0,0,0
feel like i ve got no control of anything that goes on in my life at the minute <hashtag> whirlwind <hashtag> drained,22,117,2,0,0,0,0,0.02,0,0,1
turn on espn <num> and get blown up,8,35,0,0,0,0,0,0.16666666666666666,0,0,0
i believe there is a shirt company now for every animal that has ever been in danger i better start seeing some changes in wildlife,25,131,0,0,0,0,0,0.015037593984962405,0,0,0
county <num> overload prompts use of emergency plan during july <num> celebrations <url> <url>,14,94,0,0,2,0,0,0.1557377049180328,0,0,0
poway hcg diet ensures mole obliterated whensoever nevermore comes above sizygwwf,11,81,0,0,0,0,0,0.04819277108433735,0,0,0
orchid sign of the witch <url>,6,30,0,0,1,0,0,0.20408163265306123,0,0,0
<num> years after atomic bombs japan still struggles with war past the anniversary of the devastation wrought b <url>,19,117,0,0,1,0,0,0.1037037037037037,0,0,1
a <num> i started writing when i couldn t talk about my trauma in therapy it was the only way i could communicate <hashtag> gravitychat,25,135,1,0,0,0,0,0.03278688524590164,0,0,0
rt abbswinston <hashtag> zionist <hashtag> terrorist kidnapped <num> <hashtag> palestinians in overnight terror on palestinian villages <url>,17,141,3,0,1,0,0,0.09022556390977443,0,0,1
i regress and i slip and i fall off that cliff,11,46,0,0,0,0,0,0.06521739130434782,0,0,0
nuclear deal disaster <hashtag> irandeal <hashtag> nonucleariran <hashtag> badirandeal <user> <user> <url>,12,106,3,2,1,0,0,0.1320754716981132,0,0,0
young dancer moves about <num> youth in attendance at the gmmbc youth explosion this past saturday inspiring! <url>,18,115,0,0,1,1,0,0.10687022900763359,0,1,1
vanessa s game has officially blown up ladies and gentlemen the real show is about to begin <hashtag> bb <num>,20,110,1,0,0,0,0,0.2079207920792079,0,0,0
watching a man electrocuted on the roof of <hashtag> mumbailocals is definitely a lesson people please learn!! <hashtag> lessonforlife <hashtag> marinelines <hashtag> mumbai,23,173,4,0,0,2,0,0.014388489208633094,1,0,1
<user> parents of colorado theater shooting victim fear copycat massacre <url> <hashtag> antioch <url>,14,102,1,1,2,0,0,0.145985401459854,0,0,1
<user> due to upheaval created by the west in iraq syria libya etc,13,66,0,1,0,0,0,0.05714285714285714,0,0,1
cdc has a pretty cool list of all bioterrorism agents <num>,11,59,0,0,0,0,0,0.05357142857142857,0,0,1
on the freeway to africa til i wrecked my audi,10,46,0,0,0,0,0,0.08695652173913043,0,0,0
kids got disney version of the game operation only <num> aa batteries? i swear my old version had like <num> ds and would nearly electrocute you,26,144,0,0,0,0,1,0.051094890510948905,0,0,0
aannd reddit will now quarantine offensive content <url>,8,56,0,0,1,0,0,0.1625,0,0,0
america said it had a war on terrorism then police took my ar <num> when i was ready to start shooting the enemies!,23,115,0,0,0,1,0,0.04424778761061947,0,0,1
top <num> turn on the darkness king redeem queen serene famine wolf,12,67,0,0,0,0,0,0.125,0,0,0
dtn italy families to sue over legionnaires more than <num> families affected by the fatal outbreak of legionna <url>,19,117,0,0,1,0,0,0.09558823529411764,0,0,1
<user> <user> high time tv channels realised what levels they have sunk for trp and ads it has become a mockery,21,111,0,2,0,0,0,0.056,0,0,0
emergency response and hazardous chemical management principles and practices <url> <url>,11,89,0,0,2,0,0,0.11290322580645161,0,0,0
raw video dust storm rolls through texas <url> <url>,9,52,0,0,2,0,0,0.16091954022988506,0,0,1
this guy idk just made me his woman crush ?? first one ever ??,14,62,0,0,0,0,4,0.016129032258064516,0,0,0
<hashtag> computers <hashtag> gadgets two giant cranes holding a bridge collapse into nearby homes <url> <hashtag> slingnews,17,124,3,0,1,0,0,0.07017543859649122,0,1,1
the af comments on new evidence of japan s effort to build atom bomb at the end of wwii <url>,20,93,0,0,1,0,0,0.07894736842105263,0,0,1
<user> but he didnt,4,19,0,1,0,0,0,0.3181818181818182,0,0,0
quick shut down the show take the stage down evacuate everyone from mthe premises louis is upset,17,96,0,0,0,0,0,0.010416666666666666,0,0,0
wftv eyewitness news fbi man who stole us secrets married honduran minors for sex <url>,15,87,0,0,1,0,0,0.17592592592592593,0,0,0
going to a fest? bring swimming goggles for the dust storm in the circle pit,15,76,0,0,0,0,1,0.02631578947368421,0,0,1
i really liked the first hobbit movie i saw it three times in theatres but i saw desolation of smaug and came out with the same feeling,27,135,0,0,0,0,0,0.09420289855072464,0,0,0
nuclear reactor is like a woman you just have to read the manual and press the right button,18,91,0,0,0,0,0,0.021052631578947368,0,0,0
any disaster impairs mental health especially in vulnerable individuals <url>,10,77,0,0,1,0,0,0.05154639175257732,0,0,1
everyday is a near death fatality for me on the road thank god is on my side ??,18,79,0,0,0,0,2,0.025,0,0,0
we know this is bad for the bees don t give in to pressure from short term profit obsessed chemical companies <url>,22,115,0,0,1,0,0,0.043795620437956206,0,0,0
view of smoke column rising above the south end of the blake fire along forest road <num> <hashtag> routecomplex <url>,20,118,1,0,1,0,0,0.08130081300813008,0,1,1
ginga thinks he can defeat me? not with my l drago destroy he can t!,15,68,0,0,0,1,1,0.07352941176470588,0,0,0
buddha was man for his time massive urbanisation and social upheaval also challenged brahmans dominance genius of the ancient world,20,131,0,0,0,0,0,0.03571428571428571,0,0,0
akilah world news cop pulls man from car to avoid this <url>,12,60,0,0,1,0,0,0.2222222222222222,0,0,1
is this country latin america s next argentina one week ago we reported on the economic devastation in he o <url>,21,113,0,0,1,0,0,0.07352941176470588,0,0,0
<user> <hashtag> iwasdisappointedby telltale s the walking dead good characters amp story but no real gameplay and too many performance issues,21,142,1,1,0,0,0,0.0851063829787234,0,1,0
<user> so the question is would you crush ortiz for bunting as your sports writing forefathers crushed williams?,18,112,0,1,0,0,1,0.03305785123966942,0,0,0
i added a video to a <user> playlist <url> gta <num> funny moments obliteration! gta <num> online funny moments,19,111,0,1,1,1,0,0.2421875,0,0,0
man is reading a list of famous musicians who oppose nuclear power wow powerful evidence they must know a lot about seismic risks,23,129,0,0,0,0,0,0.014705882352941176,0,0,0
road hazard cascade rd sw childress dr sw <url>,9,47,0,1,1,0,0,0.4411764705882353,0,0,0
suicide bomber kills <num> in saudi security site mosque <url> <hashtag> mercados,12,81,1,0,1,0,0,0.06976744186046512,0,0,1
i liked a <user> video from <user> <url> mk x tremors stalag might fatality on ermac tournament pharaoh,18,103,0,2,1,0,0,0.15079365079365079,0,0,0
<user> then have the biggest nuclear disaster to ever have happened,11,67,0,1,0,0,0,0.028169014084507043,0,0,1
the drowning girl by caitlin r kiernan centipede press signed numbered limited full re <url> <url>,16,98,0,0,2,0,0,0.17391304347826086,0,0,0
bicycle suv accident in mesick police say that the bicyclist entered onto west m <num> and collided with a boat <url>,21,117,0,0,1,0,0,0.09558823529411764,0,0,1
twelve feared killed in pakistani air ambulance helicopter crash reuters <url> <hashtag> yugvani,13,96,1,0,1,0,0,0.08490566037735849,0,0,1
wake up kern county eyewitness news mornings airing right now on kbak cbs <num> <url> <hashtag> liveonkbak <url>,18,112,1,0,2,0,0,0.2462686567164179,0,0,1
<user> what a violent country get the army involved to help control the killings and bring back peace to the poor people,22,120,0,1,0,0,0,0.01694915254237288,0,0,1
wipp emergency activated because of slightly elevated levels of radiation <hashtag> sejorg,12,90,1,0,0,0,0,0.04878048780487805,0,0,1
<user> parents of colorado theater shooting victim fear copycat massacre <url> <hashtag> antioch <url>,14,102,1,1,2,0,0,0.11363636363636363,0,0,1
<hashtag> kisii police in kisii hunt for students over failed arson plot police in kisii hunt for students <url> <hashtag> countynews,21,133,2,0,1,0,0,0.08088235294117647,0,0,1
when ur friend and u are talking about forest fires in a forest and he tells u to drop ur mix tape out there <hashtag> straightfire,26,131,1,0,0,0,0,0.008,0,0,1
<hashtag> volleyball attack ii volleyball training machine sets simulation <url> <url>,11,86,1,0,2,0,0,0.1391304347826087,0,0,1
what s up man?,4,14,0,0,0,0,1,0.07142857142857142,0,0,0
las vegas in top <num> cities for red light running fatalities <url>,12,68,0,0,1,0,0,0.08641975308641975,0,0,1
meet the bloody rs <num> <url>,6,30,0,0,1,0,0,0.16666666666666666,0,0,0
i see a massacre!!,4,18,0,0,0,2,0,0.05555555555555555,1,0,1
last second ebay bid rt? <url> shaolin rescuers dvd <num> shen chan nan chiang five venoms kung fu ?please favori,20,113,0,0,1,0,2,0.17557251908396945,0,0,0
severe hailstorm in progress over northeast logan county <hashtag> cowx <url>,11,77,1,0,1,0,0,0.11363636363636363,0,0,1
<user> yea but if someone faints why are they panicking? thats basic stuff ??,14,77,0,1,0,0,3,0.045454545454545456,0,0,1
they are making a bad boys <num> and <num> !! a must see,13,56,0,0,0,2,0,0.0851063829787234,1,0,0
another entity forced to close in montego bay as a result of the collapsed sewer line <hashtag> tvjnews,18,103,1,0,0,0,0,0.07446808510638298,0,0,1
<user> a crime that killed displaced millions in which systematic torture was carried out but look grahamwp fired a gun! arrest him!,22,132,0,1,0,2,0,0.05,0,0,1
did i just hear thunder? ??,6,27,0,0,0,0,7,0.06451612903225806,0,0,0
<user> yeah i grew up in the canyon above l a we had to evacuate a few times,18,76,0,1,0,0,0,0.056818181818181816,0,0,1
magnetic and electrostatic nuclear fusion reactor <url>,7,55,0,0,1,0,0,0.06944444444444445,0,0,0
i love the cotton candy blizzard??,6,34,0,0,0,0,2,0.029411764705882353,0,0,0
emergency services committee and personnel committee meeting on thursday night <url>,11,84,0,0,1,0,0,0.1188118811881188,0,0,0
reddit will now quarantine offensive content <url>,7,50,0,0,1,0,0,0.16417910447761194,0,0,0
in europe nature is kind while in us they have tornados hurricanes wild fires earthquakes flash floods mega snow droughts,20,121,0,0,0,0,0,0.03278688524590164,0,0,1
<user> alrighty hit me up and we ll blaze!!,9,43,0,1,0,2,0,0.02127659574468085,1,0,0
<hashtag> nosurrender results full metal mayhem world title match bully ray taken out a career comes to an end and more! <url>,22,126,1,0,1,1,0,0.17777777777777778,0,0,0
tram travellers evacuated after powerlines come down in surfers <url>,10,69,0,0,1,0,0,0.05813953488372093,0,0,1
<user> thank u,3,14,0,1,0,0,0,0.05555555555555555,0,0,0
<num> the bug that almost crashed the euro <url>,9,48,0,0,1,0,0,0.1044776119402985,0,0,1
seismic apple tv service to stream <num> channels across all d <url> <url> <url>,14,80,0,0,3,0,0,0.1323529411764706,0,0,0
<hashtag> mtsalert orange amp blue line riders expect delays downtown due to a sinkhole that s developed in the vicinity of <num> th amp c street,26,145,1,0,0,0,0,0.072992700729927,0,0,1
satellite spies super typhoon soudelor from space photo <url>,9,61,0,0,1,0,0,0.125,0,0,0
star wars power of the jedi collection <num> battle droid hasbro full read by ebay <url> <url>,17,94,0,0,2,0,0,0.46825396825396826,0,0,0
woke up to drake body bagging meek again!! meek u can t out spit ya girlfriend just lay down man not right <url>,23,112,0,0,1,2,0,0.09352517985611511,1,0,0
! residents return to destroyed homes as washington wildfire burns on <url>,12,75,0,0,1,1,0,0.14130434782608695,0,0,1
armageddon averted by el patron <hashtag> ultimalucha,7,53,1,0,0,0,0,0.11363636363636363,0,0,0
<user> <user> <user> instead of dumping water on yourselves please send it to british columbia to help with the forest fires,21,124,0,3,0,0,0,0.05426356589147287,0,0,1
<user> <user> again i didn t say it was i was referring to the main <num> buildings <num> was hit by rubble,22,107,0,2,0,0,0,0.05263157894736842,0,0,1
roosevelt wash under evacuation order due to wildfire <url>,9,59,0,0,1,0,0,0.11688311688311688,0,1,1
theres a fire truck in this parking lot,8,39,0,0,0,0,0,0.0,0,1,0
civil war general battle bull run hero colonel <num> nd new hampshire letter signed ! <url> <url>,17,97,0,0,2,1,0,0.5793650793650794,0,0,1
<user> you were bleeding my instincts kicked in she looks away and scratches the back of her head,18,97,0,1,0,0,0,0.03636363636363636,0,0,0
<user> after listening to you demolish <user> on <user> i can t wait to bait my patriot hater co workers into a brady discussion,24,128,0,3,0,0,0,0.02962962962962963,0,0,0
i read about that break for hours before twitter noticed it and i though that is nothing to worry about bc twitter wasn t exploded bc of it,28,139,0,0,0,0,0,0.014388489208633094,0,0,0
that horrible sinking feeling when you ve been at home on your phone for a while and you realise its been on <num> g this whole time,27,132,0,0,0,0,0,0.015384615384615385,0,0,0
photoshop cs <num> crash course <url> <hashtag> course <url>,9,60,1,0,2,0,0,0.1875,0,0,0
<user> <user> <user> and flattened raynor raynor was a balding imperfect biker marine not a emo generic western hero,19,116,0,3,0,0,0,0.045112781954887216,0,0,0
lily xo is a sexy cowgirl out in the sticks <url> view and download video,15,73,0,0,1,0,0,0.044444444444444446,0,0,0
rt thr rt thrarchives <num> when leo the mgm lion survived a plane crash <hashtag> tbt <url> <url>,18,98,1,0,2,0,0,0.25396825396825395,0,0,1
calgary police flood road closures in calgary <url>,8,51,0,0,1,0,0,0.15942028985507245,0,1,1
<user> control yourself tora,4,28,0,1,0,0,0,0.058823529411764705,0,0,0
when you on the phone and <user> screams jaileens caked up on the phone so everyone looks at you ??,20,99,0,1,0,0,12,0.01680672268907563,0,0,0
absurdly ridiculous men s <hashtag> fashion to demolish you <hashtag> manhood <url>,12,83,2,0,1,0,0,0.15294117647058825,0,0,0
<user> aii she needs to chill and answer calmly its not like she s being attacked,16,81,0,1,0,0,0,0.0,0,0,0
my chemical romance desolation row <hashtag> np,7,47,1,0,0,0,0,0.11904761904761904,0,0,0
britons rescued amid himalaya floods <url> <url> <url>,8,54,0,0,3,0,0,0.205607476635514,0,0,1
the terrorist tried to get out of the car i shot him <url>,13,58,0,0,1,0,0,0.16666666666666666,0,0,1
slayer reflects on low mayhem festival attendance king diamond amp jeff hanneman s passing <url>,15,96,0,0,1,0,0,0.09565217391304348,0,0,0
potus <hashtag> strategicpatience is a strategy for <hashtag> genocide refugees idp internally displaced people horror etc <url>,17,128,2,0,1,0,0,0.09701492537313433,0,0,1
russian food crematoria provoke outrage amid crisis famine memories <url>,10,73,0,0,1,0,0,0.09278350515463918,0,0,1
set our hearts ablaze and every city was a gift and every skyline was like a kiss upon the lips <url>,21,101,0,1,1,0,0,0.06451612903225806,0,0,0
how to survive in the markets <url> <hashtag> oil <hashtag> investing <hashtag> money <hashtag> trading <hashtag> forex <hashtag> gold <hashtag> silver <hashtag> business <url>,24,176,8,0,2,0,0,0.08695652173913043,0,0,0
grow calgary avoids worst of city s wicked weather <num> <url> <url>,12,68,0,0,2,0,0,0.14563106796116504,0,0,1
<user> wow what convincing amp compelling evidence to change my view that is climate change deniers i tend to destroy by giving evidence,23,136,0,1,0,0,0,0.07692307692307693,0,0,0
alabama home quarantined over possible ebola case officials say a quarantine is in place at <url> <hashtag> bluehand <hashtag> pjnet,20,132,2,0,1,0,0,0.08088235294117647,0,0,1
<hashtag> idfire cherokee road and road <num> three sisters wildfire there are two roads closed to the general public <url>,20,123,1,0,1,0,0,0.125,0,0,1
couple storms near guthrie ok leaving norman for an evening lightning op <hashtag> okwx <url>,15,93,1,0,1,0,0,0.07766990291262135,0,0,1
<user> nah but thinking of getting a stretcher in my foreskin what u think?,14,75,0,1,0,0,1,0.0375,0,0,0
hijacking electric skateboards to make them safer <user> <url>,9,62,0,1,1,0,0,0.10588235294117647,0,0,0
wackos like <hashtag> michelebachman predict the world will soon be obliterated by a burning firey inferno but cant accept <hashtag> globalwarming!! hello!!,22,156,2,0,0,5,0,0.302158273381295,1,0,1
sometimes in space celestial bodies with separate trajectories that intertwine find themselves in a dance rather than a collision course,20,136,0,0,0,0,0,0.0072992700729927005,0,0,0
the straight bass dubloadz droppd when they opened meltdown had everyone meelltting <url>,13,89,0,1,1,0,0,0.06363636363636363,0,0,0
<user> were you opening regular or master packs? rt so sunk <num> mil credits into light side didn t pull one you sure about those odds?,26,136,0,1,0,0,2,0.04081632653061224,0,0,0
let people surf! hi is no waimea bay it s not like the beach is or ever will be inundated with surfers <url>,23,108,0,0,1,1,0,0.06201550387596899,0,0,0
cop pulls drunk driver to safety seconds before his car is hit by train <url> <url> via <user>,18,94,0,1,2,0,0,0.14705882352941177,0,0,1
meg issues hazardous weather outlook hwo <url> <hashtag> wx,9,59,1,0,1,0,0,0.18571428571428572,0,0,1
<user> <user> i can t watch tat show its like a horror movie to me i get flashbacks an everything <hashtag> traumatised,22,119,1,2,0,0,0,0.03125,0,0,0
<user> stunningly poor defense it s not all on the pitcher if our bats are mia like the top of <num> st inning this team is in trouble,28,134,0,1,0,0,0,0.030303030303030304,0,0,0
the chinese are flooding nyc market like never before <url>,10,59,0,0,1,0,0,0.10526315789473684,0,0,0
hey all you love birds! we have been getting submissions for the whirlwind wedding wars and they are so fantastic! keep sending them guys!,24,138,0,0,0,3,0,0.043478260869565216,0,0,0
very sad to learn of the derailment of <num> trains in mp my deepest condolences to the families who lost loved ones in this mishap <user>,26,138,0,1,0,0,0,0.05755395683453238,0,0,1
salvation army hosts rally to reconnect fathers with children the salvation army is hosting a back to school rally <url>,20,120,0,0,1,0,0,0.05673758865248227,0,0,1
i guess ill never be able to go to mayhem,10,41,0,0,0,0,0,0.022727272727272728,0,0,0
<user> <user> <user> congratulations on capturing a besieged city after <num> months of indiscriminate bombing by land amp air,19,126,0,3,0,0,0,0.014285714285714285,0,0,1
mass murderer che guevara greeting a woman in north korea <url>,11,63,0,0,1,0,0,0.16049382716049382,0,0,1
<user> if i did i d smoke you up broo!,10,38,0,1,0,1,0,0.12244897959183673,0,0,0
criminals who hijack lorries and buses arrested in enugu according to the nigerian police force <url> via <user>,18,112,0,1,1,0,0,0.125,0,0,1
we re <hashtag> hiring! click to apply rn ii emergency services ft <num> p <num> a <url> <hashtag> nursing <hashtag> houston tx <url>,23,133,3,0,2,1,0,0.3007518796992481,0,0,1
<user> i am <user> <user> for the deluge of hell vines,11,54,0,3,0,0,0,0.22807017543859648,0,0,0
flames visible from fire in tucson mountains a lightning caused fire burning in steep rocky terrain in mountains <url>,19,118,0,0,1,0,0,0.07194244604316546,0,1,1
i also loved bury my heart at wounded knee too! <hashtag> thegame,12,65,1,0,0,1,0,0.06896551724137931,0,0,0
this bowl got me thinking damn i ve been blazing for so damn long,14,65,0,0,0,0,0,0.04411764705882353,0,0,0
<user> iof murdered over <num> palestinian children <num> under <num> during gaza massacre where was zionist morality zionism is a world evil!,22,142,0,1,0,1,0,0.04316546762589928,0,0,1
spot flood combo <num> inch <num> w curved cree led work light bar <num> x <num> offroad fog lamp full re <url> <url>,23,117,0,0,2,0,0,0.20863309352517986,0,1,1
<user> police officer wounded suspect dead after exchanging shots <url> ushed,11,77,0,1,1,0,0,0.10416666666666667,0,1,1
joe landolina this gel can make you stop bleeding instantly <url> <hashtag> arizona <hashtag> realestate <url>,16,110,2,0,2,0,0,0.07874015748031496,0,0,0
<num> tons of cocaine worth <num> million dollars drowned in <hashtag> alameda now that s a american drought <hashtag> coke,20,123,2,0,0,0,0,0.01904761904761905,0,0,1
<user> <user> did you get wrecked again?,7,40,0,2,0,0,1,0.04081632653061224,0,0,1
<url> <hashtag> shoes asics gt ii super red <num> <num> <num> ronnie fieg kith red white <num> m x gel grey volcano <num> <url>,24,127,1,0,2,0,0,0.14393939393939395,0,0,0
screams internally,2,18,0,0,0,0,0,0.0,0,0,0
hi <user> sorry for the delay slightly inundated with applications at the mo but we have yours and will get back to you asap!,24,125,0,1,0,1,0,0.029850746268656716,0,0,0
pretty teen hayden ryan poses and strips out of her purple top <url> view and download video,17,92,0,0,1,0,0,0.045871559633027525,0,0,0
<hashtag> saudi arabia <hashtag> abha fatalities reported following suicide bombing at mosque avoid area <url>,15,110,2,0,1,0,0,0.07142857142857142,0,0,1
tension in abia as inec office s razed governor ikpeazu pdp apga react <url>,14,76,0,0,1,0,0,0.63,0,0,1
if that would of been a black dude antioch would be rioting,12,59,0,0,0,0,0,0.01694915254237288,0,0,0
suicide bomber kills <num> in saudi security site mosque a suicide bomber killed at least <num> people in an attack on <url>,22,124,0,0,1,0,0,0.04285714285714286,0,0,1
learn how i gained access to the secrets of the top earners amp used them to explode my home business here <url> please <hashtag> rt,25,132,1,0,1,0,0,0.1888111888111888,0,0,0
radiation emergency <hashtag> preparedness starts with knowing to get inside stay inside and stay tuned <url> via <user>,18,120,1,1,1,0,0,0.08461538461538462,0,0,1
<hashtag> world fedex no longer to transport bioterror germs in wake of anthrax lab mishaps <url>,16,97,1,0,1,0,0,0.04716981132075472,0,0,0
why are you engulfed by low self image? take the quiz <url> <url>,13,65,0,0,2,0,1,0.15,0,0,0
video we re picking up bodies from water rescuers are searching for hundreds of migrants in the mediterran <url>,19,112,0,0,1,0,0,0.10294117647058823,0,0,1
british diver neil anthony fears found dead by the wreck of a steamship daily mail <url>,16,88,0,0,1,0,0,0.102803738317757,0,1,1
<user> condemning of deaths more than <num> due to heat wave in karachi may allah gv patience to their heirs <url>,21,114,0,1,1,0,0,0.10714285714285714,0,0,1
remember how nora jones crushed it in two weeks notice?,10,55,0,0,0,0,1,0.10909090909090909,0,0,0
bigrigradio live accident awareness,4,35,0,0,0,0,0,0.17142857142857143,0,0,1
drew storen is probably curing cancer amp saving puppies from burning buildings while contemplating what he did <num> deserve this disrespect,21,141,0,0,0,0,0,0.0,0,0,0
i just screamed sidjsjdjekdjskdjd i cant stand you ?? <url>,10,59,0,0,1,0,2,0.569620253164557,0,0,0
<user> a burst water main causes major flooding at a birmingham hospital <url> <url> omg,15,88,0,1,2,0,0,0.11851851851851852,0,0,1
pic of <num> yr old pkk suicide bomber who detonated bomb in turkey army trench released <url>,17,94,0,0,1,0,0,0.09345794392523364,0,0,1
it s okay i welcome the rain gave you all the storm that you could weather,16,74,0,0,0,0,0,0.03896103896103896,0,0,0
aggressif is so bloody aggressive,5,33,0,0,0,0,0,0.0,0,0,0
is the update rly life now is it is it screams vibrates i cant handle,15,69,0,0,0,0,0,0.4142857142857143,0,0,0
a gas thing just exploded and i heard screams and now the whole street smells of gas ??,18,87,0,0,0,0,2,0.02197802197802198,0,0,1
japan had a nuke program albeit unsuccessful and the casualty estimates for a ground war were in the tens of millions <user>,22,124,0,1,0,0,0,0.022556390977443608,0,0,1
wwi wwii japanese army navy military japan leather watch war mido ww <num> <num> full read by ebay <url> <url>,20,110,0,0,2,0,0,0.48175182481751827,0,0,0
train derailment in patna no news of any casualty so far <url>,12,62,0,0,1,0,0,0.075,0,0,1
now on <url> photos flames rage through manchester buildings in <num> alarm fire <url> <hashtag> nh <num> news,18,110,1,0,2,0,0,0.15748031496062992,0,1,1
i liked a <user> video <url> extreme paint twister,9,50,0,1,1,0,0,0.37681159420289856,0,0,0
julian knight <user> dismisses mass murderer s attempt to increase prisoner pay challenged quantum of <num> increase <num>,18,122,0,1,0,0,0,0.06060606060606061,0,0,1
imagine an entire aisle dedicated to making people look like serbian refugees director of whole foods clothing section,18,118,0,0,0,0,0,0.0,0,0,0
lol look how tough some people talk that live in some of the most gang infested cities in america your mouth isn t a weapon you fucking wimp,28,140,0,0,0,0,0,0.03571428571428571,0,0,1
being stuck on a sleeper train for <num> hours after de railing due to a landslide was most definitely the pit of the trip,24,122,0,0,0,0,0,0.0,0,0,1
<num> year old boy charged with manslaughter of toddler report an <num> year old boy has been charged with manslaughter over the fatal sh,24,137,0,0,0,0,0,0.0661764705882353,0,0,1
?? ?? ?? ?? mh <num> aircraft debris found on la reunion is from missing malaysia airlines <url>,18,96,4,0,1,0,11,0.09016393442622951,0,0,1
now on <hashtag> comdev <hashtag> asia radio stations in <hashtag> bangladesh broadcasting <hashtag> programs ?to address the upcoming cyclone <hashtag> komen <url>,22,164,5,0,1,0,1,0.08029197080291971,0,0,1
by replacing fear of the unknown with curiosity we open ourselves up to <url>,14,77,0,0,1,0,0,0.050505050505050504,0,0,0
<user> <user> when you call to report dangerous activity tell em to have body bags on arrival,17,93,0,2,0,0,0,0.07692307692307693,0,0,1
i wanted to set chicago ablaze with my preaching but not my hotel! <url>,14,72,0,0,1,1,0,0.06521739130434782,0,0,0
severe weather statement issued august <num> at <num> <num> pm cdt by nws the severe thunderstorm warn <url> <hashtag> skywarn <hashtag> okwx,22,141,2,0,1,0,0,0.3161764705882353,0,0,1
blaa he said as he sunk his face into your stomach making it vibrate <user>,15,75,0,1,0,0,0,0.03296703296703297,0,0,0
mom we didn t get home as fast as we wished me why is that? mom there was an accident and some truck spilt mayonnaise all over ??,28,129,0,0,0,0,7,0.0,0,0,0
our builder is having a dental emergency which has ruined my plan to emotionally blackmail him this afternoon with my bump,21,122,0,0,0,0,0,0.016129032258064516,0,0,1
usw the damage from abandoning the deal could well create a new level of uncertainty economic upheaval amp military unrest,20,122,0,0,0,0,0,0.031007751937984496,0,0,0
<user> of loki s daggers she pulled it out and jammed it into mina s thigh when mina screamed and grabbed at her leg sif,25,120,0,1,0,0,0,0.05263157894736842,0,0,1
thanks a lot roadworks men cos a tube strike wasn t disruptive enough so having to walk the desolate route from tottenham to,23,124,0,0,0,0,0,0.015384615384615385,0,0,1
the catastrophic effects of hiroshima and nagasaki atomic bombings still being felt today <url>,14,95,0,0,1,0,0,0.13392857142857142,0,0,1
hamptonroadsfor me us navy sidelines <num> newest subs <url> <url>,10,66,0,0,2,0,0,0.1836734693877551,0,0,0
<user> <user> <user> huh?? me you and leo started that last year and ever since people blaze it in the back??,21,109,0,3,0,0,4,0.008,0,0,0
weather warfare follow the money this government is what our founding fathers were warning us about the weather <url>,19,117,0,0,1,0,0,0.145985401459854,0,0,1
<user> like a scene from when worlds collide,8,44,0,1,0,0,0,0.07272727272727272,0,0,1
<user> if it makes you feel any better i m level <num> and still get demolished,16,79,0,1,0,0,0,0.02531645569620253,0,0,0
apply now to work for dilawri as <hashtag> body <hashtag> shop collision centre manager in <hashtag> vancouver <hashtag> jobs <url> <url>,21,137,4,0,2,0,0,0.2962962962962963,0,0,0
edwin wow crushed,3,17,0,0,0,0,0,0.10526315789473684,0,0,0
don t let a few assholes ruin your night,9,40,0,0,0,0,0,0.025,0,0,0
damn was wondering where my drone ended up after the freak windstorm ?? <url>,14,77,0,0,1,0,2,0.04040404040404041,0,0,1
abcnews obama declares disaster for typhoon devastated saipan obama signs disaster declaration for northern <url>,15,113,0,0,1,0,0,0.08088235294117647,0,0,1
no kinda in it that shii nasty blood no pun intended,11,52,0,0,0,0,0,0.03773584905660377,0,0,0
who makes these? <url>,4,22,0,0,1,0,1,0.10256410256410256,0,0,0
emergency services unsure how to cope with loss of paging network <url>,12,71,0,0,1,0,0,0.06818181818181818,0,0,0
in <num> i will only smoke crqck if i becyme a mayor this includes foursquare,15,77,0,0,0,0,0,0.0641025641025641,0,0,0
ara news reporting jan fighters infiltrated ashrafiyah district of afrin with aim of carrying out suicide attacks ypg have imposed a curfew,22,139,0,0,0,0,0,0.07142857142857142,0,0,1
i m screaming and fangirling oh my god <url>,9,44,0,0,1,0,0,0.6031746031746031,0,0,0
<user> <user> this makes sense paper beats rock paper comes from wood so wood should be able to support and obliterate rock,22,123,0,2,0,0,0,0.029411764705882353,0,0,0
we offer <hashtag> preventative services such as cabling and bracing to stop structural failure of your trees call <num> <num> <num> to book yours <hashtag> cts,26,160,2,0,0,0,0,0.03597122302158273,0,0,0
dragon ball z battle of gods <num> rotten tomatoes <url> via <user>,12,67,0,1,1,0,0,0.15463917525773196,0,0,0
<user> <user> too toxic cancer disease hazardous waste noxious,9,62,0,2,0,0,0,0.023255813953488372,0,0,1
some guy whistled at me in the parking lot amp it did not help that the wind blew my skirt up getting in the car ??,26,115,0,0,0,0,2,0.008547008547008548,0,0,0
<user> it won t let me as you don t follow me,12,45,0,1,0,0,0,0.06,0,0,0
new isis video isis threatens to behead croatian hostage within <num> hours tlvfaces tlvfaces<hashtag> auspol <url>,16,115,1,0,1,0,0,0.24,0,0,1
<num> th death confirmed in legionnaires outbreak in south bronx total cases reaches triple digits <url>,16,104,0,0,1,0,0,0.04201680672268908,0,0,1
deliver value a cash source crash course <url> <hashtag> course <url>,11,69,1,0,2,0,0,0.14736842105263157,0,0,1
report corey brewer was drug tested after <num> point explosion <url>,11,69,0,0,1,0,0,0.10714285714285714,0,1,1
flattened all cartoony like whoa there papa! <url>,8,50,0,0,1,1,0,0.09859154929577464,0,0,0
pandemonium in aba as woman delivers baby without face photos <url>,11,67,0,0,1,0,0,0.1744186046511628,0,0,0
if you re slating <user> for <user> s injury then you re a disgrace to the <hashtag> afc fan base injuries happen you cunts!,24,124,1,2,0,1,0,0.0546875,0,0,0
<user> i m sure the shop is deluged by local children wanting to buy it really?,16,79,0,1,0,0,1,0.056818181818181816,0,0,0
families to sue over legionnaires more than <num> families affected by the fatal outbreak of legionnaires disea <url>,18,117,0,0,1,0,0,0.051470588235294115,0,0,1
<user> i am screaming hell yes ahh omg <url>,9,44,0,1,1,0,0,0.4166666666666667,0,0,0
<user> the whole city is trapped! you can t leave the city! this was supposed to be a normal sports manga wit a love triangle c,26,127,0,1,0,2,0,0.014814814814814815,0,0,1
finnish nuclear plant to move ahead after financing secured <url> via <user>,12,76,0,1,1,0,0,0.052083333333333336,0,0,0
fedex no longer will ship potential bioterror pathogens atlanta business chronicle <url>,12,88,0,0,1,0,0,0.11214953271028037,0,0,0
flood two people dead <num> houses destroyed in kaduna two people have been reportedly killed an <url> <hashtag> semasirtalks,19,125,1,0,1,0,0,0.07407407407407407,0,1,1
if it s a war you came to see you will never see a waved white flag in front me i can t end up dead i wont be misled,30,116,0,0,0,0,0,0.02459016393442623,0,1,0
caution breathing may be hazardous to your health,8,49,0,0,0,0,0,0.0196078431372549,0,0,1
<hashtag> droughtmonitor moderate or worse <hashtag> drought ? to <num> of contig usa affects <num> m people <url> <url>,19,120,2,0,2,0,1,0.11851851851851852,0,0,1
hellfire is surrounded by desires so be careful and don t let your desires control you! <hashtag> afterlife <hashtag> islam,20,123,2,0,0,1,0,0.018691588785046728,0,0,0
industry tryna destroy <user> cause he exposed they cash cow,10,60,0,1,0,0,0,0.13636363636363635,0,0,0
pakistan supreme court endorses military courts for terrorism cases <url>,10,73,0,0,1,0,0,0.05555555555555555,0,0,1
starmade stardate <num> planetary annihilation <url> via <user>,8,63,0,1,1,0,0,0.1411764705882353,0,0,1
mosque bombing strikes saudi special forces at least <num> people dead a suicide bomber struck a mosque i <url> <hashtag> news,21,126,1,0,1,0,0,0.051470588235294115,0,1,1
a young german stormtrooper engaged in the battle of the somme <num> <num> <num> <url>,15,86,0,0,1,0,0,0.05714285714285714,0,0,1
hellfire ep silentmind amp <user> <url>,6,39,0,1,1,0,0,0.37142857142857144,0,0,0
<hashtag> usgs m <num> <num> northern california time <num> <num> <num> <num> <num> <num> utc <num> <num> <num> <num> <num> <num> utc at epicenter <url> <hashtag> earthtwerk,27,173,2,0,1,0,0,0.16176470588235295,0,0,1
women crush ?? <url>,4,20,0,0,1,0,4,0.1794871794871795,0,0,0
<num> m chapoutier crozes hermitage so much purple violets slate crushed gravel white pepper yum <hashtag> france <hashtag> wine <hashtag> dc <url>,22,147,3,0,1,0,0,0.08029197080291971,0,0,0
maryland mansion fire that killed <num> caused by damaged plug under christmas tree report says into the flames <url>,19,117,0,0,1,0,0,0.05185185185185185,0,1,1
when there s a fire alarm going off in zehrs and we keep working for <num> minutes then decide to evacuate everyone,22,115,0,0,0,0,0,0.008771929824561403,0,1,1
just realized my dude <user> was on that what are those way before it blew up the tusky ?? game <user> <user>,22,109,0,4,0,0,2,0.088,0,0,0
<user> happy birthday big bruh,5,30,0,1,0,0,0,0.075,0,0,0
the storm prediction center has expanded the slight risk area to include more of central nc <hashtag> twcnews <hashtag> ncwx <url>,21,130,2,0,1,0,0,0.13636363636363635,0,0,1
w nema warns nigerians to prepare for drought <url>,9,51,0,0,1,0,0,0.11688311688311688,0,0,1
nws has continued a severe thunderstorm warning for oklahoma ok until <num> <num> pm,14,84,0,0,0,0,0,0.15384615384615385,0,0,1
to all the meat loving feminists of the world riot grill has arrived pop quiz! which do you prefer fem <url> <hashtag> art,23,122,1,0,1,1,0,0.1259259259259259,0,0,0
reaad plss <num> nigerian refugees repatriated from cameroon,8,60,0,0,0,0,0,0.03225806451612903,0,0,1
arson suspect linked to <num> fires caught in northern california <url>,11,71,0,0,1,0,0,0.12941176470588237,0,0,1
come and join us tomorrow! august <num> <num> at transcend blazing the trail to the diversified world of marketing <url>,20,120,0,0,1,1,0,0.0962962962962963,0,0,0
?? new ladies shoulder tote <hashtag> handbag faux leather hobo purse cross body bag <hashtag> womens <url> <url>,18,113,2,0,2,0,2,0.12403100775193798,0,0,1
<hashtag> tigers wonder how much the upheaval with team is affecting different players tonight?,14,95,1,0,0,0,1,0.023255813953488372,0,0,0
the fifth pre dynastic <hashtag> king in the legendary period before the <hashtag> deluge <url> <hashtag> dumuzid the shepherd,19,126,3,0,1,0,0,0.05785123966942149,0,0,0
leeds fan rioting in embra at a lower tier league cup final dee dum,14,67,0,0,0,0,0,0.02631578947368421,0,0,1
<user> <user> it feels like if i would try to grab one off hes cheetos i ll get bombed,19,86,0,2,0,0,0,0.052083333333333336,0,0,0
lying clinton sinking! donald trump singing let s make america great again! <url>,13,81,0,0,1,2,0,0.11,0,0,0
israeli forces raid home of alleged car attack suspect <url> <hashtag> palestine,12,80,1,0,1,0,0,0.07954545454545454,0,0,1
stay tuned or don t idc <hashtag> casualties <url>,9,50,1,0,1,0,0,0.06896551724137931,0,0,0
be careful during hurricane season ?? <url>,7,43,0,0,1,0,4,0.07936507936507936,0,0,1
some drugs and alcohol in jackson vroman house <url>,9,52,0,0,1,0,0,0.14084507042253522,0,0,0
<user> thanks again for letting me stay here since the manor was blown up anyways how are you doing buddy?,20,106,0,1,0,0,1,0.049586776859504134,0,0,0
the twitter update pretty much wrecked the app,8,46,0,0,0,0,0,0.043478260869565216,0,0,0
i liked a <user> video <url> sick riot shield slide spots!!,11,59,0,1,1,2,0,0.14102564102564102,1,0,0
interesting approach but doesn t replace eyewitness video the ferguson case video <url> <url>,14,93,0,0,2,0,0,0.10606060606060606,0,0,1
wreckage conclusively confirmed as from mh <num> malaysia pm investigators and the families of those who were <url>,18,115,0,0,1,0,0,0.11764705882352941,0,0,1
in <user> ? we highly recommend <user> <hashtag> titania <user> a whirlwind reimagining shakespeare s midsummer <url>,17,117,1,3,1,0,1,0.12142857142857143,0,0,0
i need the dust storm film asap also watches the trailer for the <num> th time <user>,17,85,0,1,0,0,0,0.30851063829787234,0,0,0
smoke whatever you got,4,22,0,0,0,0,0,0.0,0,0,0
sure the <hashtag> megaquake story brought a sense of panic but the question is will anything really change? <url>,19,114,1,0,1,0,1,0.04878048780487805,0,0,1
typhoon soudelor taking dead aim at taiwan <url>,8,48,0,0,1,0,0,0.07692307692307693,0,1,1
fedex no longer to transport bioterror germs in wake of anthrax lab mishaps <url> via <user>,16,92,0,1,1,0,0,0.0625,0,0,0
for i know the plans i have for you declares the lord plans to prosper you and not to harm you plans to <url>,24,109,0,0,1,0,0,0.057971014492753624,0,0,0
<user> love what you picked! we re playing worth it by fifth harm kid ink because of you! listen amp vote <url>,22,111,0,1,1,2,0,0.22627737226277372,0,0,0
severe thunderstorm warnings have been cancelled in central oklahoma still expect <num> mph winds penny sized hail,17,114,0,0,0,0,0,0.044642857142857144,0,0,1
<user> <hashtag> fettilootch is <hashtag> slanglucci oppressions greatest danger coming soon the album <url>,14,108,2,1,1,0,0,0.6260869565217392,0,0,0
thankful for our first responders especially <user> for life saving response today in antioch!,14,94,0,1,0,1,0,0.06862745098039216,0,0,1
it was finally demolished in the spring of <num> and the property has sat vacant since the just saddlebrooke <url>,20,114,0,0,1,0,0,0.021739130434782608,0,0,0
leitchfield ky bella edward amp rosalie need rescue adoption local foster home s sponsorships trapped amp <url>,17,111,0,0,1,0,0,0.07042253521126761,0,0,1
is it possible to sneak into a hospital so i can stab myself with a hazardous needle and inject some crazy disease into my veins until i die,28,140,0,0,0,0,0,0.02142857142857143,0,0,0
don t blink ?? won t see the lightning take the w ?? <url>,14,58,0,0,1,0,4,0.08,0,0,1
today is corii siren s birthday! spoil her now <url> <hashtag> wishlist <url>,13,77,1,0,2,1,0,0.14563106796116504,0,0,0
it sure made an impact on me <url>,8,34,0,0,1,0,0,0.11764705882352941,0,0,0
pisces tweets need to get better because most the tweets make me sound like a total emotional catastrophe,18,105,0,0,0,0,0,0.009433962264150943,0,0,0
<user> <user> <user> <user> <user> it s not pretty ??<hashtag> disaster <hashtag> gbbo <hashtag> mudslide,15,105,3,5,0,0,2,0.0970873786407767,0,0,1
<user> <user> no one is rioting burning down buildings or looting,11,65,0,2,0,0,0,0.02564102564102564,0,0,1
national briefing west california spring oil spill estimate grows documents released on wednesday disclos <url>,15,111,0,0,1,0,0,0.10294117647058823,0,0,1
panic over patient in alabama tests negative for ebola <url>,10,60,0,0,1,0,0,0.10256410256410256,0,0,1
warfighting robots could reduce civilian casualties so calling for a ban now is premature <url> <hashtag> ftsn <hashtag> ftsnnewsdesk,19,133,3,0,1,0,0,0.17518248175182483,0,0,1
don t let your style fall flat this summer! lord amp cliff <hashtag> thinkpink <hashtag> magichairbump is your answer adding this <url>,22,135,2,0,1,1,0,0.07142857142857142,0,0,0
i dont even remember slsp happening i just remember being like wtf and then the lights turned off and everyone screamed for the encore,24,134,0,0,0,0,0,0.0,0,0,0
how would i have survived without the mute option on whatsapp!,11,62,0,0,0,1,0,0.03225806451612903,0,0,0
gt gt <user> shock in aba as woman delivers faceless baby photo there was pandemonium <url> <hashtag> bennycapricon,18,115,1,1,1,0,0,0.14383561643835616,0,0,0
there was a small earthquake in la but don t worry emmy rossum is fine,15,70,0,0,0,0,0,0.06944444444444445,0,1,1
still rioting in to gmail,5,25,0,0,0,0,0,0.07142857142857142,0,0,0
back on the beach after the deluge surf camp in motion our surf therapy programme kicked off today for <url>,20,108,0,0,1,0,0,0.06060606060606061,0,0,1
new giant flames giant manly brown info order sms <num> pin <num> d <url> <url>,15,79,0,0,2,0,0,0.10483870967741936,0,0,0
apollo brown detonate feat m o p by mello music group via <hashtag> soundcloud <url>,15,84,1,0,1,0,0,0.1414141414141414,0,0,0
i added a video to a <user> playlist <url> panic! at the disco miss jackson ft lolo official video,19,98,0,1,1,1,0,0.2396694214876033,0,0,0
i should have known better than to think i d get anything done after a <num> hour capoeira class stretcher bearer!,21,114,0,0,0,1,0,0.02702702702702703,0,0,0
<user> there is no words to describe the physical painthey ripped you apart while you screamed for dear lifeits like been engulfed,22,130,0,1,0,0,0,0.0,0,0,0
i just want everyone to know that emilee was worried i was getting a milkshake when we were supposed to evacuate,21,112,0,0,0,0,0,0.026785714285714284,0,0,1
american weapons and support are fueling a bloody air war in yemen <url>,13,72,0,0,1,0,0,0.13186813186813187,0,0,1
that usually never happens,4,26,0,0,0,0,0,0.23076923076923078,0,0,0
<user> <user> <user> <user> i asked how did he feel attacked by julie i asked if he was frail that is all,22,105,0,4,0,0,0,0.07874015748031496,0,0,0
? new ladies shoulder tote <hashtag> handbag faux leather hobo purse cross body bag <hashtag> womens <url> <url>,18,112,2,0,2,0,1,0.14615384615384616,0,0,0
when you don t know which way an ambulance is coming from lt lt,14,63,0,0,0,0,0,0.0,0,0,1
it s alil twister at tha end to! i was like oh nah ??,14,53,0,0,0,1,2,0.05660377358490566,0,0,1
if you re gonna take a break at work you gotta do it right! <hashtag> carlilescanoelivery <hashtag> lovemyjob <url>,19,115,2,0,1,1,0,0.09322033898305085,0,0,0
<hashtag> breaking <hashtag> news global precipitation measurement satellite captures <num> d image of typhoon soudelor <user> <url>,17,132,2,1,1,0,0,0.08759124087591241,0,0,1
ambulance sprinter automatic frontline vehicle choice of <num> lez compliant ebay <url>,12,87,0,0,1,0,0,0.6601941747572816,0,0,0
russian nuclear biological chemical nbc brigade emergency response exercise in southern md <url> <url>,14,102,0,0,2,0,0,0.1,0,0,1
ignition knock detonation sensor senso standard fits <num> <num> mazda <num> <num> <num> l v <num> <url> <url>,18,110,0,0,2,0,0,0.13934426229508196,0,0,0
<user> <user> nkea destroyed lives in gambia as a mercenary judge,11,65,0,2,0,0,0,0.02564102564102564,0,0,0
<hashtag> fedex no longer to transport bioterror germs in wake of anthrax lab mishaps <url>,15,91,1,0,1,0,0,0.09090909090909091,0,0,1
people are more worried about the burning of buildings than black people losing their lives disgusting,16,102,0,0,0,0,0,0.009708737864077669,0,0,1
<user> sirens was cancelled,4,27,0,1,0,0,0,0.1724137931034483,0,0,0
deepak chopra s epic twitter meltdown <url>,7,43,0,0,1,0,0,0.2,0,0,0
nuclear <hashtag> solar power <hashtag> japanese <hashtag> fukushima reactor energy japan temperature no fuel pool more <url> <url>,18,131,3,0,2,0,0,0.15,0,0,1
musician kalle mattson recreates <num> classic album covers in clever music video for avalanche <url>,15,101,0,0,1,0,0,0.1452991452991453,0,0,0
<user> i also loved the episode bang in season <num> when caroline bigsby ? took hostages in the supermarket,19,108,0,1,0,0,1,0.034782608695652174,0,0,0
that rainstorm didn t last nearly long enough,8,45,0,0,0,0,0,0.022222222222222223,0,0,1
snowstorm planned outside <hashtag> rome s st mary major tonight annual occasion artificial snow remembering summer snow in <num> ad on same spot,23,145,1,0,0,0,0,0.051094890510948905,0,0,0
kinda screamed gt lt <url>,5,26,0,0,1,0,0,0.12,0,0,0
plains calif oil spill could be larger than estimated <url>,10,59,0,0,1,0,0,0.12658227848101267,0,0,1
the <num> cars right in front of me collided and if i hadnt stopped in time it would ve been me too <hashtag> butgod ??,25,119,1,0,0,0,4,0.045871559633027525,0,0,1
look at the previous battles citizens were committing suicide so to not be under american control the bomb was the only way <user>,23,130,0,1,0,0,0,0.05925925925925926,0,0,1
oh my god that s the biggest <hashtag> gbbo catastrophe i have ever seen not that i watch the show or am into it at all ??,27,122,1,0,0,0,2,0.06779661016949153,0,0,0
super sweet and beautiful <url>,5,31,0,0,1,0,0,0.09615384615384616,0,0,0
militants attack police post in udhampur <num> spos injured livemint <url> <url> <hashtag> allthenews,14,101,1,0,2,0,0,0.10236220472440945,0,1,1
have you ever seen the president who killed your wounded child? or the man that crashed your sister s plane claimin he was sent of god?,26,135,0,0,0,0,2,0.028985507246376812,0,0,0
inundated with westeros between storm of swords as a book on tape amp finishing s <num> of game of thrones i don t know my starks from my greyjoys,29,146,0,0,0,0,0,0.06944444444444445,0,0,0
evacuation order lifted for town of roosevelt <url> <url>,9,57,0,0,2,0,0,0.15217391304347827,0,1,1
photo beach earrings beach jewelry vacation earrings keep calm and beach on earrings made with flattened <url>,17,110,0,0,1,0,0,0.1297709923664122,0,0,0
people are finally panicking about cable tv <url> <url>,9,55,0,0,2,0,0,0.14606741573033707,0,0,0
in fact if y all could tag like small creeping or self inflicted injuries of the skin as derma with brackets that would be nice,25,127,0,0,0,0,0,0.0,0,0,0
loan upheaval is the way in which oneself can save your house leaving out being foreclosed on tejc,18,98,0,0,0,0,0,0.19,0,0,0
rt geek apocalypse <num> pm gmt hesse plays dark souls <num> day <num> <url> <url> <hashtag> etcpb,17,98,1,0,2,0,0,0.18421052631578946,0,0,0
seek help warra <hashtag> metrofmtalk,5,37,1,0,0,0,0,0.14285714285714285,0,0,0
tarp is protecting outfield and cannot be moved infield getting deluged,11,71,0,0,0,0,0,0.0273972602739726,0,0,1
<user> <user> they ll probably allow us to ascend them but not get them to the damage max values,19,96,0,2,0,0,0,0.03773584905660377,0,0,0
i m only experienced with injuries below the waist,9,50,0,0,0,0,0,0.02,0,0,0
the riddler would be the best early exit primary presidential wannabe ever all certain of his chances until he gets wrecked by a rich guy,25,137,0,0,0,0,0,0.014598540145985401,0,0,0
a rave wedding ? am i seeing this my eyes are bleeding,12,54,0,0,0,0,1,0.05454545454545454,0,0,0
usgs eq m <num> <num> <num> km ssw of anza california time <num> <num> <num> <num> <num> <num> utc <num> <num> <num> <num> <num> <num> <num> <num> <url> <hashtag> earthquake,30,173,1,0,1,0,0,0.16296296296296298,0,1,1
august <num> your daily horoscope a relationship upheaval over the next few months may be disruptive but in the <url>,20,117,0,0,1,0,0,0.058823529411764705,0,0,0
killing black babies at planned parenthood where s the demonstrations looting of pp burning down the buildings black babies lives matter,21,136,0,0,0,0,0,0.08088235294117647,0,0,1
<hashtag> hot funtenna hijacking computers to send data as sound waves black hat <num> <url> <hashtag> prebreak <hashtag> best,19,126,3,0,1,0,0,0.06722689075630252,0,0,0
severe storm weakening as it moves se towards lubbock area outflow boundary may create dust and <num> mph gusts <url>,20,117,0,0,1,0,0,0.06766917293233082,0,0,1
the pak terrorist who has been caught alive must be tried fast not delayed as kasabwe must send very hard message to pak instead of biryani,26,139,0,0,0,0,0,0.04316546762589928,0,0,1
little gecko chillin in my garden! i ended up helping him out i suspected he might drown! <url>,18,95,0,0,1,2,0,0.042735042735042736,0,0,0
wreckage is mh <num> najib <url> <hashtag> mh <num> <hashtag> najibrazak <hashtag> malaysiaairlines,13,99,3,0,1,0,0,0.14285714285714285,0,0,1
i m ready to explode! <url>,6,27,0,0,1,1,0,0.11363636363636363,0,0,0
the insides of the explosion box get it customized the way you want! <hashtag> dcubecrafts <hashtag> greetingcards <url>,18,120,2,0,1,1,0,0.047619047619047616,0,1,0
aftershock <url>,2,16,0,0,1,0,0,0.2647058823529412,0,0,0
waking up sick with a rainstorm outside would usually make me sad not today though put some the kooks on the stereo and let s do this,27,133,0,0,0,0,0,0.03676470588235294,0,0,0
the sky s clear the storm has passed but it s still raining in my head,16,70,0,0,0,0,0,0.014285714285714285,0,0,0
interesting mh <num> aircraft debris found on la reunion is from missing malaysia airlines abc <url> please rt,18,110,0,0,1,0,0,0.1323529411764706,0,0,1
obliterated my phone screen today with a drum stick <hashtag> blessed,11,69,1,0,0,0,0,0.01639344262295082,0,0,0
do you feel deluged by low self image? take the quiz <url> <url>,13,64,0,0,2,0,1,0.1414141414141414,0,0,0
<user> can we have a public vote for the next annual village disaster? i want an isis strike or a nuclear accident amp end this forever,26,135,0,1,0,0,1,0.0,0,0,1
thisisfaz anti collision rear <hashtag> technology <hashtag> cool <url> via techesback <hashtag> tech,13,101,3,0,1,0,0,0.17204301075268819,0,0,0
firefighters headed to california to fight wild fires <url>,9,59,0,0,1,0,0,0.18421052631578946,0,0,1
<user> standard damage control,4,30,0,1,0,0,0,0.07692307692307693,0,0,1
is ross dead noo <user>,5,23,0,1,0,0,0,0.6341463414634146,0,1,0
<user> <user> my boyfriend wants too see <user> too! <hashtag> twisterlovesshania ?? <url>,13,90,1,3,1,1,6,0.12295081967213115,0,0,0
<user> <user> noo proceeds to fall off a cliff,9,46,0,2,0,0,0,0.04411764705882353,0,0,0
you messed up my feeling like a hurricane damaged this broken home,12,66,0,0,0,0,0,0.015151515151515152,0,0,0
usfs an acronym for united states fire service <url>,9,52,0,0,1,0,0,0.17142857142857143,0,1,0
obama declares disaster for typhoon devastated saipan obama signs disaster declaration for northern marians a <url>,16,115,0,0,1,0,0,0.09558823529411764,0,0,1
a friend is like blood they are not beside us always but they come out when we are wounded,19,90,0,0,0,0,0,0.021739130434782608,0,0,0
sassy city girl country hunk stranded in smoky mountain snowstorm <hashtag> aoms <url> <hashtag> ibooklove <hashtag> bookboost,17,126,3,0,1,0,0,0.10344827586206896,0,0,0
the few i warned about were just as i expected they are a threat to his soul,17,76,0,0,0,0,0,0.06172839506172839,0,0,0
omg if cain dies i will be an emotional wreck <hashtag> emmerdale,12,65,1,0,0,0,0,0.03571428571428571,0,0,1
<user> im sorry for my meltdown last night lmao but i m getting my tooth fixed friday ??,18,88,0,1,0,0,34,0.031496062992125984,0,0,0
good thing there was actually just a legit fire in the mall and nobody evacuated!!,15,82,0,0,0,2,0,0.012195121951219513,1,1,1
<user> <user> notley flattened harper in his heartland harper imported tens of thousands of tfw slaves cost albertans jobs,19,122,0,2,0,0,0,0.22962962962962963,0,0,0
heavy rain and lightning overhead in oakridge sw calgary at least it will melt the hail <hashtag> yycstorm <hashtag> abstorm,20,124,2,0,0,0,0,0.07079646017699115,0,0,1
our mission to see the end of this movie last night <user> <user> after getting fire alarm evacuation <url>,19,107,0,2,1,0,0,0.029197080291970802,0,1,1
flood and mudslide warning for east fjords iceland review <url> <hashtag> icelandreview via <user>,14,98,1,1,1,0,0,0.08547008547008547,0,1,1
that hellfire song from the hunchback of notre dame reminds me a lot of my house,16,80,0,0,0,0,0,0.0125,0,0,0
former township fire truck being used in philippines township of langley assistant fire chief pat walker spen <url>,18,115,0,0,1,0,0,0.08088235294117647,0,1,1
<user> nearly fatal pee in san francisco <url>,8,46,0,1,1,0,0,0.1232876712328767,0,0,0
<hashtag> kca <hashtag> votejkt <num> id <num> news update a family of <num> has been displaced after fired damaged housed near <num> th and osborn fire extinguished no i,29,170,2,0,0,0,0,0.1347517730496454,0,1,1
<user> <user> and in an equal spirit i leave you to roskomnadzor and to ridiculously politicized destruction of illegal food,20,124,0,2,0,0,0,0.051470588235294115,0,0,0
one thing i wanna see before i die gt <hashtag> trump standing in a good windstorm with no hat on!! <hashtag> hardball,22,118,2,0,0,3,0,0.049019607843137254,1,0,0
<user> ?? i m weak af,6,21,0,1,0,0,6,0.22857142857142856,0,0,0
firefighting consumes forest service budget sparks political clash forest service report cites increasing cost of <url>,16,119,0,0,1,0,0,0.05,0,0,1
let s destroy twitter with <user> <user> come on brbrs lets do it in morning with fousey,17,88,0,2,0,0,0,0.09278350515463918,0,0,0
italy three dead after landslide in the italian alps <url> via <user>,12,69,0,1,1,0,0,0.1,0,1,1
evening sun article on nno <url>,6,32,0,0,1,0,0,0.16,0,0,0
worked in factory pressing designs onto t shirts was electrocuted d t faulty ground boss docked my pay while i was at er <hashtag> worstsummerjob,25,145,1,0,0,0,0,0.06521739130434782,0,0,1
why are you deluged with low self image? take the quiz <url> <url>,13,66,0,0,2,0,1,0.07920792079207921,0,0,0
remove the <url> and linkury browser hijacker <url> <url>,9,57,0,0,3,0,0,0.12037037037037036,0,0,1
pic of <num> yr old pkk suicide bomber who detonated bomb in turkey army trench released <url> <url>,18,100,0,0,2,0,0,0.1,0,0,1
mourning notices for stabbing arson victims stir politics of grief in israel posters for shira banki and a <url>,19,112,0,0,1,0,0,0.08633093525179857,0,0,0
ogun smugglers engage customs in shootout several persons were allegedly injured on wednesday when men o <url> <hashtag> rt,19,123,1,0,1,0,0,0.0948905109489051,0,1,1
the eyes of the nation amp broader conservation community are on <hashtag> alaska <user> reinstate emergency buffer <hashtag> protectdenaliwolves,19,145,2,1,0,0,0,0.07194244604316546,0,0,0
lrt refer to the lyrics to hear big boi explain why he s as cool as sippin a milkshake in a snowstorm lame bars but effective at the time,29,137,0,0,0,0,0,0.03424657534246575,0,0,0
<user> tries to electrocute self with phone cord,8,48,0,1,0,0,0,0.018518518518518517,0,0,0
lol warthen in the midst of bullpen meltdown reaching for double bubble <hashtag> mets,14,86,1,0,0,0,0,0.08974358974358974,0,0,0
despite the deluge of <hashtag> fantasticfour notices our man o cuana is still buying tickets because he s bloody minded like that,22,130,1,0,0,0,0,0.04032258064516129,0,0,0
currently blasting <hashtag> benediction <hashtag> sanelesstheory on metal devastation radio <url>,11,98,2,0,1,0,0,0.10784313725490197,0,0,0
family members of osama bin laden have died in an airplane accident how ironic ?? mhmm gov shit i suspect,20,105,0,0,0,0,6,0.0,0,0,1
<hashtag> sismo detectado <hashtag> jap n report <num> <num> <num> <num> okinawa island region m <num> <num> depth <num> km maximum seismic intensity <num> jst ??,26,162,3,0,0,0,2,0.1694915254237288,0,0,1
china is only delaying the deluge if the fundamentals of an economy do not support the valuations of a stock <url>,21,114,0,0,1,0,0,0.03676470588235294,0,0,0
severe t storm warning for union county <num> <num> pm top threats include heavy rain lightning amp damaging winds <url>,20,120,0,0,1,0,0,0.08955223880597014,0,0,1
murfreesboro peeps i m hearing walmart on s rutherford is on lockdown with a hostage is that true or a rumor?,21,109,0,0,0,0,1,0.045454545454545456,0,0,1
the mixtape is coming i promise we goin in right now <url>,12,58,0,0,1,0,0,0.09210526315789473,0,0,0
a new type of adhd? head injuries in children linked to long term attention problems <url>,16,90,0,0,1,0,1,0.09345794392523364,0,0,0
<user> <user> <user> so name all the countries we ve invaded bombed aside libya in north africa in last <num> years,21,115,0,3,0,0,0,0.10606060606060606,0,0,1
uribe just obliterated a baseball,5,33,0,0,0,0,0,0.029411764705882353,0,0,0
<hashtag> tornadogiveaway <hashtag> thebookclub join in!! <url> <url>,8,69,2,0,2,2,0,0.18478260869565216,1,0,0
governor allows parole for california school bus hijacker <url> <hashtag> fresno,11,80,1,0,1,0,0,0.09090909090909091,0,0,1
<user> lol! i was a traumatised child on wednesday <user> releases topic for thursday hashtag game this is this weeks xoxo,21,122,0,2,0,1,0,0.08088235294117647,0,0,0
refuse to let my life be reduced to rubble when the shit keeps piling up get a shovel <user>,19,92,0,1,0,0,0,0.050505050505050504,0,0,0
rt fittscott minecraft night lucky block mod bob apocalypse wither <num> <num> amp more! mod showcase popularmmos <url> vi,19,122,0,0,1,1,0,0.3732394366197183,0,0,0
waldo thunder <num> u cooperstown dreams park <num> dedicated to <hashtag> joestrong <hashtag> gokitgo <url>,15,108,2,0,1,0,0,0.13725490196078433,0,0,0
<user> <user> fall off a cliff into hell idc,9,44,0,2,0,0,0,0.0,0,0,0
<user> middle of winter in sydney we have had snow bush fires and <num> degree days in the last week keeps you on your toes for sure,27,132,0,1,0,0,0,0.021739130434782608,0,0,1
rt <num> hourfamine in <hashtag> bangladesh government has not declared floods an emergency <hashtag> worldvision will continue to m <url>,20,138,2,0,1,0,0,0.07913669064748201,0,0,1
<user> gamma ray january worlds collide she waits be me wave past perfect reunion lucky cool if i come over hot times,22,117,0,1,0,0,0,0.16279069767441862,0,0,0
<user> <user> haha love this??,5,30,0,2,0,0,2,0.046511627906976744,0,0,0
driver fatalities down on irish roads but pedestrians and cyclists at more risk <url>,14,85,0,0,1,0,0,0.058823529411764705,0,0,1
suicide bomber kills <num> in saudi security site mosque reuters <url>,11,70,0,0,1,0,0,0.09302325581395349,0,0,1
texas seeks comment on rules for changes to windstorm insurer <url>,11,67,0,0,1,0,0,0.10588235294117647,0,0,1
me trying to look cute wen crush is passing by <url>,11,52,0,0,1,0,0,0.0547945205479452,0,0,0
good diss bad beat and flow mark my words meek mill is body bagging him once he responds patient patient meek is a battle rapper!,25,129,0,0,0,1,0,0.045454545454545456,0,0,0
a demoness with the voice of an angel like a siren s call beckoning me to the void don t ?? on this <url>,24,105,0,0,1,0,2,0.0625,0,0,0
russian food crematoria provoke outrage amid crisis famine memories <url> via <user>,12,84,0,1,1,0,0,0.056074766355140186,0,0,1
debris confirmed from mh <num> relatives hope for discovery of crash site malaysian officials confirm a breakth <url>,18,117,0,0,1,0,0,0.09558823529411764,0,0,1
<user> there is no such curfew,6,30,0,1,0,0,0,0.024390243902439025,0,0,0
<user> talk to please don t harm your self in any way shape or form please we care about you and if i saw u right now u better,29,126,0,1,0,0,0,0.022727272727272728,0,0,0
mike magner discusses a trust betrayed <url> via <user> <hashtag> military <hashtag> veterans <hashtag> environment,15,115,3,1,1,0,0,0.12037037037037036,0,0,0
wrecked an hour on youtube with <user> <user> amp <user> and now it s practice time again,17,89,0,3,0,0,0,0.06422018348623854,0,0,0
the guardian view on the hiroshima legacy still in the shadow of the bomb editorial the world longs to cas <url>,21,112,0,0,1,0,0,0.0661764705882353,0,0,1
<hashtag> sismo ml <num> <num> near the coast of western turkey magnitude ml <num> <num> region near the coast of western turkey <url> <hashtag> cs,25,147,2,0,1,0,0,0.4714285714285714,0,0,1
so this storm just came out of no where fuck me its cool,13,56,0,0,0,0,0,0.017241379310344827,0,0,1
<hashtag> nowplaying the lightning strike de snow patrol de a hundred million suns ? <url>,15,90,1,0,1,0,1,0.15,0,0,0
the trouble in one of buffett s favorite sectors <url>,10,54,0,0,1,0,0,0.11267605633802817,0,0,0
<hashtag> gamergate our entire attempt to hijack your community destroy your industry and scam everyone in sight was just sarcastic drop dead,22,141,1,0,0,0,0,0.029197080291970802,0,1,0
<user> <user> <hashtag> southkorea dogs prepared!electrocutedboiling waterfur machine all still alive <url>,12,107,1,2,1,1,0,0.2032520325203252,0,0,0
<hashtag> wired <hashtag> business reddit will now quarantine offensive content <url>,11,85,2,0,1,0,0,0.10714285714285714,0,0,0
<hashtag> obama signed up to a deal that far from making the world a safer place <url> via <user> <hashtag> iran <hashtag> nuclear <hashtag> irannucleardeal,25,156,4,1,1,0,0,0.07407407407407407,0,0,1
accident with injuries on <hashtag> nj <num> sb at cr <num> leonardville rd <url>,14,81,1,0,1,0,0,0.13253012048192772,0,0,1
there s still room for you at our party for first responders from around the country! <num> rd annual best ever <url>,22,117,0,0,1,1,0,0.046153846153846156,0,0,0
prayers for my cousin! he s in california helping with the wild fires,13,69,0,0,0,1,0,0.2857142857142857,0,0,1
<num> foot sinkhole opens in lowndes county residential area wctv <num> minutes ago,13,83,0,0,0,0,0,0.14102564102564102,0,0,1
i will stay drowning till you watch <hashtag> nashsnewvideo <url> <url>,11,71,1,0,2,0,0,0.10416666666666667,0,0,0
at the lake sees a dead fish me poor little guy i wonder what happened ashley idk maybe it drowned wtf ??,22,105,0,0,0,0,8,0.0,0,1,0
us energy department offers <num> mln for new nuclear reactor designs sputnik international <url>,14,97,0,0,1,0,0,0.1415929203539823,0,0,0
idgaf who tough or who from canada and who from north philly meek been acting like a bitch amp drake been body bagging his ass on tracks,27,136,0,0,0,0,0,0.021739130434782608,0,0,0
toddler drowned in bath after mum left room to fetch his pyjamas <url>,13,70,0,0,1,0,0,0.05747126436781609,0,0,1
<user> i am traumatised the lil shit nearly hopped in the bloody shower with me,15,79,0,1,0,0,0,0.011904761904761904,0,0,0
september <num> defeater at the epicentre hell yeaahh,8,53,0,0,0,0,0,0.06,0,0,0
<user> <user> great times until the bus driver held us hostage in the mall parking lot lmfao,17,92,0,2,0,0,0,0.038461538461538464,0,0,1
<user> didn t look like a murder scene just <num> cops a fire truck and <num> fire assistance cars along with a helicopter,23,122,0,1,0,0,0,0.016666666666666666,0,1,1
why does my family have to ruin something that is actually going good for me??,15,78,0,0,0,0,2,0.01282051282051282,0,0,0
<user> enjoy the impending landslide todd hehe,7,46,0,1,0,0,0,0.05555555555555555,0,0,0
this week first responders and dart members are participating in a four day intensive technical large animal <url>,18,114,0,0,1,0,0,0.09701492537313433,0,0,1
came across this fire video not mine enjoy babes way of saying hi to me while he s in the fire truck?? <hashtag> fireman <url>,25,126,2,0,1,0,2,0.03546099290780142,0,1,0
firefighters from connecticut are headed to california to fight wild fires <url> <url>,13,86,0,0,2,0,0,0.09166666666666666,0,0,1
<user> this morning <hashtag> fdny responded to a sinkhole in <hashtag> brooklyn units remain on scene with <user> amp others <url>,21,131,2,2,1,0,0,0.12244897959183673,0,0,1
the hurricane mixxtail kinda tastes like the watermelon four loko ?? <user>,12,75,0,1,0,0,8,0.011494252873563218,0,0,0
understand that there are no fatalities as no one was trapped inside the wholesale market <num> fire engines and <num> fire fighters on scene,24,141,0,0,0,0,0,0.007352941176470588,0,1,1
hellfire is surrounded by desires so be careful and don t let your desires control you! <hashtag> afterlife,18,107,1,0,0,1,0,0.02,0,0,1
<hashtag> bestnaijamade <num> yr old pkk suicide bomber who detonated bomb in <url> bestnaijamade bestnaijamade bestnaijamade be,17,128,1,0,1,0,0,0.06428571428571428,0,0,1
stay vigilent civil liberties are under constant attack <hashtag> nativehuman <hashtag> myreligion <url>,13,104,2,0,1,0,0,0.04672897196261682,0,0,1
<user> sometimes your cheekiness bleeds through my computer screen and i recoil in fear,14,87,0,1,0,0,0,0.0,0,0,0
top link reddit s new content policy goes into effect many horrible subreddits banned or quarantined <url>,17,106,0,0,1,0,0,0.056451612903225805,0,0,0
<user> comee! but why is it bout to storm tho,10,45,0,1,0,1,0,0.01694915254237288,0,0,1
?? kitana ? her fatalities slay me kody? vine by <user> <url>,12,61,0,1,1,0,4,0.17894736842105263,0,0,1
the <num> minute fat burning routine that s also really fun <url> <hashtag> fat weightless fatburning <hashtag> burnfat <hashtag> skinny <hashtag> workout,22,154,5,0,1,0,0,0.08148148148148149,0,0,0
the <hashtag> tribe just keeps sinking everyday it seems faster as for this year it s been a titanic disaster,20,109,1,0,0,0,0,0.029411764705882353,0,0,1
<user> favourite youtube channel going right now love everything you guys do and thank you introducing me to dude bro party massacre,22,132,0,1,0,0,0,0.07142857142857142,0,0,0
clev me? you clev indeed do you know what happened to ben? clev he drowned how clev by his father <user>,21,104,0,1,0,0,2,0.08943089430894309,0,0,0
california law negligence and fireworks explosion incidents <url>,8,65,0,0,1,0,0,0.08333333333333333,0,1,1
cancers equate for around <num> of all deaths in <hashtag> blackpool kowing the signs could save your life <url> <hashtag> beclearoncancer,21,138,2,0,1,0,0,0.07913669064748201,0,0,1
well unfortunately for my followers stage pics came in today advanced apologies for the inundation <url>,16,104,0,0,1,0,0,0.03968253968253968,0,0,0
setting things on fire is always an option,8,42,0,0,0,0,0,0.023809523809523808,0,1,1
question is anybody else having this problem with the <num> circle in epicentre? via r jailbreak <url>,17,102,0,0,1,0,1,0.06666666666666667,0,0,0
swansea plot hijack transfer move for southampton target virgil van dijk <url>,12,78,0,0,1,0,0,0.07920792079207921,0,0,1
why some traffic is freezing cold and some blazing hot and how to heat up some of your traffic <url>,20,100,0,0,1,0,0,0.19008264462809918,0,0,0
<user> get demolished by <hashtag> patriots like <num> <num> and whine to <user> about integrity <hashtag> cantmakeitup <hashtag> patriotsnation <url>,20,150,3,2,1,0,0,0.08029197080291971,0,0,0
video we re picking up bodies from water rescuers are searching for hundreds of migrants in the <url> <hashtag> bbc <hashtag> news,22,130,2,0,1,0,0,0.09558823529411764,0,0,1
<user> not tweeting and driving joshua typos are hazardous,9,58,0,1,0,0,0,0.09375,0,0,0
blizzard of auz <num> pm cst <user> <url> <num> hrs of rock to make your hump day complete! <url>,19,97,0,2,2,1,0,0.1223021582733813,0,0,0
<user> you up to commiting mass murder tonight?,8,47,0,1,0,0,1,0.057692307692307696,0,0,1
the cryptic words that guided pilots on the hiroshima bombing mission <url>,12,75,0,0,1,0,0,0.06521739130434782,0,0,1
i can t wait to be beyond obliterated this weekend,10,50,0,0,0,0,0,0.02,0,0,0
doe s wipp facility in nm investigating a site filter radiation reading has activated its emergency ops center says no offsite release,22,134,0,0,0,0,0,0.08759124087591241,0,0,0
<user> <user> wait i thought fecal hurricane was on scifi? maybe that was turdnado i ve been forgeting up a shit storm lately,23,125,0,2,0,0,1,0.07352941176470588,0,0,1
swansea ?plot hijack transfer move for southampton target virgil van dijk? <url>,12,80,0,0,1,0,2,0.10309278350515463,0,0,0
sad that biker beatdown derailed his pro democracy work as <user> undercover <url> <url>,14,88,0,1,2,0,0,0.12598425196850394,0,0,1
malaysia confirms plane debris washed up on reunion island is from flight mh <num> <url>,15,88,0,0,1,0,0,0.0784313725490196,0,0,1
multiple buildings on fire in downtown hinton <url> <url>,9,57,0,0,2,0,0,0.15384615384615385,0,1,1
<user> <user> bring back demolition and head quarters,8,53,0,2,0,0,0,0.04411764705882353,0,0,0
oops bounty hunters try to raid phoenix police chief s home a group of armed bounty hunters surrounded the h <url>,21,114,0,0,1,0,0,0.0661764705882353,0,0,1
luke microphone exploded ovaries,4,32,0,0,0,0,0,0.0,0,0,0
dante exum s knee injury could stem jazz s hoped for surge back to <url>,15,72,0,0,1,0,0,0.08602150537634409,0,0,1
of what use exactly is the national assembly? honestly they are worthless we are derailed,15,89,0,0,0,0,1,0.04395604395604396,0,0,0
dan hughes was taken off on a stretcher after danielle robinson collided <user> hope they are both ok he called some games over years,24,133,0,1,0,0,0,0.09420289855072464,0,0,0
<user> <user> <user> please blizzard we love you,8,48,0,3,0,0,0,0.13846153846153847,0,0,0
in kalmikya astrakhan volgagrad and dagestan there is already no food left for the locusts <url> via <user>,18,107,0,1,1,0,0,0.09923664122137404,0,0,1
greer man dies in wreck <url>,6,29,0,0,1,0,0,0.08695652173913043,0,0,1
truly a scene of chaos unprecedented in frenzy pandemonium even utter disorder that anyone survived such mania is astounding <user>,20,131,0,1,0,0,0,0.02877697841726619,0,0,1
bank manager asks tom in an interview what is cyclone tom it is the loan given to purchase a bicycle,20,100,0,0,0,0,0,0.04716981132075472,0,0,0
beyonce is my pick for <url> fan army <hashtag> beyhive <url> <num>,12,67,1,0,2,0,0,0.10112359550561797,0,0,0
<user> i think it is well it s bloody barking now,11,49,0,1,0,0,0,0.01818181818181818,0,0,0
i m an emotional wreck right now,7,32,0,0,0,0,0,0.030303030303030304,0,0,0
ukraine argues for us weapons during pelosi s visit to kiev <url> <url>,13,71,0,0,2,0,0,0.12380952380952381,0,0,1
exploration takes seismic shift in <hashtag> gabon to <hashtag> somalia <url>,11,77,2,0,1,0,0,0.09210526315789473,0,0,1
<user> are you another stand user? if you are i will have to detonate you with my killer queen,19,94,0,1,0,0,1,0.0594059405940594,0,0,0
hollywood movie about trapped miners released in chile <url>,9,60,0,0,1,0,0,0.1038961038961039,0,0,0
<num> police officers arrested for abusing children at police run boot camp in san luis obispo calif <user> <url>,19,113,0,1,1,0,0,0.09302325581395349,0,0,1
she s a natural disaster she s the last of the american girls ??,14,64,0,0,0,0,2,0.015625,0,0,0
there is no greater tragedy than becoming comfortable with where you are in life,14,80,0,0,0,0,0,0.012345679012345678,0,0,0
<user> thanks for the damn heart attack,7,39,0,1,0,0,0,0.1111111111111111,0,0,0
<user> my trick is to think about nasty things,9,46,0,1,0,0,0,0.0,0,0,0
?? yes i do have <num> guns ?? ??,9,33,0,0,0,0,6,0.06896551724137931,0,0,0
mh <num> victim s family furious the media was told about wreckage confirmation first <url>,15,91,0,0,1,0,0,0.047619047619047616,0,0,1
a real life tragedy monica s hair on any given season of friends,13,64,0,0,0,0,0,0.046153846153846156,0,0,0
<user> tells of the tragic mid morning collision which claimed the life of a young man riding a motorcycle <url>,20,112,0,1,1,0,0,0.050359712230215826,0,0,1
typhoon soudelor taking dead aim at taiwan <url>,8,48,0,0,1,0,0,0.15384615384615385,0,1,1
we re <hashtag> hiring! read about our latest <hashtag> job opening here registered nurse call in military program <url> <hashtag> nursing,21,138,3,0,1,1,0,0.08888888888888889,0,0,0
christian attacked by muslims at the temple mount after waving israeli flag via pamela geller <url>,16,99,0,0,1,0,0,0.13934426229508196,0,0,1
<hashtag> earthquake <hashtag> sismo m <num> <num> <num> km e of interlaken california time <num> <num> <num> <num> <num> <num> utc <num> <num> <num> <num> <num> <num> <num> <url>,29,179,2,0,1,0,0,0.1037037037037037,0,1,1
a look at state actions a year after ferguson s upheaval <url>,12,62,0,0,1,0,0,0.08860759493670886,0,0,0
beforeitsnews global derivatives <num> <num> quadrillion time bomb <url> v <url> <url>,12,86,0,0,3,0,0,0.10869565217391304,0,0,0
and that s because on my planet it s the lone audience of the apocalypse!,15,73,0,0,0,1,0,0.0136986301369863,0,0,0
the latest from <user> reveals <hashtag> storm is a queen in <hashtag> apocalypse <user> <user> <url>,16,101,2,3,1,0,0,0.10619469026548672,0,0,1
afghanistan u n reports record high levels of civilian casualties in news from afghanistan the united <url>,17,107,0,0,1,0,0,0.1323529411764706,0,0,1
<user> idk i feel like his movies have done more harm than good they make us look sterotypical anndd colorism is prevalent sort of,24,130,0,1,0,0,0,0.0364963503649635,0,0,0
elem pomo helping the displaced from the rocky fire please consider! elem evacuation center <url> via <user>,17,108,0,1,1,1,0,0.08527131782945736,0,1,1
<hashtag> rfp fire truck service body for f <num> fire fighting rescue amp safety equipment transporta <url>,17,108,1,0,1,0,0,0.12396694214876033,0,1,0
<user> <user> i ll bet i do,7,27,0,2,0,0,0,0.05128205128205128,0,0,0
due to the rainstorm last night cupcake decorating is happening now at the rec hall! <num> proceeds to <hashtag> iwk! <url>,21,123,1,0,1,2,0,0.12307692307692308,0,0,0
spot flood combo <num> inch <num> w curved cree led work light bar <num> x <num> offroad fog lamp full re <url> <url>,23,117,0,0,2,0,0,0.16546762589928057,0,1,0
great performance chip fuel gas saver chevy tahoe blazer avalanche s <num> <url> <url>,14,86,0,0,2,0,0,0.5641025641025641,0,0,0
megadeth week symphony of destruction <url>,6,43,0,0,1,0,0,0.14516129032258066,0,0,0
ev makes me wanna drown myself he s such an idiot,11,49,0,0,0,0,0,0.02040816326530612,0,0,0
still rioting in a couple of hours left until i have to be up for class,16,71,0,0,0,0,0,0.027777777777777776,0,0,1
photoset littlebitofbass silinski ed sheeran on the hobbit the desolation of smaug german premiere <url>,15,104,0,0,1,0,0,0.08396946564885496,0,0,0
mane im not a raiders fan but they been in a drought they need to go <num> <num> lol,19,84,0,0,0,0,0,0.05128205128205128,0,0,0
you happen to conveniently forget about how you zionists revere and honour mass murderer baruch goldstein <url>,17,111,0,0,1,0,0,0.06666666666666667,0,0,1
<user> and if she had a screaming baby you would have loved that so much more,16,77,0,1,0,0,0,0.0375,0,0,0
rescuers are searching for hundreds of migrants in the mediterranean after a boat carrying as many as <num> people capsized off the coast of,24,140,0,0,0,0,0,0.014184397163120567,0,0,1
detonation quotes my esteemed belt quotes regarding each one recent esevu <url>,12,79,0,0,1,0,0,0.06060606060606061,0,0,0
<url> pandemonium! playstation one ps <num> retro classic original platform platinum rare<hashtag> deals uk <url>,15,113,1,0,2,1,0,0.2537313432835821,0,0,0
bloody ell! let it burn! <hashtag> rubybot,7,42,1,0,0,2,0,0.1111111111111111,0,0,0
<user> i ll drown you in the river walk,9,39,0,1,0,0,0,0.043478260869565216,0,0,0
drunk meals <num> what to cook when you re totally obliterated <url>,12,68,0,0,1,0,0,0.13095238095238096,0,0,1
hiroshima survivors fight nuclear industry in brazil video <url>,9,64,0,0,1,0,0,0.09411764705882353,0,0,1
the drowning girl by caitlin r kiernan centipede press signed numbered limited full re <url> <url>,16,98,0,0,2,0,0,0.15942028985507245,0,0,0
happy <num> twister!! thank you for all the laughs sticking by my side no matter what and also for <url>,20,104,0,0,1,3,0,0.13008130081300814,1,0,0
<user> i would say i m dead but i m not that right there was obliteration,16,73,0,1,0,0,0,0.06097560975609756,0,1,0
what s going on in hollywood? <hashtag> abc <num> eyewitness <user> helicopters and sirens <hashtag> hometownglory,16,114,2,1,0,0,1,0.07777777777777778,0,0,0
audio <num> business owners share what they would do differently pt <num> <url>,13,79,0,0,1,0,0,0.15730337078651685,0,0,0
<user> senator john mccain s whoops moment photographed chilling with isis <url> <user> <url>,14,93,0,2,2,0,0,0.176056338028169,0,0,0
speaking of memorable debates <num> second know it all ronald reagan s landslide romp on election day in <num> m <url>,21,118,0,0,1,0,0,0.10294117647058823,0,0,0
emergency responders prepare for chemical disaster through hazmat training <url>,10,80,0,0,1,0,0,0.04081632653061224,0,0,1
how can someone harm this angel!! <url>,7,39,0,0,1,2,0,0.5344827586206896,1,0,0
one direction is my pick for <url> fan army <hashtag> directioners <url> x <num>,14,80,1,0,2,0,0,0.1262135922330097,0,0,0
helping hand in mumbai <num> ttes take charge of helpline to calm anxious relatives the indian exp <url> mumbaitimes,19,116,0,0,1,0,0,0.1111111111111111,0,0,1
remove the <url> and linkury browser hijacker <url> <url>,9,57,0,0,3,0,0,0.14814814814814814,0,0,0
like a cyclone imperialism spins across the globe militarism crushes peoples and sucks their blood like a <url>,18,111,0,0,1,0,0,0.045454545454545456,0,0,1
i m not a drake fan but i enjoy seeing him body bagging people great marketing lol,17,82,0,0,0,0,0,0.047619047619047616,0,0,0
tension in bayelsa as patience jonathan plans to hijack apc pdp <url> <url>,13,75,0,0,2,0,0,0.2018348623853211,0,0,1
<num> mercury cyclone gt quarter panel d s rear trim moulding cobra jet <num> cj <url> <url>,17,92,0,0,2,0,0,0.16393442622950818,0,0,1
twelve feared killed in pakistani air ambulance helicopter crash <url> <hashtag> worldnews,12,90,1,0,1,0,0,0.04081632653061224,0,0,1
final <hashtag> medinah update shot a <num> <num> on front exploded with a <num> on back <hashtag> imkeepingmydayjob pic is famous <hashtag> <num> <url>,24,152,3,0,1,0,0,0.06521739130434782,0,0,1
<hashtag> njturnpike <hashtag> njturnpike reopens hours after truck fire in? <url> <url>,12,88,2,0,2,0,1,0.22429906542056074,0,1,1
our garbage truck really caught on fire lmfao,8,45,0,0,0,0,0,0.021739130434782608,0,1,0
photo boyhaus heaven sent by jake after a very warm morning on montana s madison river a early evening <url>,20,108,0,0,1,0,0,0.072992700729927,0,0,0
u s in record hurricane drought the united states hasn t been hit by a major hurricane in the past nine years and it seems like that,27,132,0,0,0,0,0,0.0364963503649635,0,0,1
<user> is looking to repair its recent bad rap with some <hashtag> nonprofit partnerships <url>,15,95,1,1,1,0,0,0.019230769230769232,0,0,0
<num> <num> mix new flat double sided linerless bottle caps you choose mix flattened full re <url> <url>,18,104,0,0,2,0,0,0.49640287769784175,0,0,0
<num> ir icemoon aftershock <url> <user> <hashtag> dubstep <hashtag> trapmusic <hashtag> dnb <hashtag> edm <hashtag> dance <hashtag> ices <url>,19,143,6,1,2,0,0,0.2753623188405797,0,0,0
fire in pisgah national forest grows to <num> acres <url>,10,57,0,0,1,0,0,0.1111111111111111,0,1,1
<user> so <user> wanted to see that info on blight u got,12,56,0,2,0,0,0,0.0,0,0,1
<hashtag> autoinsurance industry clueless on driverless cars <hashtag> healthinsurance <url>,10,92,2,0,1,0,0,0.053763440860215055,0,0,1
anyone know if fox news will be live streaming tonight s republican debate online? i want to watch the train wreck,21,114,0,0,0,0,1,0.04065040650406504,0,0,0
lt <num> dead in kuwait mosque suicide bombing claimed by isis offshoot on <url>,14,80,0,0,1,0,0,0.20833333333333334,0,1,1
large sinkhole swallows entire pond in lowndes county georgia <url> <hashtag> yonews,12,84,1,0,1,0,0,0.11956521739130435,0,0,1
<url> nagasaki has to be forever the last city bombed with a nuclear weapon <hashtag> bannukes,16,94,1,0,1,0,0,0.06666666666666667,0,0,1
<user> <user> nissan are you ok do you need medical assistance i can call an ambulance if you need me to,21,104,0,2,0,0,0,0.03305785123966942,0,0,0
news update enugu government to demolish illegal structures at international conference centre <url> via daily post,16,115,0,0,1,0,0,0.08029197080291971,0,0,0
spot flood combo <num> inch <num> w curved cree led work light bar <num> x <num> offroad fog lamp full re <url> <url>,23,117,0,0,2,0,0,0.17266187050359713,0,1,0
i m hungry as a hostage,6,23,0,0,0,0,0,0.043478260869565216,0,0,0
throw that water at me until i drown and my last words are choke me <url>,16,73,0,0,1,0,0,0.08888888888888889,0,0,0
ronda rousey would be close to making floyd mayweather s money in <num> fights bloody elbow <url> <hashtag> boxing,19,114,1,0,1,0,0,0.07317073170731707,0,0,0
seeing that army of whitewalkers was the very first thing that has slightly intrigued me on got so far,19,102,0,0,0,0,0,0.029411764705882353,0,0,0
i wonder how times someone has wrecked trying to do the stare and drive move from <num> fast <num> furious,20,106,0,0,0,0,0,0.03,0,0,0
ill only dm hotel info because people are flooding my notifications asking me for info,15,86,0,0,0,0,0,0.8372093023255814,0,0,0
second tornado confirmed in sunday s storm <url>,8,48,0,0,1,0,0,0.05970149253731343,0,0,1
i liked a <user> video <url> minecraft episode <num> blaze farm beginnings!,12,75,0,1,1,1,0,0.11827956989247312,0,0,0
i think that none of us know the impact we have on the lives of those around us even the slightest stirring can create a violent storm,27,134,0,0,0,0,0,0.014705882352941176,0,0,0
<hashtag> afghanistan sharp rise in women and children casualties in first half of <hashtag> <num> <url>,16,104,2,0,1,0,0,0.038834951456310676,0,0,1
louis in red jacket round <num> aka drowning in my tears,11,56,0,0,0,0,0,0.019230769230769232,0,0,0
pakistan supreme court oks military courts to try civilians the supreme court ruling would empower the milita <url>,18,115,0,0,1,0,0,0.11029411764705882,0,0,0
apollo brown ft m o p detonate <url>,8,36,0,0,1,0,0,0.17543859649122806,0,0,1
ashley and i on going to hurricane harbor friday ?? <url>,11,57,0,0,1,0,2,0.13333333333333333,0,0,1
china detains seven christians trying to protect their church s cross from demolition <url> <url>,15,97,0,0,2,0,0,0.08396946564885496,0,0,0
police officer wounded suspect dead after exchanging shots <url>,9,64,0,0,1,0,0,0.14457831325301204,0,1,1
<user> shtap! before your town is obliterated and the earth is salted t t,14,73,0,1,0,1,0,0.0625,0,0,0
demolition <num> amp <num> still the most fire freestyles ever,10,62,0,0,0,0,0,0.0,0,1,0
<user> because it s <num> o clock and my mom said everyone has to go home because of curfew,19,91,0,1,0,0,0,0.010638297872340425,0,0,1
i was in a horrible car accident this past sunday i m finally able to get around thank you god??,20,96,0,0,0,0,2,0.07142857142857142,0,0,1
<num> <num> earthquake occurred near mount st helens area washington at <num> <num> utc! <hashtag> earthquake <url>,17,115,1,0,1,1,0,0.09009009009009009,0,1,1
severe weather bulletin <hashtag> <num> tropical cyclone warning typhoon hanna issued at <num> <num> p m thursday <num> august <url>,20,132,1,0,1,0,0,0.4740740740740741,0,0,1
i will only call or text <num> niggas my bff amp my boyfriend ?? i love my boys to death no other niggas can hold my attention like them ??,30,139,0,0,0,0,6,0.02142857142857143,0,0,0
woke up so blown lol,5,20,0,0,0,0,0,0.05,0,0,0
cause right now i can read too good don t send me no letters no not unless you re gonna mail them from desolation row,25,117,0,0,0,0,0,0.008264462809917356,0,0,0
crackdown <num> destruction restricted to multiplayer crackdown <num> impressed earlier this week with a demonstratio <url>,16,123,0,0,1,0,0,0.04411764705882353,0,0,0
womens buckle casual stylish shoulder handbags pockets cross body bags green <url> <url>,13,88,0,0,2,0,0,0.14754098360655737,0,0,0
burford what a catastrophe! traffic and big lorries no action as usual from council,14,83,0,0,0,1,0,0.05813953488372093,0,0,0
i know it s a question of interpretation but this is a sign of the apocalypse i called it <url>,20,95,0,0,1,0,0,0.034782608695652174,0,0,1
when you burp and smoke comes out,7,33,0,0,0,0,0,0.0,0,0,0
when a real nigga hold you down you supposed to drown,11,53,0,0,0,0,0,0.018867924528301886,0,0,0
landslide kills three near venice after heavy rain <url>,9,56,0,0,1,0,0,0.05405405405405406,0,0,1
trafford centre film fans angry after odeon cinema evacuated following false fire alarm twitter users tell <url>,17,112,0,0,1,0,0,0.07352941176470588,0,1,1
emergency root canal!! <hashtag> tookitlikeaman <hashtag> lovemydentist <hashtag> sore,9,86,3,0,0,2,0,0.01694915254237288,1,0,0
<user> see u the night wee barra to get absolutely wrecked ??,12,61,0,1,0,0,4,0.04285714285714286,0,0,0
oil prices falling but drivers could reap benefits <url>,9,56,0,0,1,0,0,0.0821917808219178,0,0,0
esn cilla black died of stroke after fall in spain sir cliff revealed he was due to visit her in spain next <url>,23,113,0,0,1,0,0,0.0948905109489051,0,0,0
<user> first off it is the <hashtag> zippoline as no one wants to use it and the community never asked for this blight on the park <hashtag> moveit,28,147,2,1,0,0,0,0.014388489208633094,0,0,0
you just got gif bombed <hashtag> africansinsf <hashtag> beyondgps <url>,10,72,2,0,1,0,0,0.2465753424657534,0,0,0
do you ever just want to obliterate an entire species off the face of the earth? i vote for mosquitoes,20,102,0,0,0,0,1,0.0196078431372549,0,0,0
market news activision blizzard cognizant technology first solar <url>,9,70,0,0,1,0,0,0.13636363636363635,0,0,0
various issues fail to derail homes bid <url>,8,45,0,0,1,0,0,0.04838709677419355,0,0,0
so thirsty yall in danger of dehydration,7,40,0,0,0,0,0,0.85,0,0,1
the drowning girl by caitlin r kiernan centipede press signed numbered limited full re <url> <url>,16,98,0,0,2,0,0,0.16666666666666666,0,0,0
mrw when a sinkhole opens up beneath my friends and i <hashtag> gif <hashtag> funny <hashtag> lol <hashtag> comedy <hashtag> ifunny <hashtag> video <hashtag> image <hashtag> rt <url>,28,182,8,0,1,0,0,0.07692307692307693,0,0,1
homeless man traveling across usa with <num> stray dogs he rescued gets a helping hand from strangers <url> via <user>,20,118,0,1,1,0,0,0.17142857142857143,0,0,0
biolab safety concerns grow fedex stops transporting certain specimens research facilities dumbfounded by action <url>,15,118,0,0,1,0,0,0.07857142857142857,0,0,0
if they kill off val i m rioting <hashtag> emmerdale,10,52,1,0,0,0,0,0.06976744186046512,0,0,0
it still hasn t sunk in that i will never see my nan again how has it been <num> months already ??,22,98,0,0,0,0,2,0.010638297872340425,0,0,0
need to work in an office i can bang all my fav future jams out loud,16,68,0,0,0,0,0,0.029411764705882353,0,0,0
shadow boxing the apocalypse,4,28,0,0,0,0,0,0.03571428571428571,0,0,1
success is not permanent amp failure is not fatal,9,49,0,0,0,0,0,0.019230769230769232,0,0,0
<num> <num> <num> <num> nuke please target hilversum please detonate <num> meters below surface,14,95,0,0,0,0,0,0.03333333333333333,0,0,1
<user> car wreck ??,4,19,0,1,0,0,2,0.06896551724137931,0,0,1
brain twister let drop up telly structuring cast edcxo,9,54,0,0,0,0,0,0.09090909090909091,0,0,0
abe government said the missiles were not weapon so jsdf could provide them to the ally when collective self defense right was exercised,23,136,0,0,0,0,0,0.03597122302158273,0,0,1
<hashtag> adani amp <hashtag> modi plan for mining derailed! australia court blocks huge india backed coal mine <url> via <user>,20,128,2,1,1,1,0,0.07518796992481203,0,0,0
obligatory middle of the night panic attack,7,43,0,0,0,0,0,0.023255813953488372,0,0,0
<user> <user> screams and gets a face full of saku genitals,11,59,0,2,0,0,0,0.06756756756756757,0,0,0
westminister sr <num> w knott st trfc collision no inj <url>,11,60,0,0,1,0,0,0.1518987341772152,0,0,1
does this apply to muslims terrorism? or catholicism homophobia?,9,64,0,0,0,0,2,0.0625,0,0,0
what we perceive burns faintly like a sputtering candle before the vast desolate glacier of eternity sister gyrsi,18,113,0,0,0,0,0,0.03418803418803419,0,0,0
when your moms being annoying so you turn your beats pill all the way up to drown her out,19,89,0,0,0,0,0,0.0,0,0,0
two vehicle collision at fowlers corners at hwy <num> and frank hill rd is blocking the road opp only minor injuries to the occupants,24,133,0,0,0,0,0,0.08208955223880597,0,0,1
i still don t see the point of a frozen sequel like where s the wreck it ralph sequel,19,85,0,0,0,0,0,0.0,0,0,0
<user> <user> <user> saw that pileup on tv keep racing even bleeding,12,68,0,3,0,0,0,0.09210526315789473,0,0,1
<user> there is a theory that makes way too much sense that says that the dwarves may be the actual origin of the blight,24,120,0,1,0,0,0,0.0,0,0,0
zouma has just absolutely flattened that guy ??,8,47,0,0,0,0,2,0.02127659574468085,0,0,0
reddit will now quarantine offensive content <url> <url>,8,56,0,0,2,0,0,0.2222222222222222,0,0,1
dublin i <num> e i <num> e north flynn rd onr trfc collision no inj <url>,16,73,0,0,1,0,0,0.16666666666666666,0,0,1
if ryan doesn t release new music soon i might explode,11,54,0,0,0,0,0,0.05555555555555555,0,0,0
<user> i do feel sorry for him! he is not a piece of meat! he is a nice guy people don t need to rush him and screams in his face!,31,130,0,1,0,3,0,0.050359712230215826,0,0,1
<hashtag> <num> wisenews china s stock market crash are there gems in the rubble? <url>,15,87,1,0,1,0,1,0.17894736842105263,0,0,1
summer heat drives bobcats to calgary backyards <num> <url> <url>,10,65,0,0,2,0,0,0.09278350515463918,0,0,1
<num> reasons why we love women in the military lulgzimbestpicts <url> <url>,12,76,0,0,2,0,0,0.10810810810810811,0,0,0
f <num> d mhtw <num> fnet pakistan says army helicopter has crashed in country s restive northwest fox news,19,107,0,0,0,0,0,0.039603960396039604,0,0,1
<user> <user> <user> fingers crossed that there will be a driver from hendricks in military hospitality w <user> !,19,114,0,4,0,1,0,0.08695652173913043,0,0,0
investigators shift focus to cause of fatal waimate fire <url>,10,62,0,0,1,0,0,0.08860759493670886,0,1,1
<hashtag> breaking <num> obama declares disaster for typhoon devastated saipan obama signs disaster declarat <url> <hashtag> acenewsdesk,17,136,2,0,1,0,0,0.125,0,0,1
the flash and the thunder by wc quick on amazon kindle and soon in print at amazon books via create <url> via <user>,23,116,0,1,1,0,0,0.15328467153284672,0,0,0
going to starve to death,5,24,0,0,0,0,0,0.0,0,0,0
emergency dispatchers in boone county in the hot seat <url>,10,59,0,0,1,0,0,0.09210526315789473,0,0,0
<user> i will watch your dub again it will be <num> again ?? i also have other <num> will use one weapon today p,24,112,0,1,0,0,4,0.04065040650406504,0,0,0
<user> caught in a landslide,5,28,0,1,0,0,0,0.0,0,0,1
and even if the stars and moon collide oh oh! i never want you back to my life you can take your words and all <url>,26,116,0,0,1,1,0,0.04285714285714286,0,0,0
blonde teen courtney laudner teases in her panties <url> view and download video,13,80,0,0,1,0,0,0.05154639175257732,0,0,0
pakistan disowned kasab now disowns naved state of denial? naved the terrorist captured alive after an <url>,17,108,0,0,1,0,1,0.1076923076923077,0,0,1
ignition knock detonation sensor senso standard ks <num> <url> <url>,10,68,0,0,2,0,0,0.16,0,0,1
<user> not really that shocking blizzard lured their old fanbase back with wod and disappointed us hardcore so everyones leaving again,21,134,0,1,0,0,0,0.02857142857142857,0,0,0
<user> damn suh don t let that ruin your year bruh this our year better start carpooling like we did back in the day,24,116,0,1,0,0,0,0.0,0,0,0
not one character in the final destination series has ever survived ??,12,70,0,0,0,0,2,0.014285714285714285,0,0,0
its like i never left i just sunk to the background,11,51,0,0,0,0,0,0.057692307692307696,0,0,0
my room looks like a tornado passed through it and my ocd is not having it,16,74,0,0,0,0,0,0.05333333333333334,0,0,0
texas seeks comment on rules for changes to windstorm insurer <url> <hashtag> insurance,13,87,1,0,1,0,0,0.10526315789473684,0,0,0
wreckage conclusively confirmed as from mh <num> malaysia pm investigators and the families of those who were <url>,18,115,0,0,1,0,0,0.11029411764705882,0,0,1
truth <url> <hashtag> news <hashtag> bbc <hashtag> cnn <hashtag> islam <hashtag> truth <hashtag> god <hashtag> isis <hashtag> terrorism <hashtag> quran <hashtag> lies <url>,23,172,10,0,2,0,0,0.21666666666666667,0,0,1
<user> that s just not on i d be traumatised are you ok? the car has gone and now for <hashtag> gbbo and relax,24,110,1,1,0,0,1,0.09009009009009009,0,0,0
get that hazard pay,4,19,0,0,0,0,0,0.05263157894736842,0,0,0
<user> do texts use data? she was inundated by a group text yesterday,13,69,0,1,0,0,1,0.06666666666666667,0,0,0
texas seeks comment on rules for changes to windstorm insurer <url> <url>,12,73,0,0,2,0,0,0.16822429906542055,0,0,0
<hashtag> world <hashtag> news qld police wrap billy gordon investigation queensland police have wrapped up their investigation <url>,18,133,2,0,1,0,0,0.145985401459854,0,0,1
<user> please check into salt river horses help stop the annihilation about to happen without <num> more signatures change org thx,21,130,0,1,0,0,0,0.050724637681159424,0,0,0
<num> year old boy charged with manslaughter of toddler report an <num> year old boy has been charged with manslaughter over the fatal sh,24,137,0,0,0,0,0,0.0661764705882353,0,0,1
kelby tomlinson mild mannered <num> nd baseman for a great metropolitan team fights a never ending battle for hits rbi and the <hashtag> sfgiants way,25,149,1,0,0,0,0,0.058823529411764705,0,0,0
fatal crash reported on johns island <url>,7,42,0,0,1,0,0,0.08196721311475409,0,0,1
<user> the funniest part about that twitter is the feminists that try to attack it <num> head,17,93,0,1,0,0,0,0.03333333333333333,0,0,0
i was working out today and i sweated so much like i though i was gonna get electrocuted by earbuds omg,21,103,0,0,0,0,0,0.06796116504854369,0,0,0
<user> china s stock market crash this summer has sparked interest from bargain hunt <url> <user>,16,97,0,2,1,0,0,0.036231884057971016,0,0,1
news islamic state claims suicide bombing at saudi arabian mosque <url>,11,71,0,0,1,0,0,0.0989010989010989,0,0,1
brian shaw j j hickson kenneth faried trying to defend lamarcus aldridge was a blood volcano <url>,17,98,0,0,1,0,0,0.23333333333333334,0,0,0
reddit updates content policy promises to quarantine extremely offensive communities <url>,11,90,0,0,1,0,0,0.04424778761061947,0,0,0
fedex no longer will ship potential bioterror pathogens <url> via <user>,11,72,0,1,1,0,0,0.12631578947368421,0,0,0
suspected serial arsonist arrested in calif <url>,7,49,0,0,1,0,0,0.11940298507462686,0,0,1
for these californians it s like living in africa s sahel desert just finding water a daily chore <url>,19,103,0,0,1,0,0,0.056910569105691054,0,0,1
<hashtag> breakingnews militants attack udhampur police post <num> spos injured <url>,11,85,1,0,1,0,0,0.12222222222222222,0,1,1
i m a disaster?? <url>,5,22,0,0,1,0,2,0.2,0,0,0
cramer iger s <num> words that wrecked disney s stock cnbc <url>,12,64,0,0,1,0,0,0.175,0,0,0
sweater stretcher <url> <url>,4,29,0,0,2,0,0,0.12698412698412698,0,0,0
<hashtag> landslide while on a trip in <hashtag> skardu <url>,10,61,2,0,1,0,0,0.08196721311475409,0,0,0
julie r is the apocalypse version of romeo juliet <hashtag> warmbodies,11,70,1,0,0,0,0,0.06153846153846154,0,0,0
<num> st wk of rainier diet and my street seward park ave is inundated w bypass traffic so <user> what s your plan? <user>,24,122,0,2,0,0,1,0.038461538461538464,0,0,0
<user> there s literally a video of an elephant he had tied up in metal cables and electrocuted to death,20,104,0,1,0,0,0,0.009009009009009009,0,0,0
i m traumatised?? <user> <user> <url>,6,37,0,2,1,0,4,0.07246376811594203,0,0,0
germany has <num> gigawatts of installed solar capacity one gwatt is about equal to the capacity of a nuclear reactor <url>,21,123,0,0,1,0,0,0.05,0,0,0
police arsonist deliberately set black church in north carolina ablaze <url>,11,76,0,0,1,0,0,0.1368421052631579,0,0,1
pic of <num> yr old pkk suicide bomber who detonated bomb in turkey army trench released <url> <url>,18,100,0,0,2,0,0,0.1076923076923077,0,0,1
<hashtag> california <hashtag> wildfire destroys more homes but crews advance <url> <url>,12,89,2,0,2,0,0,0.05660377358490566,0,0,1
<hashtag> kca <hashtag> votejkt <num> id duckvillelol burning flips the table and says screw this lets hit some buildings! grabs a dr <url>,23,139,2,0,1,1,0,0.20714285714285716,0,0,0
new mad max screenshots show off a lovely dust storm combat magnum opus <url>,14,77,0,0,1,0,0,0.1595744680851064,0,0,0
mariah getting thick in the shoulders poor girl,8,47,0,0,0,0,0,0.020833333333333332,0,0,1
civilian casualties rise as afghan war intensifies in <num> <url>,10,65,0,0,1,0,0,0.07228915662650602,0,0,1
ain t no hoe in my blood,7,24,0,0,0,0,0,0.041666666666666664,0,0,1
<url> osage beach releases name,5,31,0,0,1,0,0,0.16666666666666666,0,0,0
<user> <user> <user> <user> why am i the worst person? questioning how julie attacked him? do you guys have no empathy?,21,119,0,4,0,0,3,0.08088235294117647,0,0,0
<user> screaming mad scientist deceased after tumbling over heels and falling into sinkhole during investigation,15,112,0,1,0,0,0,0.034782608695652174,0,0,0
obama declares disaster for typhoon devastated saipan <hashtag> worldnews <url>,10,79,1,0,1,0,0,0.09195402298850575,0,0,1
yumiko jumped in surprise as the fire shot upwards into the air and exploded caught off guard woah she had <user>,21,113,0,1,0,0,0,0.03816793893129771,0,1,0
i want to see my <user> so bad its not even funny i will probably cry and drowned him in kisses when i do ??,25,108,0,1,0,0,4,0.04132231404958678,0,0,0
businesses are deluged with invoices make yours stand oup with colour or shame and it s likely to rise to the top of the pay pile,26,129,0,0,0,0,0,0.015151515151515152,0,0,0
medieval airplane hijacker testa earnings the distinction divers htarvrgly,9,74,0,0,0,0,0,0.07894736842105263,0,0,1
imagine getting flattened by kurt zouma,6,39,0,0,0,0,0,0.07692307692307693,0,0,0
reddit will now quarantine <url> <hashtag> onlinecommunities <hashtag> reddit <hashtag> amageddon <hashtag> freespeech <hashtag> business <url>,16,143,5,0,2,0,0,0.11851851851851852,0,0,1
<url> twelve feared killed in pakistani air ambulance helicopter crash <url>,11,76,0,0,2,0,0,0.08181818181818182,0,0,1
entertain this thought for a moment diarrhea hurricane,8,54,0,0,0,0,0,0.017857142857142856,0,0,0
shit is hard to get over but sometimes the tragedy means it s over soulja,15,73,0,0,0,0,0,0.0,0,0,1
windstorm board oks rate hike before change <url> <hashtag> politics <hashtag> txlege <hashtag> twia,14,100,3,0,1,0,0,0.08888888888888889,0,0,0
a quarter whirlwind they don t see it coming,9,44,0,0,0,0,0,0.043478260869565216,0,0,1
<user> thanks! i sweat bullets every time i get in with this blazing sun beating down on me,18,91,0,1,0,1,0,0.021052631578947368,0,0,0
i have got more videos than you rappers got songs! <url>,11,56,0,0,1,1,0,0.6164383561643836,0,0,0
<hashtag> insurance texas seeks comment on rules for changes to windstorm insurer the texas department of insurance is <url>,19,124,1,0,1,0,0,0.11678832116788321,0,0,1
<user> lava you ?? quit actin up,7,32,0,1,0,0,2,0.08571428571428572,0,0,0
fire meet gasoline always gotta get played twice lol,9,52,0,0,0,0,0,0.057692307692307696,0,1,0
survival kit whistle fire starter wire saw cree torch emergency blanket s knife full re <url> <url>,17,99,0,0,2,0,0,0.15827338129496402,0,1,1
<user> ofcourse just <num> minute b <num> tragedy another train had crossed this place n a flash flood caued washing of tracks,22,126,0,1,0,0,0,0.05384615384615385,0,1,1
leader of <hashtag> zionism stop burning <hashtag> babies <url>,9,63,2,0,1,0,0,0.28125,0,0,1
a santa ana police union blocks video of the raid at sky high holistic pot dispensary the atlantic <url> <hashtag> smartnews,21,124,1,0,1,0,0,0.14925373134328357,0,0,1
neighbor kids stopped to watch me play disney s i lava you song on my uke left as i got into journey s don t stop believing <hashtag> kidsthesedays,29,147,1,0,0,0,0,0.07913669064748201,0,0,0
floods cause damage and death across asia all media content <url> <num> <num> <num> <url>,15,89,0,0,2,0,0,0.08196721311475409,0,0,1
<hashtag> hot funtenna hijacking computers to send data as sound waves black hat <num> <url> <hashtag> prebreak <hashtag> best,19,126,3,0,1,0,0,0.058823529411764705,0,0,1
clip top down coercion the structural weakness ensuring government failure <url>,11,80,0,0,1,0,0,0.1188118811881188,0,0,0
apparently my face screams get me emotionally attached and then cheat on me,13,75,0,0,0,0,0,0.02564102564102564,0,0,0
on i <num> southbound at coal creek pkwy there is a collision blocking the center lane,16,86,0,0,0,0,0,0.058823529411764705,0,0,1
if you looking for my niggas you can follow the sirens ??,12,57,0,0,0,0,4,0.016129032258064516,0,0,0
fire in pisgah national forest grows to <num> acres <url>,10,57,0,0,1,0,0,0.09722222222222222,0,1,1
reality training train falls off elevated tracks during windstorm <url>,10,71,0,0,1,0,0,0.06741573033707865,0,0,1
bluedio turbine hurricane h bluetooth <num> <num> wireless stereo headphones headset blk full re <url> <url>,16,108,0,0,2,0,0,0.1223021582733813,0,0,0
don t be so modest you certainly sniff sniiff er donny? is something burning?,14,77,0,0,0,0,2,0.056179775280898875,0,0,0
can t dl a patch to fix the error in symantec as it s quarantined the computer ergo stopped all wireless exchange lol technology ??,25,131,0,0,0,0,2,0.015151515151515152,0,0,0
shed innocent blood of their sons and daughters and the land was polluted psalms <num> <num> help stop the sin of abortion,22,122,0,0,0,0,0,0.025210084033613446,0,0,0
arson suspect linked to <num> fires caught in northern california los angeles times <url>,14,89,0,0,1,0,0,0.09523809523809523,0,0,1
medieval airplane hijacker hard shell casting the star deviating dyxtmrydu,10,74,0,0,0,0,0,0.06578947368421052,0,0,1
do you like pasta?,4,18,0,0,0,0,1,0.05555555555555555,0,0,0
ashenforest floorburnt manzanita amp timber on johnson fire along ridge on forest road <num> <hashtag> routecomplex <url>,17,121,1,0,1,0,0,0.1015625,0,1,1
ali you flew planes and ran into burning buildings why are you making soup for that man child?! <hashtag> booradleyvancullen,20,124,1,0,0,1,1,0.043478260869565216,0,0,0
well so much for outdoor postering <user> <hashtag> mothernature <hashtag> hailstorm <hashtag> rain <hashtag> yycfringe <hashtag> killhard,17,138,5,1,0,0,0,0.0891089108910891,0,0,1
i feel like death holy molys ??,7,31,0,0,0,0,8,0.02564102564102564,0,0,0
tell me why or why not to adopt in this way maybe i overlooked something fatal for me ?whyor why not?,21,101,0,0,0,0,2,0.019801980198019802,0,0,0
a tornado flew around my room before you came,9,45,0,0,0,0,0,0.022222222222222223,0,0,0
the thunder shook my house woke my sister and made car alarms go off ??,15,71,0,0,0,0,4,0.0136986301369863,0,0,1
<num> th anniversary of hiroshima atomic bombing marked <url>,9,61,0,0,1,0,0,0.04,0,0,1
<user> a world in which people aren t dying from natural and supernatural disaster and war most likely,18,102,0,1,0,0,0,0.04504504504504504,0,0,0
?? ?? ?? ?? trains derailment it s the freakiest of freak accidents the indian express <url>,17,92,4,0,1,0,12,0.06451612903225806,0,0,1
top link reddit s new content policy goes into effect many horrible subreddits banned or quarantined <url>,17,106,0,0,1,0,0,0.04032258064516129,0,0,0
what is this? like i could be in danger or something,11,52,0,0,0,0,1,0.057692307692307696,0,0,1
usgs reports a m <num> <num> <hashtag> earthquake <num> km s of volcano hawaii on <num> <num> <num> <num> <num> <num> utc <url> <hashtag> quake,25,143,2,1,1,0,0,0.11818181818181818,0,1,1
a slamming door and a lesson learned i let another lover crash and burn ??,15,74,0,0,0,0,2,0.02564102564102564,0,0,0
<user> smoke a blunt amp get through it no more ciggs for you,13,61,0,1,0,0,0,0.013888888888888888,0,0,0
coastal german shepherd rescue oc shared a link <url> <hashtag> animalrescue <url>,12,82,1,0,2,0,0,0.1592920353982301,0,0,0
love when drake floods instagram makes you feel real in tune with everything he did like you was there or sumn,21,110,0,0,0,0,0,0.0,0,0,0
watch these super strong magnets destroy everyday objects <url> <url>,10,69,0,0,2,0,0,0.125,0,0,1
wanted gritty and real casualty photos of pasta thursdays at amico s tag us or <hashtag> amicospizzato <hashtag> seeyouatamicos <url>,20,133,2,0,1,0,0,0.12408759124087591,0,0,0
<url> twelve feared killed in pakistani air ambulance helicopter crash <url>,11,76,0,0,2,0,0,0.11818181818181818,0,0,1
top link reddit s new content policy goes into effect many horrible subreddits banned or quarantined <url>,17,106,0,0,1,0,0,0.04838709677419355,0,0,0
when you got an extension cord that extends from your bed to your bath tub ?? lets pray i don t electrocute myself,23,114,0,0,0,0,2,0.008771929824561403,0,0,0
an is group suicide bomber detonated an explosives packed vest in a mosque inside a saudi special forces headquarters killing <num> people,22,138,0,0,0,0,0,0.029411764705882353,0,0,1
loner diaries the patterns on the sand may have been blown away the photos in twos all choked up in flames <url>,22,112,0,0,1,0,0,0.15328467153284672,0,0,0
<user> don t worry i m sure climate has nothing to do with hail floods tornados in alberta amp ontario i m sure god s just mad at you,29,133,0,1,0,0,0,0.02857142857142857,0,0,1
<user> <user> here s the story <url>,7,36,0,2,1,0,0,0.11290322580645161,0,0,0
is he about to crash? did the queen die? did something explode? who knows <url>,15,79,0,0,1,0,3,0.09183673469387756,0,0,1
coastal german shepherd rescue oc shared a link <url> <hashtag> animalrescue <url>,12,82,1,0,2,0,0,0.10619469026548672,0,0,0
<user> haha i love hurricane because of you,8,43,0,1,0,0,0,0.022222222222222223,0,0,0
men escape car engulfed in flames in parley s canyon crews investigating cause <url> <url>,15,90,0,0,2,0,0,0.10317460317460317,0,0,1
see these guys reaching the front foot out loading the shoulders and spinning? neither do i! <hashtag> hitting <hashtag> load amp explode <url>,23,143,2,0,1,1,1,0.04195804195804196,0,0,0
these after battle animations are so fucking much,8,49,0,0,0,0,0,0.8571428571428571,0,0,0
i blew up snapchat for no reason ??,8,35,0,0,0,0,2,0.02857142857142857,0,0,0
i m afraid that the tornado is coming to our area,11,49,0,0,0,0,0,0.019230769230769232,0,0,1
it s so freeing to name a new doc newidea and then get back to <hashtag> writing w out having derailed yourself thinking of a title or w twitter,29,144,1,0,0,0,0,0.06428571428571428,0,0,0
usgs eq m <num> <num> <num> km s of volcano hawaii time <num> <num> <num> <num> <num> <num> utc <num> <num> <num> <num> <num> <num> <num> <num> a <url> <hashtag> earthquake,31,172,1,0,1,0,0,0.14074074074074075,0,1,1
two great dawgs dak and jak !! hail state !! <url>,11,50,0,0,1,6,0,0.2222222222222222,1,0,0
nbanews soudelor typhoon soudelor is taking dead aim at taiwan and is expected to make landfall friday according to the joint typhoon,22,133,0,0,0,0,0,0.051470588235294115,0,1,1
<hashtag> traintragedy happened in mp due to collapse of bridge now i m afraid to take a long distance train <url>,21,114,1,0,1,0,0,0.072,0,1,1
<user> to the largest moblin s he d leaving the biggest one for red and fired with one strike already the threat was reduced gt,25,127,0,1,0,0,0,0.028985507246376812,0,0,0
i waited <num> <num> hours to get a cab my feet are bleeding,13,60,0,0,0,0,0,0.019230769230769232,0,0,1
human history becomes more and more a race between education and catastrophe,12,76,0,0,0,0,0,0.012987012987012988,0,0,0
it s fine baby i was screaming at the tv x <url>,12,48,0,0,1,0,0,0.14705882352941177,0,0,0
indeed!! i am fully aware of that battle! i support you in that fight!! <url>,15,77,0,0,1,5,0,0.08333333333333333,1,0,1
that horrible sinking feeling when you ve been at home on your phone for a while and you realise its been on <num> g this whole time,27,132,0,0,0,0,0,0.007751937984496124,0,0,1
top link reddit s new content policy goes into effect many horrible subreddits banned or quarantined <url>,17,106,0,0,1,0,0,0.04032258064516129,0,0,0
<user> oh wow my heart collapsed cool im crying cool cool,11,57,0,1,0,0,0,0.0,0,0,1
great michigan technique camp b <num> g thanks to <user> <user> <user> <hashtag> goblue <hashtag> wrestleon <url>,17,113,2,3,1,0,0,0.3492063492063492,0,0,1
heat wave gotta be over <num> today,7,35,0,0,0,0,0,0.029411764705882353,0,0,1
if i can t ruin his mood then i may have lost my direction <url>,15,64,0,0,1,0,0,0.0963855421686747,0,0,0
<user> <user> <user> these money grubbing kikes need to get a cluei have no money but i can still destroy with telekinesis watch,23,128,0,3,0,0,0,0.050359712230215826,0,0,1
<num> deaths a year from foodborne illness <user> dears <user> <user> <user> <url>,13,82,0,4,1,0,0,0.06015037593984962,0,0,1
evacuation order lifted for town of roosevelt washington times <url>,10,68,0,0,1,0,0,0.06896551724137931,0,1,1
hello twitter i need some book bloggers and interviews regarding my book weapons formed against me <hashtag> ineedexposure,18,122,1,0,0,0,0,0.05309734513274336,0,0,0
suicide bomber kills <num> at saudi mosque <url>,8,48,0,0,1,0,0,0.12698412698412698,0,0,1
stupid women nearly collided into me today after she came out of a junction not looking still kept coming towards me till i beep my horn,26,136,0,0,0,0,0,0.021897810218978103,0,0,1
<hashtag> breaking <num> <num> police officers arrested for abusing children at police run boot camp in san luis obispo calif <url>,21,131,1,0,1,0,0,0.1079136690647482,0,0,1
<user> <user> i m screaming omg <hashtag> idols <hashtag> <num> days <hashtag> wdym,13,83,3,2,0,0,0,0.4393939393939394,0,0,0
<hashtag> newswatch <num> vehicles collided at lock and lansdowne sts in <hashtag> ptbo emerg crews on their way,18,112,2,0,0,0,0,0.06521739130434782,0,0,1
video fire burns two apartment buildings and blows up car in manchester <url>,13,77,0,0,1,0,0,0.07291666666666667,0,1,1
do you have an emergency drinking water plan? download guide in english spanish french arabic or vietnamese <url>,18,113,0,0,1,0,1,0.06870229007633588,0,0,0
that moment when you get on a scary roller coaster and the guy behind you is just screaming bloody murder ?? <hashtag> silverwood <hashtag> aftershock,25,150,2,0,0,0,6,0.007352941176470588,0,0,0
families to sue over legionnaires more than <num> families affected by the fatal outbreak of legionnaires disea <url>,18,117,0,0,1,0,0,0.051470588235294115,0,0,1
soo police dispatch said there was a person threatening to shoot up the walmart on rutherford amp they had to evacuate,21,118,0,0,0,0,0,0.024793388429752067,0,0,1
how is it one careless match can start a forest fire but it takes a whole box to start a campfire,21,97,0,0,0,0,0,0.010309278350515464,0,1,0
cool,1,4,0,0,0,0,0,0.1111111111111111,0,0,0
navy no charges against officer for weapons violations in chattanooga attack <url>,12,82,0,0,1,0,0,0.06930693069306931,0,0,1
niagara falls package deals deluge tours yyeso,7,46,0,0,0,0,0,0.2391304347826087,0,0,0
<user> <user> the drive in ilford closed both ways while emergency services deal with a call out buses are now stuck,21,116,0,2,0,0,0,0.09090909090909091,0,0,1
evildead annihilation of civilization <url>,5,43,0,0,1,0,0,0.0967741935483871,0,0,0
we was all just laughing and talking junk now everyone in panic mode,13,68,0,0,0,0,0,0.0,0,0,0
this is my jam riser by dierks bentley <user> ? <hashtag> iheartradio <hashtag> nowplaying <url> <url>,16,102,2,1,2,0,1,0.1484375,0,0,0
<user> but the rioting began prior to the decision for the indictment so you re not really making sense at this point,22,117,0,1,0,0,0,0.02459016393442623,0,0,1
nike golf storm fit golf jacket black medium <url> <hashtag> sportinggoods <url>,12,80,1,0,2,0,0,0.1509433962264151,0,0,0
here s what caused a metro train to derail in downtown d c <url>,14,64,0,0,1,0,0,0.10714285714285714,0,0,1
<user> i m a huge football fan as you know but i ve never done fantasy leagues patience for a newbie?,21,101,0,1,0,0,1,0.044642857142857144,0,0,0
<user> everyone hail to the pumpkin king!!,7,42,0,1,0,4,0,0.0,1,0,0
blood memory intragenerational trauma and the death of sandra bland <url>,11,73,0,0,1,0,0,0.12087912087912088,0,0,1
err <num>,2,9,0,0,0,0,0,0.14285714285714285,0,0,0
i sent my emails why are the trinna hold me hostage rapping me up ??,15,68,0,0,0,0,2,0.10144927536231885,0,0,0
<user> <user> <user> <user> never thought i could have that much fun saving and shooting teddy bear hostages lol,19,112,0,4,0,0,0,0.06870229007633588,0,0,0
madhya pradesh train derailment village youth saved many lives,9,62,0,0,0,0,0,0.14285714285714285,0,0,1
reddit will now quarantine offensive content <url> <url>,8,56,0,0,2,0,0,0.10989010989010989,0,0,0
apollo brown detonate ft m o p <url>,8,36,0,0,1,0,0,0.1864406779661017,0,0,0
christian attacked by muslims at the temple mount after waving israeli flag via pamela geller <url>,16,99,0,0,1,0,0,0.09836065573770492,0,0,1
status last seen buying body bags,6,33,0,0,0,0,0,0.02857142857142857,0,0,0
postal service agrees to sell not demolish downtown building <url>,10,66,0,0,1,0,0,0.07228915662650602,0,0,0
urgent! save the salt river <hashtag> wildhorses! mass murder by the very ppl supposed to protect them? gt <url> <user> <user>,21,126,1,2,1,2,1,0.1259259259259259,0,0,1
crackdown <num> destruction restricted to multiplayer crackdown <num> impressed earlier this week with a demonstratio <url>,16,123,0,0,1,0,0,0.08088235294117647,0,0,0
indian govt amp media should take serious concern about their safety they are in danger now <url>,17,97,0,0,1,0,0,0.08333333333333333,0,0,1
<url> cramer iger s <num> words that wrecked disney s stock <url>,12,65,0,0,2,0,0,0.13541666666666666,0,0,0
aunt marge you re blown up eheks,7,32,0,0,0,0,0,0.0,0,0,0
lindenow <num> <num> pm emergency crews are at a chemical spill in the main street near church street,18,101,0,0,0,0,0,0.0425531914893617,0,0,1
truth <url> <hashtag> news <hashtag> bbc <hashtag> cnn <hashtag> islam <hashtag> truth <hashtag> god <hashtag> isis <hashtag> terrorism <hashtag> quran <hashtag> lies <url>,23,172,10,0,2,0,0,0.225,0,0,0
<user> mine came on the day after my data renewed this month i was traumatised,15,78,0,1,0,0,0,0.03488372093023256,0,0,0
<hashtag> metepec <hashtag> mexico ?night disaster? e oficial <hashtag> nitclub <hashtag> m sica <hashtag> m sica <url>,17,119,5,1,1,0,2,0.23,0,0,1
disaster group stunned by floods <url>,6,38,0,0,1,0,0,0.07272727272727272,0,0,1
<user> <user> hello <num> yeah we have someone drowning here send a medic <url>,14,79,0,2,1,0,0,0.0392156862745098,0,0,1
kill i got court the day after earl,8,35,0,0,0,0,0,0.0,0,0,0
just got engulfed in a car induced tidal wave on my run i thought this only happened in the movies ??,21,101,0,0,0,0,4,0.009433962264150943,0,0,0
peel police say male cyclist struck near southdown road and royal windsor drive in mississauga serious but non life threatening injuries,21,136,0,0,0,0,0,0.057971014492753624,0,0,1
<user> ben affleck i know there s a wife kids and other girls but i can t help it i ve loved him since armageddon <hashtag> eonlinechat,27,135,1,1,0,0,0,0.06060606060606061,0,0,0
reading for work has collided with reading for pleasure huzzah don t miss <user> s vermilion! <url>,17,99,0,1,1,1,0,0.05511811023622047,0,0,0
<user> <user> he s trying to electrocute ya ass lol hell no i ain t fucking with emilio no more ??,21,98,0,2,0,0,8,0.03418803418803419,0,0,0
near them on the sand half sunk a shattered visage lies <url>,12,61,0,0,1,0,0,0.07407407407407407,0,0,1
<user> your only option now is to move to an desolate island with nothing but a stack of dvds you can t watch,23,109,0,1,0,0,0,0.03418803418803419,0,0,0
the famine is coming to an end <hashtag> bluebell <url>,10,55,1,0,1,0,0,0.07936507936507936,0,0,1
<user> forgive me if i was a bit testy have been deluged with hatred amp have lost patience,18,91,0,1,0,0,0,0.02,0,0,0
blew up those mentions,4,22,0,0,0,0,0,0.045454545454545456,0,0,0
city of calgary activates municipal emergency plan <num> news <url> <url>,11,73,0,0,2,0,0,0.18691588785046728,0,0,1
las vegas in top <num> cities for red light running fatalities news <num> lv <url>,15,82,0,0,1,0,0,0.08791208791208792,0,0,0
it wasnt a very big stab but it was a deep stab and theres like blood everwhe,17,77,0,0,0,0,0,0.0,0,0,1
pizza drought is over i just couldn t anymore,9,45,0,0,0,0,0,0.041666666666666664,0,0,0
robert gagnon reviews the catastrophe of imposing same sex marriage and how christians should respond <url>,16,107,0,0,1,0,0,0.04838709677419355,0,0,1
<user> trauma center shines in response to multi casualty crash <url> <url>,12,75,0,1,2,0,0,0.18487394957983194,0,0,1
kelly osbourne attacked for racist donald trump remark about latinos on the view <url>,14,86,0,0,1,0,0,0.11650485436893204,0,0,1
i m on top of the hill and i can see a fire in the woods,16,56,0,0,0,0,0,0.03389830508474576,0,1,1
<user> for the people who died in human experiments by unit <num> of japanese military <url> <url>,17,98,0,1,2,0,0,0.12142857142857143,0,0,1
naa i bee dead like a legit zombie i feel every sore part in my body ?? <url>,18,77,0,0,1,0,2,0.0891089108910891,0,1,0
<hashtag> kurds trampling on turkmen flag later set it ablaze while others vandalized offices of turkmen front in <hashtag> diyala <url>,21,136,2,0,1,0,0,0.06666666666666667,0,0,1
obama declares disaster for typhoon devastated saipan obama signs disaster declaration for northern marians a <url>,16,115,0,0,1,0,0,0.11029411764705882,0,0,1
hmm this could be problem for some researchers fedex no longer to transport select agents <url> via <user>,18,106,0,1,1,0,0,0.046511627906976744,0,0,1
families to sue over legionnaires more than <num> families affected by the fatal outbreak of legionnaires disea <url>,18,117,0,0,1,0,0,0.051470588235294115,0,0,1
<user> <user> your a great pair like a couple of graywardens fighting the blight,14,80,0,2,0,0,0,0.08139534883720931,0,0,0
the fall of leaves from a poplar is as fully ordained as the tumbling of an avalanche spurgeon,18,94,0,0,0,0,0,0.010416666666666666,0,0,0
<user> <user> i screamed after hitting tweet,7,44,0,2,0,0,0,0.0,0,0,0
new explosion proof tempered glass screen protector film for blackberry z <num> full read by <url> <url>,17,104,0,0,2,0,0,0.12949640287769784,0,1,0
is it seclusion when a class is evacuated and a child is left alone in the class to force compliance? <hashtag> morevoices,22,122,1,0,0,0,1,0.02631578947368421,0,0,1
i blew up <hashtag> oomf instagrams cause she s cute and she s an active follower,16,81,1,0,0,0,0,0.013888888888888888,0,0,0
after shooting event at the theater <user> is giving free coffee to all first responders police amp firefighters antiochhickoryhollow<hashtag> tn,20,145,1,1,0,0,0,0.11888111888111888,0,0,1
<user> twister with bill paxton and helen hunt!,8,47,0,1,0,1,0,0.09259259259259259,0,0,0
ancient mayan tablet with hieroglyphics honors lowly king <url>,9,63,0,0,1,0,0,0.1375,0,0,0
<url> e mini sp <num> earnings letdown equals market meltdown! <url> <hashtag> amazon,13,85,1,0,2,1,0,0.11926605504587157,0,0,0
<hashtag> trafficalert eastbound <num> freeway at citrus ave in azusa two motorcycles involved in accident with one fully engulfed in flames in lanes,23,149,1,0,0,0,0,0.12857142857142856,0,0,1
kosciusko police investigating pedestrian fatality hit by a train thursday <url>,11,80,0,0,1,0,0,0.061855670103092786,0,0,0
like for the music video i want some real action shit like burning buildings and police chases not some weak ben winston shit,23,125,0,0,0,0,0,0.008,0,0,1
<user> the coming catastrophe of the destruction of the puppet republic half naemolgo continue to firmly support yiraneuni and against,20,134,0,1,0,0,0,0.014285714285714285,0,0,0
men escape car engulfed in flames in parley s canyon crews investigating cause <url> <url>,15,90,0,0,2,0,0,0.07142857142857142,0,0,1
i trapped this cat in my room and it s going insane but it s not leaving it s too pretty! <url>,22,95,0,0,1,1,0,0.044642857142857144,0,0,0
<user> maybe the plan is to dilute until they can safely say we have to start charging or it s over longs would come flooding in,26,128,0,1,0,0,0,0.043478260869565216,0,0,0
i m so sad kids company has closed after all the talk thousands of traumatised young people will suffer but <url>,21,113,0,0,1,0,0,0.05925925925925926,0,0,0
im gonna beat armageddon as hsu hao ?? just got a flawless on my first try,16,74,0,0,0,0,4,0.02564102564102564,0,0,0
life can wild when you re caught in a whirlwind ??,11,50,0,0,0,0,2,0.0,0,0,1
help yourself or those you love who suffer from self esteem wounds you can today! <url> <url>,17,93,0,0,2,1,0,0.09375,0,0,0
update no passenger metro train derails causing terrible delays this morning a derailed train is causing a hell <url>,19,117,0,0,1,0,0,0.16428571428571428,0,0,1
smoke good fuck eat drink drive nice car wear all green mink,12,60,0,0,0,0,0,0.0,0,0,0
learning from the most destructive volcanic event in u s history thirty five years later <url>,16,94,0,0,1,0,0,0.061946902654867256,0,0,1
scene of the derailment cta green line at <num> rd prairie <url>,12,64,0,0,1,0,0,0.12658227848101267,0,0,1
<num> !! photo lastma officials challenge police for driving against traffic in lagos <url>,14,91,0,0,1,4,0,0.10909090909090909,1,0,1
new technology designed to help prevent dangerous police chases in an effort to reduce injuries milwaukee police <url>,18,118,0,0,1,0,0,0.050359712230215826,0,0,0
<hashtag> sismo detectado <hashtag> jap n <num> <num> <num> miyagi estimated seismic intensity <num> jst ??,16,107,3,0,0,0,2,0.20512820512820512,0,0,1
cyclone komen devastates families in myanmar this week we need to help them today <url>,15,87,0,0,1,0,0,0.08490566037735849,0,0,1
your brain is particularly vulnerable to trauma at two distinct ages <url> <user> <user> <user>,15,95,0,3,1,0,0,0.06666666666666667,0,0,0
stony jackson is america s last hope as he leads an army of felons thus and army rejects against the army o satan <url>,24,119,0,0,1,0,0,0.057971014492753624,0,0,0
reddit s new content policy goes into effect many horrible subreddits banned or quarantined <url> <url>,16,103,0,0,2,0,0,0.051094890510948905,0,0,0
i liked a <user> video <url> thorin s thoughts riot and sandbox mode lol,14,72,0,1,1,0,0,0.1368421052631579,0,0,0
smelling a bon fire while driving makes me wanna be sitting near one making s mores ??,17,86,0,0,0,0,4,0.022727272727272728,0,1,1
<num> mile backup on i <num> south accident blocking the right <num> lanes at exit <num> langtree rd consider nc <num> or nc <num> to nc <num> as alternate,29,155,0,0,0,0,0,0.10144927536231885,0,0,1
friendly reminder that the only country to ever use nuclear weapons is the u s and it was against civilians <url>,21,113,0,0,1,0,0,0.07518796992481203,0,0,1
inundated with employee holiday request paperwork? our cloud based hr software <user> will help simplify your staffing logistics,18,128,0,1,0,0,1,0.028985507246376812,0,0,0
worlds collide when an american family takes over britain s isle of man in new tlc show suddenly royal <url> via <user>,22,119,0,1,1,0,0,0.16058394160583941,0,0,0
ignition knock detonation sensor senso standard ks <num> <url> <url>,10,68,0,0,2,0,0,0.15841584158415842,0,0,0
updated <hashtag> rockyfire map with mandatory evacuation areas red advisory evacuation yellow <num> evac centers green <url>,17,125,1,0,1,0,0,0.10294117647058823,0,1,1
set a new record <num> states in <num> days i don t even know where i am when i wake up anymore what a whirlwind! loving every minute though,29,140,0,0,0,1,0,0.04316546762589928,0,0,0
stay cautious <url>,3,19,0,0,1,0,0,0.1891891891891892,0,0,0
fb page of bushman safari s zimbabwe the company that palmer used <num> kill cecil is inundated with negative commentes <url>,21,125,0,0,1,0,0,0.10071942446043165,0,0,0
i m about to be obliterated,6,27,0,0,0,0,0,0.037037037037037035,0,0,0
hollywood movie about trapped miners released in chile <url>,9,60,0,0,1,0,0,0.11688311688311688,0,0,0
<user> back doing another jitsu making a hexagon on the ground as you laid there <num> palms of whirlwind i yelled as air began to,25,130,0,1,0,0,0,0.02877697841726619,0,0,0
she s a suicide bomb,5,20,0,0,0,0,0,0.0,0,0,0
businesses are deluged with invzices make yours stand out with colour or shape and it sllikely to rise to the top of the pay pile,25,129,0,0,0,0,0,0.015151515151515152,0,0,0
reddit s new content policy goes into effect many horrible subreddits banned or quarantined <url>,15,97,0,0,1,0,0,0.043859649122807015,0,0,0
<user> i wish i was good enough to add flames to my nails im on fire,16,68,0,1,0,0,0,0.0,0,1,1
did josephus get it wrong about antiochus epiphanes and the abomination of desolation? read more <url>,16,102,0,0,1,0,1,0.09166666666666666,0,0,0
you are invited to the expo explosion summer event <num> ! when august <num> th friday <num> where ben e keith <url>,22,116,0,0,1,1,0,0.18181818181818182,0,1,1
<user> <user> do you want to hear more? displaced my parents until both died in the diasporas !,18,95,0,2,0,1,1,0.046296296296296294,0,0,0
great british lt b gt bake lt b gt off s back and dorret s lt b gt chocolate lt b gt gateau collapsed jan <url>,26,111,0,0,1,0,0,0.08633093525179857,0,0,0
i rate hazard very highly but his fanboys are among the worst accounts on twitter,15,81,0,0,0,0,0,0.036585365853658534,0,0,0
that was the l <num> udest thunder i ve ever heard,11,50,0,0,0,0,0,0.044444444444444446,0,0,0
we should all have a fire safety plan rt <user> mock wildfire near <hashtag> vail as agencies prepare for the worst <url>,22,121,1,1,1,0,0,0.15714285714285714,0,1,0
your body will heal the bags under your eyes will go away you ll be so happy you ll smile and really <url>,23,106,0,0,1,0,0,0.045454545454545456,0,0,0
<user> <user> cruise industry supports mass murder of whales in <hashtag> faroe islands!! everything the cont <url>,17,115,1,2,1,2,0,0.09774436090225563,1,0,1
new evacuation ordered for <num> homes in danger of hwy <num> fire near roosevelt wash <url> <hashtag> koin <num> news <url>,21,124,1,0,2,0,0,0.10869565217391304,0,1,1
<user> the volcano by it ??,6,27,0,1,0,0,6,0.0,0,0,0
devastated isnt the word ross out of all people <hashtag> emmerdale <hashtag> summerfate,13,88,2,0,0,0,0,0.6,0,0,0
<user> migrating from iphoto to photo is a catastrophe i have wasted days trying to get this to work <num> hrsto get to <num> complete,25,134,0,1,0,0,0,0.11510791366906475,0,0,0
<user> i squeezed a tear famine plague tsunami no chance lego blubber!,12,70,0,1,0,1,0,0.06329113924050633,0,0,0
california bush fires please evacuate affected areas asap when california govts advised you to do so <url>,17,106,0,0,1,0,0,0.08943089430894309,0,0,1
just added some more fire to the flames for saturday! rick wonder will be spinning a guest set along with chachi <url>,22,118,0,0,1,1,0,0.06521739130434782,0,1,0
i swea it feels like im about to explode ??,10,43,0,0,0,0,2,0.0,0,0,0
her curfew will start right after her private class ends tutor must a woman preferably someone over <num>,18,105,0,0,0,0,0,0.019230769230769232,0,0,0
<user> you feel trapped innit ??,6,32,0,1,0,0,2,0.0,0,0,0
<num> christians detained in zhejiang amid widespread anger over cross removal over <num> crosses removed since last yr <url>,19,125,0,0,1,0,0,0.057971014492753624,0,0,0
parties and body bags go together like drinking and driving,10,59,0,0,0,0,0,0.015151515151515152,0,0,0
toronto going crazy for the blue jays can you imagine if the leafs get good? the city might literally explode,20,109,0,0,0,0,1,0.02702702702702703,0,0,0
we would become the mirrors that reflected each other s most private wounds and desires,15,87,0,0,0,0,0,0.011363636363636364,0,0,0
<hashtag> nowplaying porcupine tree drown with me live <hashtag> listen <hashtag> live at <url>,14,95,3,0,1,0,0,0.14606741573033707,0,0,0
and so it begins day one of the snow apocalypse,10,47,0,0,0,0,0,0.02040816326530612,0,0,1
<user> don t drown,4,18,0,1,0,0,0,0.0,0,0,0
<hashtag> bbsnews latest <num> <hashtag> palestine amp <hashtag> israel six palestinians kidnapped in west bank hebron home demolished <url>,19,140,3,0,1,0,0,0.13740458015267176,0,0,1
we the free hailstorm maxi <url>,6,32,0,0,1,0,0,0.24489795918367346,0,0,1
rizzo is on ?? that ball was obliterated,8,40,0,0,0,0,8,0.6739130434782609,0,0,0
<num> <num> <num> <num> <num> p m progress being made on boise forest fires <url> <url>,16,87,0,0,2,0,0,0.14545454545454545,0,0,1
japan aogashima volcano by unknown check it out! <url> <hashtag> aogashima <hashtag> japan <hashtag> photography <hashtag> volcano,17,130,4,0,1,1,0,0.14782608695652175,0,0,1
<num> dead due to floods in myanmar naypyidaw aug <num> prensa latina the death toll rose today to <num> in myanmar <url>,22,121,0,0,1,0,0,0.1044776119402985,0,1,1
<user> i guess u can say that it s just some shit i was thinking about,16,70,0,1,0,0,0,0.02531645569620253,0,0,0
love love love do you remember your first crush ? ??,11,52,0,0,0,0,3,0.019230769230769232,0,0,0
suspect in latest theater attack had psychological issues <url>,9,63,0,0,1,0,0,0.0375,0,0,1
<user> <user> <user> it works for my purpose a large cyclone would be better i just don t have <num> k this was <num>,24,117,0,3,0,0,0,0.04316546762589928,0,0,0
nws says thunderstorms with deadly lightning will move across the black hills this evening that assumes there s a safe type hmm?,22,128,0,0,0,0,1,0.05384615384615385,0,0,1
traffic collision ambulance enroute elkhorn blvd at walerga rd sacramento <url>,11,79,0,0,1,0,0,0.12121212121212122,0,0,1
oh my god ryans in trouble <url>,7,32,0,0,1,0,0,0.5714285714285714,0,0,1
<hashtag> auspol can you see the resemblance between abbott amp campbell both are loud and came in with a big bang!! out the same way lets see !,28,144,1,0,0,3,0,0.10071942446043165,1,0,0
a gpm satellite bullseye in typhoon soudelor <url>,8,50,0,0,1,0,0,0.13043478260869565,0,0,1
around <num> injured in explosion in chemical park in western germany <url>,12,75,0,0,1,0,0,0.08695652173913043,0,1,1
storm headed towards idaho falls with blowing dust amp winds to <num> mph us hwy <num> amp i <num> look out <hashtag> idwx <url>,24,128,1,0,1,0,0,0.08208955223880597,0,0,1
still no plans? don t worry we got you covered plenty of seismic ipa and seismic squeeze radler to help <url>,21,109,0,0,1,0,1,0.1,0,0,0
rt rabidmonkeys <num> ah the unique mudslide cake ??<hashtag> gbbo <url>,11,72,1,0,1,0,2,0.18181818181818182,0,0,0
the date for the release of ep <num> desolation is set stay tuned for more info while we finalise the schedule <hashtag> alt <hashtag> electro <hashtag> rock <hashtag> comingsoon,29,178,4,0,0,0,0,0.1,0,0,1
<user> <user> ?? eden hazard as harden is spot on flopping is identical,13,71,0,2,0,0,2,0.17857142857142858,0,0,0
here s how media in pakistan covered the capture of terrorist mohammed naved <url>,14,82,0,0,1,0,0,0.06930693069306931,0,0,0
hollywood movie about trapped miners released in chile <url>,9,60,0,0,1,0,0,0.06493506493506493,0,0,0
sinjar massacre yazidis blast lack of action over hostages <url> <url>,11,70,0,0,2,0,0,0.13333333333333333,0,0,1
never fear quarrels but seek hazardous adventures <url>,8,55,0,0,1,0,0,0.02702702702702703,0,0,0
storm in ri worse than last hurricane my city amp <num> others hardest hit my yard looks like it was bombed around <num> k still without power,27,142,0,0,0,0,0,0.050359712230215826,0,0,1
<user> yo forreal we need to have like an emergency action plan incase donald trump becomes president whipe that lil baby,21,121,0,1,0,0,0,0.007352941176470588,0,0,1
no <hashtag> news of <hashtag> hostages in <hashtag> libya <url> <hashtag> india <hashtag> terrorism <hashtag> africa <hashtag> ap <hashtag> ts <hashtag> nri <hashtag> news <hashtag> trs <hashtag> tdp <hashtag> bjp <url>,31,220,13,0,2,0,0,0.2158273381294964,0,0,1
organic natural horn stretcher expander earrings body jewelry with painting in tribal <url> <url>,14,97,0,0,2,0,0,0.044444444444444446,0,0,0
wow fatality on <num> big rig hit motorcyclist blood everywhere ?? wow i m sick,15,79,0,0,0,0,2,0.02531645569620253,0,0,1
check out this item i just got! phantasmal cummerbund <url> <hashtag> warcraft,12,78,1,0,1,1,0,0.11363636363636363,0,0,0
<hashtag> japan <hashtag> fukushima the most serious man made disaster in human history a marker of radiation brain damage <url>,20,128,2,0,1,0,0,0.0364963503649635,0,0,1
<hashtag> australia <hashtag> news <hashtag> japan marks <num> th anniversary of <hashtag> hiroshima atomic bombing <url> read more <url>,19,137,4,0,2,0,0,0.13333333333333333,0,0,1
this is set to become a huge one month wonder and then pornhub will be inundated <url>,17,86,0,0,1,0,0,0.045454545454545456,0,0,1
u s national park services tonto national forest stop the annihilation of the salt river wild horse <url> via <user>,20,116,0,1,1,0,0,0.12949640287769784,0,0,0
<hashtag> hiphop <hashtag> news <hashtag> indie apollo brown detonate ft m o p lt a href <url> <url>,18,100,3,0,2,0,0,0.11904761904761904,0,0,1
not only does he know the latest research the kiddo s gi specialist sang the volcano number from inside out now that is whole person care,26,137,0,0,0,0,0,0.07194244604316546,0,0,1
police man killed ex grandmother after son wasn amp <hashtag> <num> t named after him <url> omg!! absolutely crazy!!,19,116,1,0,1,8,0,0.0859375,1,0,1
you are the avalanche one world away my make believing while i m wide awake,15,75,0,0,0,0,0,0.06329113924050633,0,0,0
<user> my bet is mother nature might have plans to send a deluge our way,15,72,0,1,0,0,0,0.0,0,0,0
to fight bioterrorism sir,4,25,0,0,0,0,0,0.038461538461538464,0,0,0
is your team ready for a natural disaster a violent client or power outage? contact ready vet to design <url>,20,109,0,0,1,0,1,0.06976744186046512,0,0,0
<user> dude was just smoking and the fucking thing went up in flames i though a bomb went off omg scared,21,104,0,1,0,0,0,0.06363636363636363,0,0,1
im trapped in the damn gas pump there are two suvs on either side fuck you dickheads,17,84,0,0,0,0,0,0.8095238095238095,0,0,0
<user> uk scandal of <num> caused major upheaval to parliamentary expenses with subsequent sackings and prison what are we waiting for?,21,135,0,1,0,0,1,0.029197080291970802,0,0,0
fuck sleeping with sirens,4,25,0,0,0,0,0,0.15384615384615385,0,0,0
video captures man removing american flag from long beach ca home burning it arsonist sought <url> <url>,17,104,0,0,2,0,0,0.16546762589928057,0,0,0
<num> beyonce is my pick for <url> fan army <hashtag> beyhive <url>,12,67,1,0,2,0,0,0.14606741573033707,0,0,0
<num> years after atomic bombs japan still struggles with wartime past the anniversary of the devastation wroug <url>,18,117,0,0,1,0,0,0.1111111111111111,0,0,1
looks outside at the windstorm niice,6,36,0,0,0,0,0,0.0,0,0,1
rip ?? blood !,4,14,0,0,0,1,2,0.14285714285714285,0,0,0
seeing as how this person is a mass murderer and has like fbi cia grade equipment to do evil shit,20,97,0,0,0,0,0,0.061224489795918366,0,0,0
bolshevik government monopolized food supply to seize power over hunhry population artificial famine was the result <url>,17,121,0,0,1,0,0,0.05,0,0,1
<user> <user> climate change cnn weather specialist warning wild fires rain flooding noting about the sun? <url>,17,112,0,2,1,0,1,0.08029197080291971,0,0,1
i i might buy my esoteric weapon for astrologian,9,48,0,0,0,0,0,0.037037037037037035,0,0,0
read an eyewitness account from <hashtag> hiroshima from this day in <num> <url> <url> <hashtag> life,16,101,2,0,2,0,0,0.10344827586206896,0,0,1
civilian casualties in afghanistan reach record high <url> <url>,9,64,0,0,2,0,0,0.16326530612244897,0,0,1
can t believe more people in their mid <num> s don t have high blood pressure life is stressful <hashtag> decisionsondecisions,21,126,1,0,0,0,0,0.04310344827586207,0,0,1
<hashtag> colorado <hashtag> news motorcyclist bicyclist injured in denver collision on broadway at least two people were tak <url>,19,131,2,0,1,0,0,0.08208955223880597,0,1,1
patience jonathan on the move to hijack apc in bayelsa state <url>,12,66,0,0,1,0,0,0.20238095238095238,0,0,0
i got electrocuted this morning how is your day going? ??,11,57,0,0,0,0,3,0.017543859649122806,0,0,0
if you have trouble getting motivated remember that time is going to pass and that regret is going to make its way around matthew donnelly,25,138,0,0,0,0,0,0.02142857142857143,0,0,0
massacre at <hashtag> sinjar has the world forgotten the <hashtag> yazidi ? <url> ?? ?? ?? <hashtag> yazidi shingal genocide <hashtag> ezidigenocide,22,148,5,0,1,0,12,0.0948905109489051,0,0,1
there s an emergency evacuation happening now in the building across the street,13,79,0,0,0,0,0,0.012658227848101266,0,1,1
want to work at swedish health services? we re <hashtag> hiring in <hashtag> seattle wa! click for details <url> <hashtag> nursing <hashtag> job <hashtag> jobs,25,159,5,0,1,1,1,0.13636363636363635,0,0,0
adult dies of plague in colorado <url>,7,38,0,0,1,0,0,0.12727272727272726,0,0,1
<user> has confirmed on his twitter saying goodbye <num> ross am bloody gobsmacked devastated <hashtag> emmerdale,16,113,1,1,0,0,0,0.03669724770642202,0,0,0
no <hashtag> news of <hashtag> hostages in <hashtag> libya <url> <hashtag> india <hashtag> terrorism <hashtag> africa <hashtag> ap <hashtag> ts <hashtag> nri <hashtag> news <hashtag> trs <hashtag> tdp <hashtag> bjp <url>,31,220,13,0,2,0,0,0.2158273381294964,0,0,1
mcfadden reportedly to test hamstring thursday via <user> <url>,9,63,0,1,1,0,0,0.13793103448275862,0,0,0
<num> seeds <num> vegetable fruit variety garden kit emergency survival gear mre full rea <url> <url>,16,101,0,0,2,0,0,0.5,0,0,0
<user> i wish going custom rom weren t so catastrophic,10,54,0,1,0,0,0,0.06451612903225806,0,0,0
food crematoria provoke outrage amid crisis famine memories <url>,9,65,0,0,1,0,0,0.05747126436781609,0,0,1
<hashtag> arrestpastornganga it so worrying <num> see how some police officers in kenya have sunk to low to the point of collaborating with pick pockets,25,152,1,0,0,0,0,0.02158273381294964,0,0,0
talk on goz is fantastic most interesting fact so far is that they manually bought all the ru domains to sinkhole rather than seek co op,26,136,0,0,0,0,0,0.03597122302158273,0,0,0
fedex no longer to transport bioterror germs in wake of anthrax lab mishaps <url> <hashtag> news <hashtag> phone <hashtag> apple <hashtag> mobile,22,145,4,0,1,0,0,0.047619047619047616,0,0,1
<num> <num> w cree led work light bar alloy spot flood combo diving offroad <num> wd boat full read <url> <url>,21,111,0,0,2,0,0,0.2302158273381295,0,1,0
<user> hello! i m looking for mod cold ice i saw it on your site but link to download dead maybe you have it and share with me? thanks,29,134,0,1,0,1,1,0.05,0,1,0
i am not in danger skyler i am the danger,10,41,0,0,0,0,0,0.32558139534883723,0,0,0
<user> body bags,3,16,0,1,0,0,0,0.0,0,0,0
beautiful lightning as seen from plane window <url> <url>,9,57,0,0,2,0,0,0.0989010989010989,0,0,0
i hope this tsunami clears b <num> i have to walk outside to my car ??,16,70,0,0,0,0,4,0.014925373134328358,0,0,1
images of famine hope in christ a blog on what happens when we forget god <url> <hashtag> hopeinchrist <user>,19,109,1,1,1,0,0,0.11363636363636363,0,0,1
something catastrophic is coming should we tune out? <url>,9,58,0,0,1,0,1,0.13157894736842105,0,0,1
<user> too slow report the sinking boat in the mediterranean sea what a shame,14,77,0,1,0,0,0,0.05263157894736842,0,0,1
he came to a land which was engulfed in tribal war and turned it into a land of peace i e madinah <hashtag> prophetmuhammad <hashtag> islam,26,139,2,0,0,0,0,0.032520325203252036,0,0,0
no reported cases of people drowning in sweat fyi,9,49,0,0,0,0,0,0.0784313725490196,0,0,1
<hashtag> askcharley <hashtag> emmerdale how emotional are you that ross is dead? <user> <num>,14,94,2,1,0,0,1,0.06578947368421052,0,1,0
<user> wars doomed to destruction loss money must invest in iran s inside that should not go outside,18,100,0,1,0,0,0,0.037037037037037035,0,0,1
just down drown me k i can t swim <url>,10,39,0,0,1,0,0,0.07017543859649122,0,0,0
<user> and then there s people like me where my whole people are named desolation,15,81,0,1,0,0,0,0.04819277108433735,0,0,0
<user> thx for emergency dec <url> <num> days and no plan to get h <num> to those who have no transport can you deploy troops?,25,126,0,1,1,0,1,0.10218978102189781,0,0,1
the <user> economy continues to collapse,6,40,0,1,0,0,0,0.14634146341463414,0,1,1
fedex no longer to transport bioterror germs in wake of anthrax lab mishaps <url> via <user>,16,92,0,1,1,0,0,0.07142857142857142,0,0,1
both kids got haircuts w minimal trauma clearly that calls for wine,12,67,0,0,0,0,0,0.029411764705882353,0,0,0
i added a video to a <user> playlist <url> siren <num> gameplay walkthrough part <num>,15,86,0,1,1,0,0,0.061855670103092786,0,0,0
trafford centre film fans angry after odeon cinema evacuated following false fire alarm twi <url> <hashtag> manchesterlite,17,122,1,0,1,0,0,0.07352941176470588,0,1,1
savings and sewing in guatemala savings and sewing in guatemala when a natural disaster hit seamstress elvia <url>,18,114,0,0,1,0,0,0.06569343065693431,0,0,1
<user> she said a few months but i get a curfew for out time smfh,15,65,0,1,0,0,0,0.04054054054054054,0,0,0
don t let <hashtag> wmata <hashtag> metro derail your day! get a text every morn when you wake up with the best route to work <url> <hashtag> sms,28,145,3,0,1,1,0,0.07352941176470588,0,0,0
<num> beyonce is my pick for <url> fan army <hashtag> beyhive <url>,12,67,1,0,2,0,0,0.14606741573033707,0,0,0
i hate that im so awkward and i ruin things,10,43,0,0,0,0,0,0.06976744186046512,0,0,0
fire in pisgah national forest grows to <num> acres wsoc charlotte <url>,12,72,0,0,1,0,0,0.1348314606741573,0,1,1
<hashtag> kamindoz <hashtag> reuters debris confirmed from mh <num> relatives hope for discovery of crash s <url> <url>,18,119,2,0,2,0,0,0.1323529411764706,0,0,1
<user> or the rioting in happy valley after penn state loses?,11,61,0,1,0,0,1,0.0,0,0,0
witness video shows car explode behind burning buildings on <num> nd st this afternoon <hashtag> manchester <url> via <user>,19,124,1,1,1,0,0,0.10218978102189781,0,0,1
<user> <user> i have childhood trauma more resolved than theirs actual trauma fricken babies,14,92,0,2,0,0,0,0.029411764705882353,0,0,0
where are the protests ? the riots? the burning buildings? how come you don t see any of that crap happening when <url>,23,119,0,0,1,0,3,0.05755395683453238,0,0,1
given the us coalition s fondness for backing <num> style totalitarianism it s a surprise they haven t copied <url>,20,115,0,0,1,0,0,0.03676470588235294,0,0,0
for sixth year in a row premium costs for windstorm insurance to climb this time by <num> percent <hashtag> galvnews <url>,21,122,1,0,1,0,0,0.06153846153846154,0,0,0
investigators rule catastrophic structural failure resulted in <num> <url>,9,74,0,0,1,0,0,0.0425531914893617,0,0,1
soloquiero maryland mansion fire that killed <num> caused by damaged plug under christmas tree report says into the flames firefighte,20,133,0,0,0,0,0,0.044444444444444446,0,1,1
experts leave lab as malaysia confirms debris is from <hashtag> mh <num> <url>,13,78,1,0,1,0,0,0.12048192771084337,0,0,1
<user> all lives matter just not a fan of burning down buildings and stealing from your neighbors to protest,19,108,0,1,0,0,0,0.008403361344537815,0,0,1
<user> exactly that s why the lesnar cena match from summerslam last year was so great because brock annihilated a guy who s,23,124,0,1,0,0,0,0.03759398496240601,0,0,0
investigators shift focus to cause of fatal waimate fire <url>,10,62,0,0,1,0,0,0.05063291139240506,0,1,1
<num> reasons why we love women in the military lulgzimbestpicts <url> <url>,12,76,0,0,2,0,0,0.04504504504504504,0,0,0
demco <num> hijacker <num> th wheel hitch <num> k ultra series double pivot <url> <url>,15,87,0,0,2,0,0,0.16666666666666666,0,0,0
if i could i would have been by at work but got injured and we have security concerns they must settle this is torture,24,118,0,0,0,0,0,0.03333333333333333,0,1,0
wrecked emotions,2,16,0,0,0,0,0,0.058823529411764705,0,0,0
lmao fuckboy changed his for damage control <user>,8,50,0,2,0,0,0,0.017241379310344827,0,0,0
californian bush fires <num> <url>,5,34,0,0,1,0,0,0.08,0,0,1
flood two people dead <num> houses destroyed in kaduna two people have been reportedly killed and <num> houses ut <url>,20,119,0,0,1,0,0,0.06666666666666667,0,1,1
japan on thursday marks the <num> th anniversary of the atomic bombing of hiroshima with the most senior official from washington ever schedule,23,143,0,0,0,0,0,0.028169014084507043,0,0,1
who said this? yosemite sam or drumpf? nobody ill vote for a flattened out rabbit skin a huh huh i always say,22,109,0,0,0,0,2,0.040983606557377046,0,0,0
looks like a perfect storm free evening coming up check out the outdoor happenings featured at <url> <hashtag> eventspalmbeach,19,126,1,0,1,0,0,0.06569343065693431,0,0,1
<hashtag> ccot <hashtag> tcot <hashtag> radiation nuclear emergency tracking center <url> <url>,12,95,3,0,2,0,0,0.21359223300970873,0,0,0
drake body bagging meek he must of hit a sensitive spot talking about a ghostwriter he trying <num> end his career <url>,22,120,0,0,1,0,0,0.07246376811594203,0,0,0
be annihilated for status education mba on behalf of a on easy street careen eovm <url>,16,87,0,0,1,0,0,0.047619047619047616,0,0,0
businesses are deluged with invoices make y urs stand out with colour or shape and it s likely to rise to the top of the pay pile,27,129,0,0,0,0,0,0.015151515151515152,0,0,0
finally a storm,3,15,0,0,0,0,0,0.4666666666666667,0,0,0
uk police link tunisian beach massacre with bardo museum attack <url>,11,69,0,0,1,0,0,0.09302325581395349,0,0,1
there s this person amp they reckon when you re dying your brain floods with dmt causing you to relive your life in real time in a simulation,28,141,0,0,0,0,0,0.0,0,0,0
property losses from california wildfire nearly double as week old blaze rages <url>,13,84,0,0,1,0,0,0.04950495049504951,0,0,1
saddle with accountable information explosion tips pro preferable financial top brass tawfmcaw,12,94,0,0,0,0,0,0.05263157894736842,0,1,0
<user> no idea what this means look at our violent crime rate without weapons ban guns we become like mexico not australia,22,122,0,1,0,0,0,0.03875968992248062,0,0,0
fedex no longer to transport bioterror germs in wake of anthrax lab mishaps <url>,14,81,0,0,1,0,0,0.061224489795918366,0,0,1
when your child needs emergency care they can be seen in our emergency department by <user> specialists! <url>,18,110,0,1,1,1,0,0.08148148148148149,0,0,0
<hashtag> insurance texas seeks comment on rules for changes to windstorm insurer <url>,13,87,1,0,1,0,0,0.09375,0,0,0
watch sarah palin obliterate planned parenthood for targeting minority women! bb <num> sp <url>,14,95,0,0,1,1,0,0.2545454545454545,0,0,1
<user> i dead ass screamed when we signed him i couldn t fucking believe it,15,75,0,1,0,0,0,0.05063291139240506,0,1,0
megadeth symphony of destruction <url>,5,38,0,0,1,0,0,0.10909090909090909,0,0,0
in the movie titanic jack and rose both could have stayed on the wooden beam without it sinking,18,95,0,0,0,0,0,0.04081632653061224,0,0,0
beach did damage to my shit,6,27,0,0,0,0,0,0.037037037037037035,0,0,1
it s time to reduce gun deaths <url>,8,36,0,0,1,0,0,0.22641509433962265,0,0,1
<hashtag> <num> wisenews china s stock market crash are there gems in the rubble? <url>,15,87,1,0,1,0,1,0.14736842105263157,0,0,0
the u s also flew over each bomb site in world war ii with warning letters telling people to evacuate,20,101,0,0,0,0,0,0.06862745098039216,0,0,1
rt <user> jupiter s red spot is a violent storm larger than the entire earth <url> <url>,17,88,0,1,2,0,0,0.14074074074074075,0,0,0
mt <user> treatment of <hashtag> tigers in <hashtag> china is appalling electrocuted in front of businessmen amp eaten <url> <hashtag> saveti,21,141,3,1,1,0,0,0.09722222222222222,0,0,1
six people were killed thursday when a taliban suicide bomber detonated an explosives rigged truck outside a police compound in eastern,21,135,0,0,0,0,0,0.022222222222222223,0,0,1
new warning for central hills <num> hail <num> mph winds not affecting sturgis but could later tonight <hashtag> kotaweather <url>,20,130,1,0,1,0,0,0.11194029850746269,0,0,1
hellfire! we don t even want to think about it or mention it so let s not do anything that leads to it <hashtag> islam!,25,119,1,0,0,2,0,0.017543859649122806,0,0,1
rescued med migrants arrive in sicily <url>,7,43,0,0,1,0,0,0.13333333333333333,0,0,1
watch this airport get swallowed up by a sandstorm in under a minute <url>,14,74,0,0,1,0,0,0.23076923076923078,0,0,1
i spent <num> minutes walking with runkeeper <num> calories burned <hashtag> loseit,12,83,1,0,0,0,0,0.07142857142857142,0,0,0
the answer my friend is yelling in the wind my latest article for <url> read and share thanks! <url>,19,100,0,0,2,1,0,0.07857142857142857,0,0,0
aftershock protect yourself and profit in the next global financial meltdown by david wiedemer http <url>,16,105,0,0,1,0,0,0.12195121951219512,0,0,0
another movie theater attack close to home this time thankful for no casualties life will go on because we cannot allow evil to win!,24,132,0,0,0,1,0,0.022222222222222223,0,0,1
what is the biggest regret you have in hearthstone? <url>,10,57,0,0,1,0,1,0.04054054054054054,0,0,0
soultech collide club mix <url>,5,31,0,0,1,0,0,0.17307692307692307,0,0,0
malaysia confirms reunion island debris is from mh <num> <url> <user> <url>,12,75,0,1,2,0,0,0.16363636363636364,0,0,1
three homes demolished in unrecognized arab village international middle east media center <url>,13,96,0,0,1,0,0,0.11304347826086956,0,0,1
season <num> of new girl was such a emotional train wreck i just wanted to cry laugh and eat a lot of ice cream,24,111,0,0,0,0,0,0.037383177570093455,0,0,0
u s national park services tonto national forest stop the annihilation of the salt river wild horse <url> via <user>,20,116,0,1,1,0,0,0.14388489208633093,0,0,0
black eye <num> a space battle occurred at star o <num> involving <num> fleets totaling <num> ships with <num> destroyed,20,120,0,0,0,0,0,0.04716981132075472,0,0,0
rt <user> ancient mayan tablet with hieroglyphics honors lowly king <url> <url>,12,79,0,1,2,0,0,0.1557377049180328,0,0,0
maailiss diaporama sixpencee karymsky lake is a crater lake located in the karymsky volcano in russia with a <url>,19,114,0,0,1,0,0,0.07042253521126761,0,0,0
fedex to stop transporting bioterror germs after lab mishaps fedex has stopped transporting certain research <url>,16,114,0,0,1,0,0,0.051470588235294115,0,0,1
<user> you are going to make the internet explode with this dr simon o o was he alone or was there a red head nearby? lol,26,121,0,1,0,0,1,0.06870229007633588,0,0,0
crash helmet silvery floors karnal fat shoot sampling <num> pbcanpcx,10,68,0,0,0,0,0,0.10606060606060606,0,0,0
watch this airport get swallowed up by a sandstorm in under a minute <url>,14,74,0,0,1,0,0,0.18681318681318682,0,0,1
trapped in its disappearance,4,28,0,0,0,0,0,0.0,0,0,0
fatal attraction is common n what we have common is pain,11,56,0,0,0,0,0,0.015625,0,0,0
i m really sad about red <num> closing yuppies n tourists ruin everything,13,73,0,0,0,0,0,0.0,0,0,0
<user> chelsea need to hijack man utd deal for pedro <num> mill bargain adam driving home in oregon usa cmon blues!!,21,116,0,1,0,3,0,0.07377049180327869,1,0,0
<hashtag> pbban temporary <num> hyider ghost <num> armageddon do not kill flags only fast xp for reason,17,103,1,1,0,0,0,0.2755102040816326,0,0,1
estimated damage and fatalities of an hiroshima sized atomic bomb dropped on your hometown <url> <hashtag> hiroshima <num>,18,122,1,0,1,0,0,0.07751937984496124,0,0,1
musician kalle mattson recreates <num> classic album covers in clever music video for avalanche <url>,15,101,0,0,1,0,0,0.12396694214876033,0,0,0
e hutch is da bomb ?? <url>,7,27,0,0,1,0,2,0.06818181818181818,0,0,0
hiroshima <num> years since the worst mass murder in human history never forget <url>,14,85,0,0,1,0,0,0.06862745098039216,0,0,1
some great footage of strong work from san bernardino county fire who is also working the wild fires right now <url>,21,116,0,0,1,0,0,0.12408759124087591,0,1,1
when u bombed and u try <num> get home for curfew <url>,12,55,0,0,1,0,0,0.5735294117647058,0,0,0
west nyack pineview road railroad crossing off western highway units on scene of a csx train vs truck no injuries,20,113,0,0,0,0,0,0.09482758620689655,0,0,1
experienced urogyn trying to help mesh injured women talks the worst offenders <url> <user>,14,91,0,1,1,0,0,0.0603448275862069,0,1,1
families to sue over legionnaires more than <num> families affected by the fatal outbreak of legionnaires disea <url>,18,117,0,0,1,0,0,0.058823529411764705,0,0,1
eh hello cover your bloody thighs your bloody cleav eh hello! since when do i expose my cleavage and i on <url>,22,111,0,0,1,1,0,0.06521739130434782,0,0,0
<hashtag> science now that a piece of wreckage from flight mh <num> has been confirmed on r union island is it possible t <url>,24,127,1,0,1,0,0,0.08029197080291971,0,0,1
fucking yes r antipozi is quarantined triggered the cucks we have,11,65,0,0,0,0,0,0.07246376811594203,0,0,0
<user> and she wrapped his coat around herself it practically engulfed her,12,74,0,1,0,0,0,0.011904761904761904,0,0,1
<user> <user> <user> <user> yeah we survived <num> seasons and <num> movies let s hope for the good there s hope ??,22,115,0,4,0,0,6,0.05755395683453238,0,0,0
israel continues its demolition of palestinian homes <hashtag> gop <hashtag> potus <hashtag> irandeal <hashtag> isis <url>,16,122,4,0,1,0,0,0.06666666666666667,0,0,1
refugio oil spill may have been costlier bigger than projected <url>,11,68,0,0,1,0,0,0.09411764705882353,0,0,1
what tropical storm? <hashtag> guillermo by hawaiianpaddlesports <url> <url>,9,76,1,0,2,0,1,0.09900990099009901,0,0,1
newberg upheaval jacque betz responds looking forward to the day she can answer questions <hashtag> orcot <hashtag> orpol <url>,19,127,2,0,1,0,0,0.06201550387596899,0,0,0
tomorrow kick off your weekend with drinks amp entertainment <user> <url> <url>,12,79,0,1,2,0,0,0.08264462809917356,0,0,0
investigators have said a virgin galactic spaceship crash was caused by structural failure after the co pilot <url>,18,115,0,0,1,0,0,0.0661764705882353,0,0,1
<user> girl you still lickin public donuts?? health hazard u should be in jail,14,78,0,1,0,0,3,0.043010752688172046,0,0,0
deputies dog dispute leads to fatal shooting in person county <url> <hashtag> gunfail <hashtag> nra,15,99,2,0,1,0,0,0.09090909090909091,0,0,1
new post on my blog <url> thesensualeye model cam damage toronto apr <num> <hashtag> nsfw <hashtag> pussy <hashtag> ass <hashtag> boobs <hashtag> asian <hashtag> nude,25,166,7,0,1,0,0,0.05,0,0,0
<user> but otherwise i will stay trapped as the worst lilourry stan ever and without zarry what am i left with? narry no thanks,24,127,0,1,0,0,1,0.125,0,0,0
blaze is my bro <url>,5,21,0,0,1,0,0,0.15789473684210525,0,0,0
dust in the wind <user> paratroopers move to a loading zone during a dust storm in support of operation fury <url>,21,114,0,1,1,0,0,0.18840579710144928,0,0,1
if you wanna smoke cigs that s your own problem but when your breath smells like an old ash tray that s fucking disgusting,24,122,0,0,0,0,0,0.008064516129032258,0,0,0
so i just watched the trailed for the dust storm and i think part of me just died colin is so perfect my goodness,24,113,0,0,0,0,0,0.056,0,0,0
a person who blows himself up to kill others has no life in heaven because his ethereal body gets destroyed by doing it,23,119,0,0,0,0,0,0.008333333333333333,0,0,0
thanks benson amp clegg for the <hashtag> follow! check out our <hashtag> maps at <url>,15,87,2,0,1,1,0,0.07954545454545454,0,0,0
fear is the mind killer fear is the little death that brings total obliteration bene gesserit litany against fear dune <user>,21,125,0,1,0,0,0,0.05755395683453238,0,0,0
you could slit my throat and i d apologize for bleeding on you,13,62,0,0,0,0,0,0.016129032258064516,0,0,0
evacuation order lifted for roosevelt after <hashtag> wildfire misses town komo news <url>,13,90,1,0,1,0,0,0.14,0,1,1
what it was like to survive the atomic bombing of hiroshima <url>,12,65,0,0,1,0,0,0.08536585365853659,0,0,1
mafireems rt wmur <num> two buildings involved in fire on <num> nd street in <hashtag> manchester wmur <num> <url> via kcarosawmur,21,130,1,0,1,0,0,0.2440944881889764,0,1,1
<user> <user> <user> <user> <user> if my monty python is up to date as bloody far as he wants to go,21,99,0,5,0,0,0,0.029850746268656716,0,0,0
collision <hashtag> hwy <num> eb just east of hwy <num> <hashtag> cambridge single vehicle blocking the left lane <hashtag> opp enroute ag,22,138,3,0,0,0,0,0.16666666666666666,0,0,1
patriot survival guide do you know how survive when the governments collapse or other natural disaster happens? <url>,18,117,0,0,1,0,1,0.05185185185185185,0,1,1
i liked a <user> video from <user> <url> s <user> <num> sn vabengal zss vs sws fatality captain falcon,19,102,0,3,1,0,0,0.17692307692307693,0,0,0
<hashtag> news britons rescued amid himalaya floods <url>,8,57,1,0,1,0,0,0.1076923076923077,0,0,1
a country chim can survive!,5,27,0,0,0,1,0,0.07407407407407407,0,0,1
the fallacy is it is up to the steam roller it s up to the object whether it will be flattened or not <hashtag> robertcalifornia <hashtag> thereisonlysex,27,153,2,0,0,0,0,0.02158273381294964,0,0,0
as of right now i m reopening the x files that s what they fear the most <hashtag> thexfiles <num> days,21,103,1,0,0,0,0,0.09278350515463918,0,0,0
this friday!! palm beach county <hashtag> grindhouse series one night screening of <hashtag> texaschainsawmassacre <url> <user>,16,127,2,1,1,2,0,0.09701492537313433,1,0,0
video slain mexican journalist unknowingly predicted his own death <url> via <user>,12,83,0,1,1,0,0,0.1743119266055046,0,0,0
<num> <num> people receive <hashtag> wildfires evacuation orders in california,10,78,1,0,0,0,0,0.015384615384615385,0,1,1
billionaires have a plan to free half a billion dollars trapped in venezuela for two years <user> reports <url>,19,111,0,1,1,0,0,0.051094890510948905,0,0,0
hiroshima and nagasaki i remember all those killed in alleged us war crimes using nuclear weapons <url> <hashtag> uswarcrimes,19,125,1,0,1,0,0,0.11940298507462686,0,0,1
<user> <user> <user> it s like watching a hostage video sometimes but not always at least not yet,18,97,0,3,0,0,0,0.008547008547008548,0,0,0
<user> we need help horses will die! please rt amp sign petition! take a stand amp be a voice for them! <hashtag> gilbert <num> <url>,25,133,1,1,1,3,0,0.06756756756756757,0,0,0
just stop fucking saying a whole nother it just sounds fucking stupid you fucking mean a whole other not a fucking tongue twister,23,129,0,0,0,0,0,0.02702702702702703,0,0,0
info baekhyun and suho will be attending the idol sports championship on august <num> th cr syjexo <url>,18,104,0,0,1,0,0,0.1885245901639344,0,0,0
<user> yes i love it,5,20,0,1,0,0,0,0.09090909090909091,0,0,0
like for the music video i want some real action shit like burning buildings and police chases not some weak ben winston shit,23,125,0,0,0,0,0,0.008,0,0,0
the stars are burning i here your voice in my mind,11,50,0,0,0,0,0,0.0,0,0,0
junko was <num> years old when the atomic bomb exploded over <hashtag> hiroshima on august <num> <num> <url> <url>,19,114,1,0,2,0,0,0.08333333333333333,0,0,1
<hashtag> modiministry railway minister prabhu calls mp derailment a natural calamity <url>,12,91,1,0,1,0,0,0.10101010101010101,0,0,1
watch this airport get swallowed up by a sandstorm in under a minute <url>,14,74,0,0,1,0,0,0.1978021978021978,0,0,1
<hashtag> amsterdam pov video captures violent landing at amsterdam airport schiphol during a st <url> <url>,16,108,1,0,2,0,0,0.125,0,0,1
strikers in phalaborwa striking over the chinese taking their jobs strikers burning buildings attacking cars <num> <url>,17,120,0,0,1,0,0,0.10218978102189781,0,0,1
mm i m burning i m burning buildings i m building oohh ooh ooh,14,62,0,0,0,0,0,0.05952380952380952,0,0,1
ij texas seeks comment on rules for changes to windstorm insurer <url>,12,70,0,0,1,0,0,0.13636363636363635,0,0,1
<user> lol im just a nervous wreck p,8,36,0,1,0,0,0,0.044444444444444446,0,0,0
<user> strange loud impact bang noises under train to epsom about to arrive <hashtag> wimbledon,15,95,1,1,0,0,0,0.05555555555555555,0,0,0
rt <user> desolation run <hashtag> free till <num> <num> ! <url> <hashtag> military <hashtag> thriller <hashtag> suspense <hashtag> kindle <hashtag> amreading <url>,22,164,6,1,2,1,0,0.14388489208633093,0,0,0
coleslaw <hashtag> wrecked <url>,4,32,1,0,1,0,0,0.15,0,0,0
severe thunderstorm warning including russellville ar clarksville ar dardanelle ar until <num> <num> pm cdt <url>,16,113,0,0,1,0,0,0.16129032258064516,0,0,1
<hashtag> hot funtenna hijacking computers to send data as sound waves black hat <num> <url> <hashtag> prebreak <hashtag> best,19,126,3,0,1,0,0,0.04201680672268908,0,0,0
well guess what young girls you aren t damsels in distress you aren t hostages to the words of your peers <url>,22,111,0,0,1,0,0,0.05263157894736842,0,0,0
<user> literally just look that up! yeah derailed at smithsonian so everythign is shut down from federal center sw to mcpherson,21,127,0,1,0,1,0,0.7575757575757576,0,0,1
dtn india rly tragedy in mp some live to recount horror when i saw coaches of my train plunging into water <url>,22,112,0,0,1,0,0,0.08695652173913043,0,0,1
<user> us drone attack kills <num> suspected militants in north waziristan <user> <url>,13,87,0,2,1,0,0,0.10434782608695652,0,0,1
weapons stolen from national guard armory in new albany still missing <hashtag> gunsense <url>,14,94,1,0,1,0,0,0.11764705882352941,0,0,0
read this already in <num> but it was and remains one of my favorite articles ever ? let s like demolish laundry ? <url>,24,120,0,0,1,0,2,0.057971014492753624,0,0,0
<url> twelve feared killed in pakistani air ambulance helicopter crash <url>,11,76,0,0,2,0,0,0.1,0,0,1
i ve just posted on my blog about criminals who hijack lorries and buses arrested in enugu photo <url>,19,102,0,0,1,0,0,0.14754098360655737,0,0,1
last chance animal rescue has <num> new posts <url> <hashtag> animalrescue <url>,12,80,1,0,2,0,0,0.11428571428571428,0,0,0
i feel like if mkayla and cee ever got in the same room everyone should evacuate because it would be so petty and childish i couldn t deal,28,138,0,0,0,0,0,0.036231884057971016,0,0,1
reddit will now quarantine offensive content <url>,7,50,0,0,1,0,0,0.1323529411764706,0,0,1
if abortion is murder then blowjobs are cannibalism and masturbation is mass genocide,13,85,0,0,0,0,0,0.011627906976744186,0,0,1
<num> rd goode water ski national championships will go on as planned next week <url> event w damage from a tornado on mon,23,122,0,0,1,0,0,0.12857142857142856,0,0,1
cancel the fucking show evacuate metlife <url>,7,46,0,0,1,0,0,0.12121212121212122,0,0,0
kai forbath just demolished a weather station set up on a drill field with a missed field goal thing just exploded into metal bits,24,130,0,0,0,0,0,0.022727272727272728,0,0,1
hollywood movie about trapped miners released in chile <url>,9,60,0,0,1,0,0,0.16883116883116883,0,0,0
damn bloody hot,3,15,0,0,0,0,0,0.06666666666666667,0,0,0
prince phillip said of the numbers of those murdered by the british at amritsar that s a bit exaggerated it must include the wounded,24,132,0,0,0,0,0,0.034482758620689655,0,0,1
montgomery come for the blazing hot weather stay for the stds yet another rejected city slogan,16,94,0,0,0,0,0,0.05102040816326531,0,0,1
turkish troops killed in kurdish militant suicide attack <url>,9,62,0,0,1,0,0,0.037037037037037035,0,0,1
bay district coaches learn cpr during medical course panama city an athlete collapsed on the field coaches <url>,18,112,0,0,1,0,0,0.15217391304347827,0,0,1
<hashtag> illinois emergency units simulate a chemical explosion at nu <url> via <user> <hashtag> hazmat,15,104,2,1,1,0,0,0.07339449541284404,0,1,1
<user> <user> i cant believe is this d same stuart broad who was destroyed by our yuvi ??,18,89,0,2,0,0,4,0.018018018018018018,0,0,0
looks and sounds like a war zone,7,32,0,0,0,0,0,0.03125,0,0,1
this sale and demolition trend near metrotown is sure resulting in some poorly maintained apartments <hashtag> burnaby <hashtag> changefortheworse,19,146,2,0,0,0,0,0.015503875968992248,0,0,0
<hashtag> teamfollowback madhya pradesh train derailment village youth saved many lives <hashtag> followback,13,108,2,0,0,0,0,0.15217391304347827,0,0,1
if she don t know bout that pandemonium album <hashtag> shestooyoung,11,68,1,0,0,0,0,0.05084745762711865,0,0,0
<user> and when will you be commenting on ian taylor s dealings with mass murderer arkan?,16,89,0,1,0,0,1,0.03,0,0,1
<user> yes i feel the root of that is shame which can be found in the rubble of most trauma <hashtag> ptsdchat,22,110,1,1,0,0,0,0.11009174311926606,0,0,1
the advantages apropos of in flames favorable regard mississauga ontario pwhvgwax,11,81,0,0,0,0,0,0.04878048780487805,0,0,0
as of the <num> month mark there were a total of <num> fatalities <num> more than the first half of last year <url>,23,115,0,0,1,0,0,0.031007751937984496,0,0,1
<user> who then were annihilated by the legion itself the survivors of the imperfect hybrid project quickly formed a new secret cell,22,132,0,1,0,0,0,0.02158273381294964,0,0,0
<user> it s not an impulse and it doesn t end in mass murder correlation does not imply causation,19,97,0,1,0,0,0,0.102803738317757,0,0,1
flood zone general raheel sharif visits chitral he also lauded the efforts of fwo army troops and army aviation in rescue opera,22,127,0,0,0,0,0,0.06666666666666667,0,1,1
attention all rchs football players there will be coffins and body bags by the locker rooms grab one tommorow because were gonna die,23,132,0,0,0,0,0,0.03787878787878788,0,0,0
joel <num> <num> ? and book of acts <num> <num> ? <url>,12,55,0,0,1,0,2,0.125,0,0,0
japan marks <num> th anniversary of hiroshima atomic bombing <url>,10,66,0,0,1,0,0,0.16455696202531644,0,0,1
i heard the steven universe theme song from upstairs and screamed his name at the part of the song and scared my cousin,23,119,0,0,0,0,0,0.008403361344537815,0,0,0
the latest <hashtag> wildfire destroys more homes but crews advance wqow tv news <num> <url>,15,92,1,0,1,0,0,0.15,0,0,1
some good info to help first responders cope individual resilience factsheet for responders <url>,14,97,0,0,1,0,0,0.05982905982905983,0,0,0
live updates boyd gets out of trouble in <num> th <url> via <user>,13,66,0,1,1,0,0,0.047058823529411764,0,0,0
have you ever remembered an old song something you haven t heared for years? words that carry floods of memories all along <hashtag> priceless,24,142,1,0,0,0,1,0.007407407407407408,0,0,0
<user> i think a lot of celebrities have to treat ppl as if they could harm them,17,80,0,1,0,0,0,0.011764705882352941,0,0,0
<user> <user> omg i remember the meltdown the day i did her hair like elsa and not anna ohh the horror!! lol <hashtag> tangletalk,24,129,1,2,0,3,0,0.21739130434782608,1,0,0
hmm <num> nigerian refugees repatriated from cameroon <url>,8,59,0,0,1,0,0,0.08139534883720931,0,0,1
<user> activates emergency plan amid severe thunderstorm warning <url> <hashtag> yyc <hashtag> abstorm <url>,14,108,2,1,2,0,0,0.08270676691729323,0,0,1
teen disaster preparedness event in van nuys august <num> <num> <num> pm <url> via <user>,15,89,0,2,1,0,0,0.1320754716981132,0,0,0
we are totally unprepared for an emp attack both china russia and probably isis possess them <num> fatalities why are we pushing them?,23,134,0,0,0,0,1,0.06666666666666667,0,0,1
<num> day bug in fully patched os x comes under active exploit to bypass password ars technica <url>,18,100,0,0,1,0,0,0.07563025210084033,0,0,0
rt <user> south sudan s war on women survivors say rape has become just a normal thing <url> <url>,19,98,0,1,2,0,0,0.08450704225352113,0,0,1
hurricane <num> stm quem lembra,5,31,0,0,0,0,0,0.14814814814814814,0,0,1
<num> years ago at this hour the usa a bombed hiroshima therein killing <num> civilians never forget the crime and never repeat peace ??,24,136,0,0,0,0,2,0.051470588235294115,0,0,1
arson suspect linked to <num> fires caught in northern california <url>,11,71,0,0,1,0,0,0.08235294117647059,0,0,1
not only are you a mass murderer but at a movie theatre where niggas dropped bread to see a movie? cmon man,22,107,0,0,0,0,1,0.018518518518518517,0,0,0
new mad max screenshots show off a lovely dust storm combat magnum opus <url> <url>,15,83,0,0,2,0,0,0.19658119658119658,0,0,0
all hail lady cheryl!! <num> reasons you should be obsessed with cheryl cole <url>,14,82,0,0,1,2,0,0.15625,1,0,0
<hashtag> bestnaijamade <num> yr old pkk suicide bomber who detonated bomb in <url> bestnaijamade bestnaijamade bestnaijamade be,17,128,1,0,1,0,0,0.06428571428571428,0,0,1
<hashtag> pft barkevious mingo missed browns practice with a mystery injury <url>,12,81,1,0,1,0,0,0.14606741573033707,0,0,0
amazon deal wait or buy? <url>,6,30,0,0,1,0,1,0.16326530612244897,0,0,0
<user> wow bet you got blamed for that too huh?,10,47,0,1,0,0,1,0.07272727272727272,0,0,0
yay for sirens,3,14,0,0,0,0,0,0.07142857142857142,0,0,0
greg garza not in the <num> for atlas tonight vs leones negros in copa mx play he left the previous game w an injury <hashtag> usmnt,26,132,1,0,0,0,0,0.11382113821138211,0,0,0
<num> rejected mortal kombat fatalities mortal kombat has stretched the boundaries of its <url> <url>,15,101,0,0,2,0,0,0.08888888888888889,0,0,0
who s that shadow holdin me hostage i ve been here for days,13,59,0,0,0,0,0,0.7627118644067796,0,0,0
<user> i know <user> will be saying her final goodbyes to grandpa as seen on news rip me? always open to ideas but may ve curfew,26,128,0,2,0,0,1,0.050359712230215826,0,0,0
parental experience may help coral offspring survive climate change preconditioning adult corals to increased <url>,15,115,0,0,1,0,0,0.029411764705882353,0,0,0
<user> <user> where you being electrocuted all the way round? the map sure looks like it,16,88,0,2,0,0,1,0.039603960396039604,0,0,0
officials say a quarantine is in place at an alabama home over a possible ebola case after developing symptoms <url>,20,116,0,0,1,0,0,0.051470588235294115,0,0,1
<user> yo dm me,4,15,0,1,0,0,0,0.18181818181818182,0,0,1
the majority of those killed were civilians on the ground after the jet first bombed the city s main street then dramatically plummeted,23,135,0,0,0,0,0,0.007407407407407408,0,0,1
<user> brother you don t want my friendship you want to add your commercials on my posts frankly i m inundated with this crap daily,25,131,0,1,0,0,0,0.04316546762589928,0,0,0
wwii memories plus lessons of hiroshima we still need nuclear weapons <url> <hashtag> denver <hashtag> billings <hashtag> rapidcity <hashtag> seattle <hashtag> cheyenne,22,168,5,0,1,0,0,0.11428571428571428,0,0,1
rt <user> a deluge of resources on <hashtag> floods for medical providers cleanup workers amp more at <url>,18,107,1,1,1,0,0,0.12195121951219512,0,0,1
<user> i know what it means it means i ll go on twitter and obliterate any chance of ever winning another election for pres bad at math,27,135,0,1,0,0,0,0.1223021582733813,0,0,0
drake been kept it the most hip hop during this beef and he fucking body bagging meek back to back ??,21,101,0,0,0,0,2,0.0,0,0,0
scared to be living in seattle when this predicted earthquake is going to destroy ??,15,84,0,0,0,0,4,0.023255813953488372,0,1,1
windstorm wsvr <num> b cover for v hull runabout boat including euro style with wi <url> <url>,17,94,0,0,2,0,0,0.16,0,0,0
ugh y did blaze put the calories by their pizzas? ok cool <hashtag> thisispublichealth,14,86,1,0,0,0,1,0.5844155844155844,0,0,0
<user> <user> <user> glononium <num> c also helps with being blown up while bashing a bottle of nitroglycerin against a book,21,124,0,3,0,0,0,0.04411764705882353,0,0,0
ttw today s news bin laden family plane crashed after avoiding microlight and landing too far down runway <url>,19,111,0,0,1,0,0,0.09090909090909091,0,0,1
<user> yo why u so sexy?,6,24,0,1,0,0,1,0.125,0,0,0
fotoset elanorofrohan <num> th december <num> green carpet in zurich for the swiss premiere of the desolation <url>,18,115,0,0,1,0,0,0.09090909090909091,0,0,1
detonate feat m? ?o? ?p? ? from grandeur by apollo brown <url>,12,62,0,0,1,0,6,0.18292682926829268,0,0,0
lol the real issue is the the way the nfl is trying to ruin this guy s legacy <url>,19,83,0,0,1,0,0,0.0784313725490196,0,0,0
<user> <user> hiroshima is now beautiful on the ashes of the old so could be a terrorist pakistan,18,97,0,2,0,0,0,0.02727272727272727,0,0,1
<user> a train isn t made to withstand collisions! immediate derailment it s totally fucked,15,91,0,1,0,1,0,0.04950495049504951,0,0,1
locksmithing art respecting elaboration only blight locks lpdkl,8,63,0,0,0,0,0,0.046875,0,0,0
act my age was a mess everyone was so wild it was so fun my videos a wreck,18,74,0,0,0,0,0,0.05405405405405406,0,0,0
i hate this damn milwaukee indyfest all the cars sound like a really long tornado siren going off and it woke me up from my nap,26,127,0,0,0,0,0,0.0390625,0,0,0
angry woman openly accuses nema of stealing relief materials meant for idps an angry internally displaced wom <url>,18,115,0,0,1,0,0,0.19117647058823528,0,0,0
gonna drown it in mustard and lemon pepper,8,42,0,0,0,0,0,0.0,0,0,0
<num> <num> <num> cat fatality utica ny pleasant amp holland ave black cat with white paws average size on grass next to north side of road,26,139,0,0,0,0,0,0.2826086956521739,0,0,0
four things that may ruin your personal injury accident claim <url>,11,67,0,0,1,0,0,0.20238095238095238,0,0,1
in this fragile global economy considering the devastation the alternatives would cause it s the best reason <url>,18,114,0,0,1,0,0,0.02877697841726619,0,0,1
from <user> lean thinking for quicker police emergency response time <url>,11,74,0,1,1,0,0,0.17525773195876287,0,0,0
aircraft debris confirmed to be from mh <num> nation the star online <url>,13,74,0,0,1,0,0,0.11956521739130435,0,0,1
up house saved from demolition <url> will be moved to orcas island washington,13,77,0,0,1,0,0,0.15151515151515152,0,0,0
i wanna tweet a niall thx for not making me was to electrocute myself tweet but i m scared i ll jinx it,23,103,0,0,0,0,0,0.02857142857142857,0,0,0
pandemonium in aba as woman delivers baby without face photos <url>,11,67,0,0,1,0,0,0.1590909090909091,0,0,0
just saw the man whose mind exploded there should be a drako zarharzar day,14,74,0,0,0,0,0,0.11842105263157894,0,0,0
ig <url> it s hailing again! <hashtag> abstorm <hashtag> yyc <hashtag> hail <hashtag> hailstorm <hashtag> haildamage <hashtag> yycweather <hashtag> calgary <hashtag> captureyyc <hashtag> alberta <hashtag> sto,26,208,10,0,1,1,0,0.07142857142857142,0,0,1
perspectives on the grateful dead critical writings contributions to the study <url> <url>,13,90,0,0,2,0,0,0.1111111111111111,0,1,1
sitting around a fire sounds great right about now,9,50,0,0,0,0,0,0.02,0,1,0
reddit updates content policy promises to quarantine extremely offensive communities <url>,11,90,0,0,1,0,0,0.05309734513274336,0,0,0
in both peacetime and times of national emergency,8,49,0,0,0,0,0,0.07692307692307693,0,0,1
joboozoso usat usatoday nfl michael floyd s hand injury shouldn t devalue his fantasy stock <url>,16,97,0,0,1,0,0,0.1826086956521739,0,0,0
you bitches walking around like yall hot shit amp got bed bugs amp you burning ??,16,81,0,0,0,0,4,0.14942528735632185,0,0,0
why <hashtag> marijuana is critical for research in treating <hashtag> ptsd <url> <hashtag> hempoil <hashtag> cannabis <hashtag> marijuana <url>,19,144,5,0,2,0,0,0.13768115942028986,0,0,0
legionnaires disease what s being done to stop deadly outbreak the worst ever outbreak of legio <url> <hashtag> losangeles,19,122,1,0,1,0,0,0.08823529411764706,0,0,1
truth <url> <hashtag> news <hashtag> bbc <hashtag> cnn <hashtag> islam <hashtag> truth <hashtag> god <hashtag> isis <hashtag> terrorism <hashtag> quran <hashtag> lies <url>,23,172,10,0,2,0,0,0.19166666666666668,0,0,1
<hashtag> roddypiperautos fears over missing migrants in med rescuers search for survivors after a boat carrying as ma <url>,19,124,1,0,1,0,0,0.08759124087591241,0,0,1
sometimes logic gets drowned out in emotion but it s gotta surface at some point,15,80,0,0,0,0,0,0.012345679012345678,0,0,0
<user> my day has been a disaster of emotions,9,45,0,1,0,0,0,0.019230769230769232,0,0,0
black eye <num> a space battle occurred at star o <num> involving <num> fleets totaling <num> ships with <num> destroyed,20,120,0,0,0,0,0,0.04716981132075472,0,0,0
<user> the barbaric saudies as you said they relive austrian economy if we stop coming here many project will collapse,20,118,0,1,0,0,0,0.047244094488188976,0,1,0
watch how bad that fool get burned in coverage this year dat dude is all pro practice squad material,19,100,0,0,0,0,0,0.019801980198019802,0,0,1
<user> <user> <user> yeah man that movie bombed hard,9,52,0,3,0,0,0,0.14285714285714285,0,0,0
apd investigating fatal shooting of <num> year old child in southeast anchorage <url>,13,85,0,0,1,0,0,0.061224489795918366,0,0,1
it was really awful and i cant even work with a make up artist now because they will ruin things,20,96,0,0,0,0,0,0.7938144329896907,0,0,0
related news plane wreckage found is part of missing mh <num> malaysia prime minister?says world buzzfeed <url>,17,111,0,0,1,0,1,0.16911764705882354,0,0,1
the sinking ship <user> scarlet lane lenore is on replacing stone saison <user>,13,79,0,2,0,0,0,0.10576923076923077,0,0,0
i let another love crash and burn,7,33,0,0,0,0,0,0.030303030303030304,0,0,0
fedex no longer to transport bioterror germs in wake of anthrax lab mishaps <url> via <user>,16,92,0,1,1,0,0,0.044642857142857144,0,0,1
two cranes restoring a bridge in the central dutch town of alphen aan den rijn collapse on to buildings with rescuers searching for,23,131,0,0,0,0,0,0.030534351145038167,0,1,1
latest post bayelsa poll tension in bayelsa as patience jonathan plans to hijack apc pdp <url>,16,94,0,0,1,0,0,0.15789473684210525,0,0,0
<user> godslove amp <hashtag> thanku my sister for rt of new video <url> the coming apocalyptic us earthquake amp tsunami,20,121,1,1,1,0,0,0.18840579710144928,0,1,0
that moth that held me hostage yesterday has been chilling on the bathroom windowsill all day and i m not okay with this,23,120,0,0,0,0,0,0.016666666666666666,0,0,0
general news demolition of houses on waterways begins at achimota mile <num> via <user> full story at <url>,18,107,0,1,1,0,0,0.072992700729927,0,0,0
<user> was drafted by the <user> in <num> rd <num> <hashtag> <num> overall played last season in <user> <url>,19,109,1,3,1,0,0,0.078125,0,0,0
<user> <user> as in dropping the no sports show? i don t think si top <num> would have derailed that,20,100,0,2,0,0,1,0.10434782608695652,0,0,0
cuban leader extends sympathy to vietnam over flooding at <url>,10,63,0,0,1,0,0,0.05,0,0,1
<hashtag> hot reddit s new content policy goes into effect many horrible subreddits banned or quarantined <url> <hashtag> prebreak <hashtag> best,21,145,3,0,1,0,0,0.014705882352941176,0,0,0
<user> minor train leaves rails major <num> <num> <num> smithsonian interlocking derails amp crashes into barrier wall w fatalities,19,131,0,1,0,0,0,0.022058823529411766,0,0,1
black eye <num> a space battle occurred at star o <num> involving <num> fleets totaling <num> ships with <num> destroyed,20,120,0,0,0,0,0,0.04716981132075472,0,0,0
if you re reading this go accidentally fall off a cliff mate,12,60,0,0,0,0,0,0.016666666666666666,0,0,0
put the right person up on the block <hashtag> shelli?? the sense of entitlement is ridiculous <hashtag> bb <num>,19,113,2,0,0,0,3,0.10638297872340426,0,0,0
burned my popcorn??,3,19,0,0,0,0,2,0.05263157894736842,0,0,0
wreckage conclusively confirmed as from mh <num> malaysia pm investigators and the families of those who were <url>,18,115,0,0,1,0,0,0.11029411764705882,0,0,1
refugee connections indiegogo campaign will be going live tomorrow! support us and help launch the only online community for <hashtag> refugees,21,143,1,0,0,1,0,0.02962962962962963,0,0,1
<user> neither of them even smoke so i dk what was going on lol,14,63,0,1,0,0,0,0.014705882352941176,0,0,0
<user> then find cougars who look like her even better if they re in military uniform!,16,86,0,1,0,1,0,0.022727272727272728,0,0,0
thunder and lightning possible in the pinpoint foothill forecast <url>,10,70,0,0,1,0,0,0.11363636363636363,0,0,1
<url> cindy noonan <user> heartbreak in <hashtag> baltimore <hashtag> rioting <hashtag> yahistorical <hashtag> undergroundrailraod,14,130,4,1,1,0,0,0.1282051282051282,0,0,0
timestack photos collapse entire sunsets into single mesmerizing images <url>,10,77,0,0,1,0,0,0.14583333333333334,0,1,0
<user> hey you guy s i stopped a massacre so you send the cops to my house to make this town permanently hate me wtf?,25,117,0,1,0,0,1,0.02564102564102564,0,0,0
plane debris discovered on reunion island belongs to flight mh <num> malaysian pm <url>,14,87,0,0,1,0,0,0.11428571428571428,0,0,1
enugu government to demolish illegal structures at international conference centre <url>,11,88,0,0,1,0,0,0.08571428571428572,0,0,0
<user> lava blast dan power red <hashtag> pantherattack <user> <user>,10,69,1,3,0,0,0,0.2054794520547945,0,0,1
<url> there is a way which seemeth right unto a man but the end thereof are the ways of death,20,93,0,0,1,0,0,0.06306306306306306,0,0,1
landslide live by fleetwood mac <hashtag> nowplaying <hashtag> q <num>,10,70,2,0,0,0,0,0.44,0,0,0
the murderous story of america s first hijacking earnest pletch s cold blooded killing of <url>,16,95,0,0,1,0,0,0.10833333333333334,0,0,1
ideas in food flattened <url>,5,29,0,0,1,0,0,0.3829787234042553,0,0,0
slightly doesn t help that he has suh and wake in practice but think he will get there a lot of weapons! <hashtag> finsup <url>,25,127,1,0,1,1,0,0.07971014492753623,0,0,0
families to sue over legionnaires more than <num> families affected by the fatal outbreak of legionnaires disea <url>,18,117,0,0,1,0,0,0.04411764705882353,0,0,1
los angeles times arson suspect linked to <num> fires caught in northern <url> <hashtag> newsintweets <url>,16,107,1,0,2,0,0,0.11764705882352941,0,0,1
need to stop bottling things up because when everything eventually explodes the casualties just keep getting higher and higher,19,126,0,0,0,0,0,0.007936507936507936,0,0,1
photos typhoon soudelor has its aim set on taiwan and china <url>,12,65,0,0,1,0,0,0.17857142857142858,0,0,1
<hashtag> arsonist arrested for setting many fires watch tonight s other <hashtag> headlines <url> <hashtag> nightbeat <user> <hashtag> <num> minutemix,20,151,4,1,1,0,0,0.10638297872340426,0,0,1
<user> i see her flooding at mad decent,8,39,0,1,0,0,0,0.025,0,0,0
<user> awesome thanks,3,21,0,1,0,0,0,0.0,0,0,0
the whirlwind! scourge of europe! rt <user> or you could just watch the fanged four <url>,16,89,0,1,1,2,0,0.13392857142857142,0,0,0
historic flooding across asia leaves hundreds dead millions displaced <url> <url>,11,81,0,0,2,0,0,0.07758620689655173,0,1,1
<user> you already know how this shit goes world series or armageddon,12,69,0,1,0,0,0,0.07692307692307693,0,0,0
<num> options to fix your facebook cover violation <url> and keep the <hashtag> facebook police away <hashtag> socialmedia <hashtag> strategy,20,141,3,0,1,0,0,0.109375,0,0,0
<user> i mean i m a fan but i don t need a girl sounding off like a damn siren,20,78,0,1,0,0,0,0.058823529411764705,0,0,1
<num> bovines rescued <num> smugglers nabbed <url>,7,50,0,0,1,0,0,0.04918032786885246,0,0,1
suicide bomber kills <num> at saudi mosque <url> <hashtag> saudi <hashtag> tripoli <hashtag> libya,14,98,3,0,1,0,0,0.16470588235294117,0,0,1
the latest more homes razed by northern california wildfire abc news <url>,12,74,0,0,1,0,0,0.1702127659574468,0,0,1
wreckage conclusively confirmed as from mh <num> malaysia pm investigators and the families of those who were <url>,18,115,0,0,1,0,0,0.08823529411764706,0,0,1
<hashtag> saudiarabia <num> confirmed dead as suicide bomber attacks saudi arabian mosque the i <url> <url>,16,107,1,0,2,0,0,0.08823529411764706,0,1,1
jun <num> yemenis search for survivors under the rubble of houses in the old city of san a following an <url>,21,109,0,0,1,0,0,0.05343511450381679,0,0,1
i hate when im trying to straighten my hair and my brother comes swooping in behind me and scares me i just burned my finger,25,124,0,0,0,0,0,0.8064516129032258,0,0,0
finnish ministers fennovoima nuclear reactor will go ahead via r worldnews <url>,12,80,0,0,1,0,0,0.06060606060606061,0,0,0
the global economic meltdown is out! <url> stories via <user> <user> <user>,12,75,0,3,1,1,0,0.3125,0,0,1
nominates self but <user> wins by a landslide <url>,9,51,0,1,1,0,0,0.05263157894736842,0,0,0
came across this fire video not mine enjoy <hashtag> fire <hashtag> firemen <hashtag> firetruck <hashtag> emergency <hashtag> rescue <hashtag> <num> <hashtag> summertime <hashtag> sirens <url>,25,192,8,0,1,0,0,0.04285714285714286,0,1,1
detonate feat m o p by apollo brown <url>,9,41,0,0,1,0,0,0.16129032258064516,0,0,1
solitude fire update august <num> <num> solitude wildfire summary this lightning caused fire is being <url> <hashtag> utfire,18,124,1,0,1,0,0,0.1111111111111111,0,1,1
<url> <num> killed <num> injured in madhya pradesh twin train derailment <url>,12,78,0,0,2,0,0,0.12264150943396226,0,1,1
<hashtag> sandiego <hashtag> news sinkhole disrupts downtown trolley service the incident happened wed <url> <hashtag> algeria ??,17,129,4,0,1,0,7,0.13953488372093023,0,0,1
dk eyewitness travel guide denmark travel guide ebay auctions you should keep an eye on <url>,16,93,0,0,1,0,0,0.10619469026548672,0,0,0
when your cake is engulfed in flames <hashtag> literarycakes,9,60,1,0,0,0,0,0.17647058823529413,0,0,0
i spent <num> minutes lifting weights <num> calories burned <hashtag> loseit,11,76,1,0,0,0,0,0.047619047619047616,0,0,0
another day another excellent <user> porridge seriously people blood orange in porridge is phenomenal,14,101,0,1,0,0,0,0.0,0,0,0
pakistan s supreme court rules to allow military trials for suspects in terrorism cases <url>,15,93,0,0,1,0,0,0.03636363636363636,0,0,1
people who say it cannot be done should not interrupt those who are doing it george bernard shaw,18,96,0,0,0,0,0,0.039603960396039604,0,0,0
a look at state actions a year after <hashtag> ferguson s upheaval <url>,13,72,1,0,1,0,0,0.1625,0,0,1
ton of smoke coming out of one of the new apartment buildings at <num> ross in auburn several fire trucks on scene <url>,23,120,0,0,1,0,0,0.08759124087591241,0,1,1
<num> former executives to be prosecuted in fukushima nuclear <hashtag> disaster the story <url> via <user>,16,107,1,1,1,0,0,0.08620689655172414,0,0,1
refugio oil spill may have been costlier bigger than projected <url> <hashtag> losangelestimes <hashtag> latimes <hashtag> news,17,127,3,0,1,0,0,0.05128205128205128,0,0,1
you know you hate your body when you buy <num> bags of chips and a variety pack of fruit snacks and a redbull as a snack,26,120,0,0,0,0,0,0.0,0,0,0
guaranteed been bitten by some mutant mosquito my ankle has blown up little cunts,14,81,0,0,0,0,0,0.024390243902439025,0,0,0
<user> if i may ask cyclone sama have you read jailed fate by rindou?,14,69,0,1,0,0,1,0.07692307692307693,0,0,0
warne ponting shocked by australian collapse yahoo cricket india <url>,10,70,0,0,1,0,0,0.12222222222222222,0,1,0
in memory of the victims of hiroshima and nagasaki never again! ban nuclear weapons! <url>,15,90,0,0,1,2,0,0.09009009009009009,0,0,1
kyle is one of the last people i would expect to like sleeping with sirens,15,74,0,0,0,0,0,0.05333333333333334,0,0,0
please keep josh the salyers blair hall families amp jenna s friends in your prayers she was taken far too soon rip <url>,23,121,0,0,1,0,0,0.11267605633802817,0,0,0
i m gonna fight taylor as soon as i get there,11,45,0,0,0,0,0,0.06521739130434782,0,0,0
some people are really natural disaster too,7,43,0,0,0,0,0,0.023255813953488372,0,0,1
<user> pull up holmes!,4,22,0,1,0,1,0,0.13793103448275862,0,0,0
wwe <num> k <num> universe mode part <num> obliterate!! <url> via <user>,12,72,0,1,1,2,0,0.23255813953488372,1,0,0
<hashtag> glimpses hyderabad deluged by heavy rainfall <url> <url>,9,66,1,0,2,0,0,0.14893617021276595,0,0,1
how to restore vinyl siding and make it look new again <url> <url>,13,66,0,0,2,0,0,0.07,0,0,0
<url> efs <num> <url> star wars and star trek collide on pluto moon charon <hashtag> pluto,16,90,1,0,2,0,0,0.15384615384615385,0,0,0
just made anthonys bed considering i destroy it everytime i fall asleep smh ??,14,78,0,0,0,0,4,0.024691358024691357,0,0,1
still mortified that when i went to rose s i collapsed on my heels face planted in front of everyone and broke my fav shoes,25,123,0,0,0,0,0,0.024390243902439025,0,0,0
do babies actually get electrocuted from wall sockets? i m wondering how i and those before me survived childhood,19,113,0,0,0,0,1,0.02631578947368421,0,0,1
check this deal <url> sivan health and fitness basalt lava hot stone massage kit with <num> piece <url>,18,103,0,0,2,0,0,0.14388489208633093,0,0,0
three israeli soldiers wounded in west bank terrorist attack via r worldnews <url>,13,82,0,0,1,0,0,0.09,0,0,1
<user> nah philly pundits are half the cause they set buildings on fire to report on buildings being on fire,20,108,0,1,0,0,0,0.035398230088495575,0,1,1
<user> wounded and carried her back to where his brothers and sisters were and entered the air ship to go back to academia,23,122,0,1,0,0,0,0.0234375,0,0,0
i hope you fall off a cliff,7,27,0,0,0,0,0,0.037037037037037035,0,0,0
why are you engulfed by low self image? take the quiz <url> <url>,13,65,0,0,2,0,1,0.11,0,0,0
has an accident changed your life? we will help you determine options that can financially support life care plans and on going treatment,23,137,0,0,0,0,1,0.014492753623188406,0,0,0
finna storm fuck my back boutta start hurting like a mf ??,12,58,0,0,0,0,6,0.031746031746031744,0,0,0
<user> i need to stop doing this to myself?? <user>,10,51,0,2,0,0,4,0.08064516129032258,0,0,0
<hashtag> kick hendrixonfire blackcats big noob conquest mixed maps all weapons for violated k dr limit server max <num>,19,120,1,1,0,0,0,0.4098360655737705,0,0,0
crush content marketing mediocrity <url> <url>,6,46,0,0,2,0,0,0.1728395061728395,0,0,0
an eau claire man who police said was drunk when his suv collided with a train was sentenced in chippewa county <url>,22,117,0,0,1,0,0,0.08148148148148149,0,0,1
its only getting colder and colder and faster and faster and when i first realized it it was like a natural disaster,22,116,0,0,0,0,0,0.0,0,0,1
remembering that you are going to die is the best way i know to avoid the trap of thinking you have something to lose steve jobs,26,128,0,0,0,0,0,0.02962962962962963,0,0,0
large rain drops falling in rock hill off anderson road <hashtag> rain <hashtag> scwx <hashtag> drought,16,103,3,0,0,0,0,0.06493506493506493,0,0,0
one direction is my pick for <url> fan army <hashtag> directioners <url>,12,72,1,0,2,0,0,0.15463917525773196,0,0,0
four hundred wrecked cars costing <num> apiece were purchased for the making of this <num> film <url>,17,101,0,0,1,0,0,0.041666666666666664,0,0,0
breaking <hashtag> isis claims responsibility for mosque attack in saudi arabia that killed <num> <url> <url>,16,109,1,0,2,0,0,0.17424242424242425,0,0,1
alabama firefighters quarantined after possible ebola exposure <url> reports <url>,10,82,0,0,2,0,0,0.09482758620689655,0,0,1
?? ?? ?? ?? mh <num> aircraft debris found on la reunion is from missing malaysia airlines <url>,18,96,4,0,1,0,11,0.0975609756097561,0,0,1
reported hit amp run in roadway property damage at <num> statesville rd,12,71,0,0,0,0,0,0.6756756756756757,0,0,1
last second outbid rt? <url> <num> catlow c <num> twister swivels <num> <num> <num> dc fuel line made in usa ?please favorite amp shar,24,134,0,0,1,0,2,0.16176470588235295,0,0,0
<user> and i don t have any classes together and i m not sure if i ll be able to survive,21,88,0,1,0,0,0,0.03125,0,0,0
great condition easton cyclone softball bat fastpitch <num> <num> <num> sk <num> <url> <url>,14,92,0,0,2,0,0,0.2413793103448276,0,0,1
motorcyclist bicyclist injured in denver collision on broadway <url>,9,68,0,0,1,0,0,0.08235294117647059,0,1,1
beyond all bounds till inundation rise,6,38,0,0,0,0,0,0.02564102564102564,0,0,0
men escape car engulfed in flames in parley s canyon crews investigating cause <url> <url>,15,90,0,0,2,0,0,0.06349206349206349,0,0,1
<user> and put the taint there and that all that the magisters did was to open the gates and let the blight get away from it,26,124,0,1,0,0,0,0.0,0,0,0
what this man did to save a drowning squirrel is absolutely incredible <url> <url>,14,82,0,0,2,0,0,0.16379310344827586,0,0,0
<user> u better learn derivative of formula seismic rather than thinking about things like that or you are a things like that? haha,23,131,0,1,0,0,1,0.007462686567164179,0,0,0
ignition knock detonation sensor senso standard ks <num> <url> <url>,10,68,0,0,2,0,0,0.15,0,0,1
<user> don t let phil help out he ll probably electrocute himself,12,65,0,1,0,0,0,0.013513513513513514,0,0,0
if there s a chance will get a gander of the sinking ship that is <hashtag> tna too can t help but appease my morbid curiosity <hashtag> destinationimpact,28,154,2,0,0,0,0,0.08695652173913043,0,0,0
violent forces radio now playing agony storm of the apocalypse tunein player <url>,13,82,0,1,1,0,0,0.14423076923076922,0,0,0
<user> also pls help us w our campaign to warn the public about the hazardous keratin treatments the brazilian blowout copycats,21,127,0,1,0,0,0,0.11510791366906475,0,0,0
petition heartless owner that whipped horse until it collapsed is told he can keep his animal! act now! <url>,19,109,0,0,1,2,0,0.078125,0,0,0
diageo s ceo stresses that a board revolt at united spirits has not impacted indian operations <url>,17,100,0,0,1,0,0,0.07692307692307693,0,0,0
displaced persons gn <num> image <hashtag> <num> <num> st nm <url> <url>,12,72,1,0,2,0,0,0.15730337078651685,0,0,0
nothing like a good fire <url>,6,30,0,0,1,0,0,0.125,0,1,1
<user> can you please sign and share this petition to save wild horses in arizona <url> ??,17,90,0,1,1,0,4,0.07627118644067797,0,0,0
<url> the latest more homes razed by northern california wildfire lynchburg news and advance <url>,15,98,0,0,2,0,0,0.1259259259259259,0,0,1
socialwots globi inclusion rt nrc middleeast sandstorm engulfs caravans and tents in the <hashtag> zaatari refugee camp <url>,18,125,1,0,1,0,0,0.18571428571428572,0,0,1
max blew tf up ! ?? shots fired ?? <hashtag> catfishmtv,11,55,1,0,0,1,10,0.09615384615384616,0,0,0
<user> it s bloody sexy drools,6,30,0,1,0,0,0,0.08108108108108109,0,0,0
detonate feat m o p by apollo brown <url>,9,41,0,0,1,0,0,0.16129032258064516,0,0,0
just burned the crap out of my grilled cheese sandwich sure wish i had a few life skills figured out by now,22,107,0,0,0,0,0,0.02702702702702703,0,0,0
invading iraq was a catastrophic mistake diplomacy needs to replace constant threat of war by us and israel <url>,19,113,0,0,1,0,0,0.0661764705882353,0,0,1
<hashtag> worldnews fallen powerlines on g link tram update fire crews have evacuated up to <num> passengers who were tr <url>,21,126,1,0,1,0,0,0.14705882352941177,0,1,1
what a feat! watch the <hashtag> bts of <user> s incredible music video for <hashtag> avalanche <url> ??,18,104,2,1,1,1,4,0.07017543859649122,0,0,0
i just wanna smoke some weed and get some commas,10,48,0,0,0,0,0,0.020833333333333332,0,0,0
criminals who hijack lorries and buses arrested in enugu photo <user> <user> <hashtag> humanrights <url>,15,104,1,2,1,0,0,0.23770491803278687,0,0,1
and all you girls that smoke have you notice that you started to lose alot of weight ?? hmm don t know body want no thin girl tf,28,128,0,0,0,0,3,0.13432835820895522,0,0,0
so these savages leaked thomas brady gangstermail account and wonder why he was quick to fatality his samsung mobile? b real son,22,128,0,0,0,0,1,0.03875968992248062,0,0,0
<user> <user> i hate white people mo,7,36,0,2,0,0,0,0.06382978723404255,0,0,1
i feel like a tornado <url>,6,27,0,0,1,0,0,0.13636363636363635,0,0,1
pop quiz! which do you prefer feminist revolution or fried ravioli with porcini and ricotta <url> <url>,17,103,0,0,2,1,0,0.09154929577464789,0,0,0
photos the rocky fire has grown into california s most destructive wildfire this year <url> <url>,16,97,0,0,2,0,0,0.12030075187969924,0,1,1
<user> <user> i am okay thank you yes your kindness is fatal though it s like patrick stump level kindness,20,106,0,2,0,0,0,0.01694915254237288,0,0,0
follownflnews michael floyd s hand injury shouldn t devalue his fantasy stock <url> <hashtag> nfl <hashtag> news <hashtag> playoffs,19,131,3,0,1,0,0,0.13114754098360656,0,0,0
central mass fruit trees escape heavy damage after wind hail <url>,11,66,0,0,1,0,0,0.07142857142857142,0,0,1
<user> <user> in an emergency situation late in the year not as a plan in camp,16,78,0,2,0,0,0,0.010638297872340425,0,0,1
nside a dragon s belly or an ice cave under a volcano in kamchatka photography by daniel korzhonov <url>,19,104,0,0,1,0,0,0.07142857142857142,0,0,1
<user> you ok? need a ambulance hahahah that was good! <url>,11,60,0,1,1,1,1,0.13253012048192772,0,0,0
<num> <num> pm hazardous weather outlook <url> no hazardous weather is expected at this time <url>,16,98,0,0,2,0,0,0.37777777777777777,0,0,0
reddit will now quarantine offensive content reddit co founder and ceo steve huffman has unveiled more specif <url>,18,115,0,0,1,0,0,0.1323529411764706,0,0,0
barak will tell the american people that the lives of the hostages in iran depends on congress voting to give terrorist a nuke for hostages,25,139,0,0,0,0,0,0.07142857142857142,0,0,1
they evacuated the mall again ??,6,32,0,0,0,0,2,0.058823529411764705,0,0,1
jeff locke train wreck f in disaster fortunately the pirates acquired a top quality starter in j a oh wait <hashtag> blowltan,22,125,1,0,0,0,0,0.08130081300813008,0,0,1
news fedex no longer to transport bioterror germs in wake of anthrax lab mishaps <url>,15,86,0,0,1,0,0,0.057692307692307696,0,0,1
zodiac girl feat trey dupree produced by sparkz beatz chuck da arsonist <url>,13,77,0,0,1,0,0,0.15306122448979592,0,0,0
??retweet ?? ??follow all who rt ?? ??followback ?? ??gain with ?? ??follow ? <user> <hashtag> rt <num> a mention <hashtag> ty,22,126,2,1,0,0,54,0.3931034482758621,0,0,0
er indoors will be devastated rip arfur <hashtag> georgecole,9,60,1,0,0,0,0,0.12962962962962962,0,0,1
ashes <num> australia s collapse at trent bridge among worst in history england bundled out australia for <num> <url>,19,117,0,0,1,0,0,0.07246376811594203,0,1,0
<user> lt things and what if we get attacked?,9,45,0,1,0,0,1,0.05660377358490566,0,0,0
fwd i literally jumped out of bed put on beach clothes and ran out my door like i had to evacuate for an apocalypse,24,115,0,0,0,0,0,0.04310344827586207,0,0,0
man who buried dog alive thought no one would find her but she was rescued just in time <url>,19,93,0,0,1,0,0,0.22727272727272727,0,0,0
tube strike live latest travel updates as london is engulfed in chaos cross london travel will be accepte <url>,19,111,0,0,1,0,0,0.050359712230215826,0,0,1
apparently if you re bleeding people look at you weird lol well it s fine keep walking,17,86,0,0,0,0,0,0.011627906976744186,0,0,0
world class tgirl ass <num> scene <num> pandemonium <url>,9,57,0,0,1,0,0,0.1267605633802817,0,0,0
beforeitsnews a sinkhole grows in brooklyn six meter crater swallows street <url> <url>,13,87,0,0,2,0,0,0.06201550387596899,0,0,1
suicide of a superpower will america survive to <num> ? by patrick j buchana <url> <url>,16,88,0,0,2,0,1,0.11904761904761904,0,0,0
my brother n law rioos got the call to head up north and fight the wild fires dudes a beast at <url>,22,100,0,0,1,0,0,0.04,0,0,1
<num> hostages in libya remain unharmed government sources on wednesday denied reports that two indian nationals who <url>,18,122,0,0,1,0,0,0.07194244604316546,0,0,1
vine of the year oh my god i am about to explode <url>,13,54,0,0,1,0,0,0.5555555555555556,0,0,0
california been shaking catching on fire and overcharging ppl on rent for the past <num> years it ain t going nowhere,21,117,0,0,0,0,0,0.00819672131147541,0,1,1
do you have a plan in case of a pool chemical emergency? learn more here <url> <hashtag> watersafety <user>,19,107,1,1,1,0,1,0.07894736842105263,0,0,0
i liked a <user> video <url> kalle mattson avalanche official video,11,67,0,1,1,0,0,0.14130434782608695,0,0,0
<hashtag> usnwsgov severe weather statement issued august <num> at <num> <num> pm edt by nws the severe thunderstorm warning <url>,20,130,1,0,1,0,0,0.34558823529411764,0,0,1
stretcher in <num> min speaker deck <url>,7,41,0,0,1,0,0,0.12280701754385964,0,0,0
if i m also not mistaken we re sitting right next <num> a nuclear reactor not smart when we have a cataclysmic event amp that reator melts down,28,143,0,0,0,0,0,0.02097902097902098,0,0,1
expert prepper financial collapse natural disaster failed grid <url> <url>,10,74,0,0,2,0,0,0.1875,0,1,1
<user> probably we are inundated with them most years!,9,54,0,1,0,1,0,0.06896551724137931,0,0,0
ignition knock detonation sensor senso fits <num> <num> bmw <num> ci <num> <num> l l <num> <url> <url>,18,102,0,0,2,0,0,0.17391304347826086,0,0,1
<user> <user> im jokin still cant be on moves,9,45,0,2,0,0,0,0.017857142857142856,0,0,0
the apocalypse is upon us,5,25,0,0,0,0,0,0.0,0,0,0
<user> i guess that s ok for armenians since we ve spent most of our history getting annihilated,18,96,0,1,0,0,0,0.018867924528301886,0,0,1
cnn news august <num> <num> two trains derailed amid floods video for india august flooding <num> video youtube? <url>,19,118,0,0,1,0,1,0.09558823529411764,0,0,1
<user> hey!sundowns were annihilated in their previous meeting with celtic indeed its an improvement,14,100,0,1,0,1,0,0.03636363636363636,0,0,0
self destruction mode! ?? <url>,5,31,0,0,1,1,4,0.09803921568627451,0,0,0
<user> <user> the removal of all traces of something obliteration,10,65,0,2,0,0,0,0.0,0,0,0
does renovation mean obliteration? <url> <hashtag> entrepreneur <hashtag> management <hashtag> leadership <hashtag> smallbiz <hashtag> startup <hashtag> business,17,161,6,0,1,0,1,0.056451612903225805,0,0,0
faan orders evacuation of abandoned aircraft at mma faan noted that the action had become neces <url> via <user>,19,112,0,1,1,0,0,0.11029411764705882,0,1,1
earthquake drill atm,3,20,0,0,0,0,0,0.0,0,1,1
jax issues hazardous weather outlook hwo <url>,7,46,0,0,1,0,0,0.23076923076923078,0,0,0
vampiro going through the table of flames <hashtag> ultimalucha <hashtag> luchaunderground <user> <url>,13,103,2,1,1,0,0,0.09174311926605505,0,0,0
tension in bayelsa as patience jonathan plans to hijack apc pdp <url>,12,69,0,0,1,0,0,0.22727272727272727,0,0,1
reddit <url> lightning sparks new fires in boise national forest r stormcoming,12,78,0,0,1,0,0,0.12371134020618557,0,0,1
my sis can now sit on a cam w o panicking <url>,12,47,0,0,1,0,0,0.06153846153846154,0,0,0
radioactive box quarantined israel s ashdod port was evacuated when emergency teams discovered radiation emittin <url>,16,118,0,0,1,0,0,0.06338028169014084,0,0,1
<user> suicide bomber targets saudi mosque at least <num> dead suicide bomber targets saudi mosque at least <num> dead this is ridiculous,22,137,0,1,0,0,0,0.050724637681159424,0,1,1
<user> <user> <user> <user> <user> <user> <user> no panic from <hashtag> natsnation but concern for sure,16,104,1,7,0,0,0,0.06521739130434782,0,0,0
it was finally demolished in the spring of <num> and the property has sat vacant since the just saddlebrooke <url>,20,114,0,0,1,0,0,0.028985507246376812,0,0,0
<url> risk assessment and optimization for routing hazardous waste collection <hashtag> sustainable environmental,13,113,1,0,1,0,0,0.09917355371900827,0,0,0
matako milk breaking news! unconfirmed! i just heard a loud bang nearby in what appears to be a blast of wind from my neighbour s ass,26,133,0,0,0,2,0,0.022058823529411766,0,0,0
the bush fires in ca are so crazy,8,33,0,0,0,0,0,0.12121212121212122,0,0,1
deaths <num> <url>,3,18,0,0,1,0,0,0.1935483870967742,0,0,0
okay not sure the word mass murder applies during this war but it was horrendous none the less <url>,19,100,0,0,1,0,0,0.04132231404958678,0,0,1
oh and fuck bill clinton for bombing us and fuck nato,11,53,0,0,0,0,0,0.12962962962962962,0,0,0
this just married turkish couple gave <num> syrian refugees an incredible gift <hashtag> washingtonpost <url>,15,109,1,0,1,0,0,0.06896551724137931,0,0,1
wtf thomas edison after making the lightbulb used to electrocute animals to make everyone think teslas power was unsafe?? wank,20,126,0,0,0,0,4,0.03125,0,0,0
ya boy clip vs <num> kus full battle <user> <user> <user> <user> <user> <user> <url>,15,84,0,6,1,0,0,0.3082706766917293,0,0,0
all injuries pre foster floyd those will be covered next week <url>,12,67,0,0,1,0,0,0.12643678160919541,0,0,0
flood advisory in effect for shelby county in al until <num> pm <hashtag> alwx <url>,15,84,1,0,1,0,0,0.13636363636363635,0,1,1
<hashtag> breaking firefighters battling blaze at east cary condo building <url>,11,80,1,0,1,0,0,0.056818181818181816,0,0,1
<user> returns her relax you know i always return her so no need to panic i just gave her some of those corn flakes p,25,117,0,1,0,0,0,0.03816793893129771,0,0,0
it s even worse than it looks how the american constitutional system collided with the new politic <url>,18,104,0,0,1,0,0,0.136,0,0,0
we re <hashtag> hiring! read about our latest <hashtag> job opening here emergency department psychiatric rn <num> fte day <url>,20,128,2,0,1,1,0,0.12307692307692308,0,0,0
it s getting to be hazardous getting into this world alive <url>,12,64,0,0,1,0,0,0.07228915662650602,0,0,1
why is there an ambulance right outside my work,9,47,0,0,0,0,0,0.02127659574468085,0,0,0
screaming in <num> different languages <url>,6,44,0,0,1,0,0,0.603448275862069,0,0,0
please allow me to reiterate it s not the weapon it s the mindset of the individual! <hashtag> professional <hashtag> help! legion! <url>,23,137,2,0,1,3,0,0.08695652173913043,0,0,1
<user> lucio!! let s get the <hashtag> overwatch hype train rolling some more!! caution though there aren t any breaks,20,118,1,1,0,4,0,0.02564102564102564,1,0,0
oh yeah my ipod almost exploded last night i was using it while charging and shit was sparking akxbskdn almost died,21,115,0,0,0,0,0,0.0,0,0,1
contemplating going to chilis just to get a molten lava cake ??,12,63,0,0,0,0,2,0.0,0,0,0
this thunder is beautiful,4,25,0,0,0,0,0,0.04,0,0,0
i always felt like the namekians were black people and felt played when they died and the planet got destroyed ??,21,113,0,0,0,0,2,0.017699115044247787,0,0,0
watching the desolation of smaug in spanish is a hell of a drug,13,63,0,0,0,0,0,0.07692307692307693,0,0,0
people who try to j walk while an ambulance is passing i hate you,14,65,0,0,0,0,0,0.028985507246376812,0,0,0
<user> <user> im just devastated that when it ends i will no longer see tyler blackburns face on pll xx,20,103,0,2,0,0,0,0.017699115044247787,0,0,0
a pyrotechnic artwork by cai guo qiang explodes into a blossom on the steps of the philadelphia <url>,18,101,0,0,1,0,0,0.12396694214876033,0,0,1
<hashtag> naturaldisasters as california fires rage the forest service sounds the alarm about rising wildfire costs <url>,17,121,1,0,1,0,0,0.07971014492753623,0,0,1
rly tragedy in mp some live to recount horror when i saw coaches of my train plunging into water i called my <url>,23,114,0,0,1,0,0,0.08633093525179857,0,0,1
california s burning gov on drought wildfires <url>,8,51,0,0,1,0,0,0.125,0,0,1
some days i drown in my tears but i don t let it get me down,16,60,0,0,0,0,0,0.05,0,0,0
i liked a <user> video <url> darude sandstorm,8,45,0,1,1,0,0,0.15151515151515152,0,0,0
haunting memories drawn by survivors <url>,6,42,0,0,1,0,0,0.1016949152542373,0,0,1
<user> controlled murder is fine mass murder to a crowd of undeserving people isn t case closed,17,95,0,1,0,0,0,0.0,0,0,1
if you think going to demolish drake s house over some ghostwriting shit you should know that rihanna lives next door,21,117,0,0,0,0,0,0.025423728813559324,0,0,1
<url> its the best time of day!! <user> is <hashtag> liveonstreamate!,11,69,1,1,1,3,0,0.06976744186046512,1,0,0
<user> he was injured he is a pro bowl back,10,43,0,1,0,0,0,0.041666666666666664,0,1,0
wreck? wreck wreck wreck wreck wreck wreck wreck wreck wreck wreck wreck wreck?,13,79,0,0,0,0,2,0.0,0,0,0
episcopal priests on road trip with interracial family shares harrowing story of police harassment <url> via <user>,17,115,0,1,1,0,0,0.05185185185185185,0,0,0
new york a whirlwind day of activities in new york breakfast at the millennium hotel united nations plaza lunch <url>,20,117,0,0,1,0,0,0.15,0,0,0
there might be casualties tomorrow,5,34,0,0,0,0,0,0.029411764705882353,0,0,1
a memorial to the millions who perished in the holodomor has been erected in the u s capital <url> <url>,20,104,0,0,2,0,0,0.12142857142857143,0,0,1
i reject the laws of the misguided false prophets imprison nations fueling self annihilation,14,92,0,0,0,0,0,0.010869565217391304,0,0,0
i hear the mumbling i hear the cackling i got em scared shook panicking,14,71,0,0,0,0,0,0.014084507042253521,0,0,0
i <num> mile marker <num> south mooresville iredell vehicle accident ramp closed at <num> <num> <num> <num> pm,18,110,0,0,0,0,0,0.13333333333333333,0,0,1
ahh forgot my headphones how am i supposed to survive a day without music ayhhdjjfjrjjrdjjeks,15,93,0,0,0,0,0,0.2708333333333333,0,0,0
stats <url>,2,11,0,0,1,0,0,0.10714285714285714,0,0,0
president barack obama has on air meltdown over opposition to iran nuclear deal <url> via <user>,16,96,0,1,1,0,0,0.058823529411764705,0,0,1
<user> <user> isis are orchs but they don t have the ability to massacre civilians far from the frontlines like the tyrant,22,122,0,2,0,0,0,0.08148148148148149,0,0,1
reality training train falls off elevated tracks during windstorm <url> <hashtag> fire <hashtag> ems,14,100,2,0,1,0,0,0.08,0,1,1
we have overrun a natural disaster survival server!,8,51,0,0,0,1,0,0.0784313725490196,0,0,1
i keep sneezing either someone placed a southern dust storm in my house or someone talkin smack,17,95,0,0,0,0,0,0.010526315789473684,0,0,0
alleged driver in <hashtag> kuwait attack joined daesh just a day before the june <num> suicide bombing he confesses in court <url>,22,131,1,0,1,0,0,0.057971014492753624,0,0,1
another day has passed and thankfully central command has confirmed no new casualties please pray for those in <url>,19,116,0,0,1,0,0,0.2116788321167883,0,0,1
<user> oohshit oohshit screams hell i love,7,42,0,1,0,0,0,0.5714285714285714,0,0,0
<user> <user> focus on me is going to obliterate careers tea,11,60,0,2,0,0,0,0.039473684210526314,0,0,0
<user> hey it s happing again any trouble shooting steps for when this happens?,14,79,0,1,0,0,1,0.011494252873563218,0,0,0
<num> killed in s arabia mosque suicide bombing a suicide bomber attacked a mosque in aseer south western saudi <url>,20,117,0,0,1,0,0,0.08029197080291971,0,0,1
if i survive i ll see you tomorrow,8,34,0,0,0,0,0,0.08823529411764706,0,0,0
be ember aware! <url>,4,21,0,0,1,1,0,0.15789473684210525,0,0,1
<hashtag> denver co <hashtag> insurance <hashtag> job claims property field adjuster catastrophe safeco usa at liberty mutual insurance <url>,19,141,3,0,1,0,0,0.16176470588235295,0,0,0
mind blown by <user> slithering viscous gold mine cover of yeah yeah yeahs erykah badu <url>,16,92,0,1,1,0,0,0.08943089430894309,0,0,0
<user> fireman ed runs into burning buildings while others are running out doug he deserves your respect??,17,106,0,1,0,0,6,0.042735042735042736,0,0,1
<num> year old boy charged with manslaughter of toddler report an <num> year old boy has been charged with manslaughter over the fatal sh,24,137,0,0,0,0,0,0.0661764705882353,0,0,1
<user> someone told me all the soccer moms are getting this pic blown up and put on their daughter s bedroom walls not!!,23,120,0,1,0,3,0,0.031496062992125984,1,0,0
save me from my self don t let me drown,10,39,0,0,0,0,0,0.023809523809523808,0,0,0
<hashtag> sing <hashtag> tsunami beginners <hashtag> computer tutorial <url> everyone wants to learn to build a pc re <url>,19,123,3,0,2,0,0,0.15037593984962405,0,0,0
i came up with an idea of a fragrance concept for a bath bomb called the blood of my enemies so you can say that s what you bathe in,30,132,0,0,0,0,0,0.03731343283582089,0,0,1
real people true stories real pain amp suffering <hashtag> displaced <hashtag> refugeesmatter <hashtag> syria <url>,15,115,3,0,1,0,0,0.11607142857142858,0,0,1
when you lowkey already know you re gonna drown in school this year <url>,14,73,0,0,1,0,0,0.03225806451612903,0,0,0
join the providence health amp services team! see our latest <hashtag> nursing <hashtag> job opening here <url> <hashtag> torrance ca <hashtag> hiring,22,150,4,0,1,1,0,0.09701492537313433,0,0,0
abc onlinemh <num> aircraft debris found on la reunion is from missing malaysia airlines abc onlinea piece of aircraft debris which,21,131,0,0,0,0,0,0.11764705882352941,0,0,1
railway minister prabhu calls mp derailment a natural calamity <url>,10,68,0,0,1,0,0,0.11764705882352941,0,0,1
ancient mayan tablet found via <url> <url> <url> <url>,9,54,0,0,4,0,0,0.1557377049180328,0,0,0
<hashtag> nosurrender results full metal mayhem world title match bully ray taken out a career comes to an end and more! <url>,22,126,1,0,1,1,0,0.18518518518518517,0,0,0
<hashtag> kca <hashtag> votejkt <num> id <num> news update a family of <num> has been displaced after fired damaged housed near <num> th and osborn fire extinguished no i,29,170,2,0,0,0,0,0.1347517730496454,0,1,1
drunk meals <num> what to cook when you re totally obliterated <url>,12,68,0,0,1,0,0,0.15476190476190477,0,0,0
police officer wounded suspect dead after exchanging shots richmond police officer wounded suspect killed a <url>,16,113,0,0,1,0,0,0.11194029850746269,0,1,1
does the opening scene of harry potter and the order of the phoenix remind anyone else of the movie twister? just me? okay,23,122,0,0,0,0,2,0.06557377049180328,0,0,0
<user> we can t because a sinkhole swallowed every taco place in the neighborhood,14,81,0,1,0,0,0,0.03409090909090909,0,0,0
last time i checked lots of injuries over the course of time injury prone <user> am i wrong?,18,92,0,1,0,0,1,0.056074766355140186,0,0,0
<user> some old testimony of weapons used to promote conflicts tactics corruption amp infiltration of groups <url>,17,114,0,1,1,0,0,0.041666666666666664,0,0,0
<user> <user> <user> <user> it was hella crazy <num> fights an ambulance and a couple mosh pits ??,18,98,0,4,0,0,2,0.11290322580645161,0,0,1
army veteran fears loose rocks from dundee landslide could kill him at any moment he has faced a hail of bullets <url>,22,118,0,0,1,0,0,0.04316546762589928,0,0,1
<hashtag> np metallica damage inc,5,33,1,0,0,0,0,0.19230769230769232,0,0,0
ebay snipe rt? <url> lego power miners set <num> thunder driller boxed ?please favorite amp share,16,97,0,0,1,0,2,0.14655172413793102,0,0,0
stemming from my <hashtag> cubs talk the team rosters <num> cancer survivors in <user> amp <user> <user> fans help another <url>,21,128,1,3,1,0,0,0.08333333333333333,0,0,1
annihilated in damascus syrian army grinds alloosh and his gang into the manure pile <url>,15,90,0,0,1,0,0,0.6576576576576577,0,0,1
<user> <user> seems gov moonbeam between tokes blames bush for all the fires,13,76,0,2,0,0,0,0.023529411764705882,0,0,1
m <num> <num> <num> <num> utc ? <num> km s of volcano hawaii <url>,14,66,0,0,1,0,1,0.15384615384615385,0,0,1
<user> <num> <num> cases of voter fraud a year we need new laws! <num> gun deaths a day who actually follows laws amirite? <hashtag> vra <num>,26,142,1,1,0,1,1,0.38636363636363635,0,0,1
secrets up avalanche catechize inner self for the confidential communication as respects creating worth in len,16,110,0,0,0,0,0,0.008771929824561403,0,0,0
being able to stay out of work this week to take online courses for the property and casualty state <url>,20,105,0,0,1,0,0,0.07142857142857142,0,0,0
<user> thank you! drove by the mayhem how scary! stacy,10,54,0,1,0,2,0,0.14516129032258066,0,0,0
severe weather and a rare hailstorm pummel boston <url>,9,55,0,0,1,0,0,0.08108108108108109,0,0,1
ohh no fukurodani didn t survive the apocalypse bokuto feels horrible my poor boy my ppor child,17,95,0,0,0,0,0,0.59375,0,0,1
petition to remaster fatal frame <num> with a windwaker style selfie mode,12,73,0,0,0,0,0,0.057971014492753624,0,0,0
survivors of shanghai ghetto reunite after <num> years <url> <hashtag> shanghai <hashtag> china ??,14,98,3,0,1,0,2,0.09278350515463918,0,0,0
halsey and troye collab would be bomb,7,37,0,0,0,0,0,0.8378378378378378,0,0,0
why did god order obliteration of ancient canaanites? <url> via <user>,11,70,0,1,1,0,1,0.06315789473684211,0,0,0
<num> year old boy charged with manslaughter of toddler report an <num> year old boy has been charged with manslaughter over the fatal sh,24,137,0,0,0,0,0,0.0661764705882353,0,0,1
bleachers entire set has been one big game of the stage is lava <url>,14,69,0,0,1,0,0,0.12643678160919541,0,0,0
update m e confirms <num> women pulled from burning house died last friday <num> yr old edna jefferson amp doris sherfield <num> <url>,23,134,0,0,1,0,0,0.11888111888111888,0,0,1
businesses are deluged with invoices make yours stand out with colour or shape and it s likely to ris togthe top of the pay pile,25,128,0,0,0,0,0,0.015151515151515152,0,0,0
broadcast journalism hostages to fortune otherwise quot television blind else quot operations since <num> g superv,16,114,0,0,0,0,0,0.008849557522123894,0,0,0
sweetpea s are running riot at the allotment and brightening up a rainy day <url>,15,81,0,0,1,0,0,0.07,0,0,1
<user> <user> thousands of people were displaced injured killed but hey now there s more opportunity for different restaurants!,19,127,0,2,0,1,0,0.05263157894736842,0,1,1
en tension in bayelsa as patience jonathan plans to hijack apc pdp <url> <url>,14,78,0,0,2,0,0,0.19491525423728814,0,0,1
the president spoke of kennedy s diplomacy to avert nuclear disaster during the cold war to bolster his own pitch for congress approval,23,135,0,0,0,0,0,0.03676470588235294,0,0,1
india floods derail two trains killing <num> people <url>,9,57,0,0,1,0,0,0.06944444444444445,0,0,1
meet the man who survived both hiroshima and nagasaki <url> <url>,11,65,0,0,2,0,0,0.13131313131313133,0,0,1
<user> i got this cute lil cliff you can fall off of??,12,54,0,1,0,0,2,0.1,0,0,0
<user> that s always good for a pretty explosion,9,48,0,1,0,0,0,0.05172413793103448,0,1,1
brunette beauty night a stretches out on a victorian sofa <url> view and download video,15,87,0,0,1,0,0,0.04807692307692308,0,0,0
<user> <user> my dell tablet screams with win <num>,9,51,0,2,0,0,0,0.0625,0,0,0
updated to windows <num> now i get this error <url>,10,51,0,0,1,0,0,0.13846153846153847,0,0,0
<hashtag> metro still doesn t know when blue amp orange lines will reopen empty passenger car derailed <num> a m not a new <num> series <user> <hashtag> wmata,28,158,2,1,0,0,0,0.09859154929577464,0,0,1
i had <num> regular coffees and a rockstar coffee today and i m still tired,15,75,0,0,0,0,0,0.04054054054054054,0,0,0
<user> you stay in houston?,5,27,0,1,0,0,1,0.06060606060606061,0,0,0
sioux city fire officials believe bridge collapse lead to cement truck roll over siouxland matters siouxlan <url>,17,113,0,0,1,0,0,0.15441176470588236,0,1,1
excited for cyclone football <url>,5,34,0,0,1,0,0,0.11538461538461539,0,0,0
<user> i don t throw the word hero around lightly usually reserved for first responders and military but he s a hero,22,116,0,1,0,0,0,0.03225806451612903,0,0,0
how did i miss that gary busey s son plays dixie on his electronic green fiddle during the post battle celebration sequence,22,123,0,0,0,0,0,0.06504065040650407,0,0,0
from recycling to only using non hazardous chemicals holland <num> continually strives to maintain an eco friendly existence,18,124,0,0,0,0,0,0.016129032258064516,0,0,1
police officer wounded suspect dead after exchanging shots <url>,9,64,0,0,1,0,0,0.16049382716049382,0,1,1
granted like half my town floods when it rains but still whatever,12,65,0,0,0,0,0,0.015384615384615385,0,0,1
bomb crash loot riot emergency pipe bomb nuclear chemical spill gas ricin leak violence drugs cartel cocaine marijuana heroine kidnap bust,21,138,0,0,0,0,0,0.15217391304347827,0,0,1
the harder the conflict the more glorious the triumph thomas paine,11,66,0,0,0,0,0,0.043478260869565216,0,0,0
ignition knock detonation sensor connector connecto motorcraft wpt <num> <url> <url>,11,84,0,0,2,0,0,0.22033898305084745,0,0,0
<url> <user> <user> katherine s death,6,37,0,2,1,0,0,0.14285714285714285,0,0,0
rt naayf first accident in years turning onto chandanee magu from near mma taxi rammed into me while i was halfway turned everyone conf,24,135,0,0,0,0,0,0.1056338028169014,0,0,1
<num> <num> of the deaths in red light running crashes are pedestrians bicyclists amp other vehicle occupants that are hit by the red light runners,25,147,0,0,0,0,0,0.0,0,0,1
my lifelong all time favorite song is landslide this song has gotten me through a lot of though times amp <url>,21,111,0,0,1,0,0,0.06569343065693431,0,0,0
pandemonium in aba as woman delivers baby without face photos <url>,11,67,0,0,1,0,0,0.11363636363636363,0,0,1
may allah help all those suffering from the <hashtag> pakistan floods! you and your families are in our <hashtag> dua,20,117,2,0,0,1,0,0.050505050505050504,0,0,1
<user> <user> <user> <user> and of course you don t have to melt the steel in order to cause structural failure,21,111,0,4,0,0,0,0.030303030303030304,0,0,0
sammy and todd always to the rescue may not be in uniform but still to the rescue lmao forever kfc fam,21,102,0,0,0,0,0,0.04807692307692308,0,0,0
lol <user> cousin <user> coursing <user> now they are causing di maria lol,13,74,0,3,0,0,0,0.16,0,0,0
cleared incident with injury i <num> inner loop exit <num> md <num> georgia ave silver spring,16,93,0,0,0,0,0,0.17045454545454544,0,0,0
when high fashion and food collide gucci has chosen one of shanghai s most popular commercial avenue <url> <hashtag> fashion,20,124,1,0,1,0,0,0.06521739130434782,0,0,0
<user> <num> speed nexus shifter <num> ! for community cargo bike? <url>,12,72,0,1,1,1,1,0.043010752688172046,0,0,0
dc i love you but please obliterate power girl,9,46,0,0,0,0,0,0.043478260869565216,0,0,0
a change in the state fire code prohibits grills on decks at condos and apartment buildings check with your <url>,20,113,0,0,1,0,0,0.06666666666666667,0,1,0
so i had my phone charging and lightening struck in my backyard and i was holding my phone and it electrocuted my hand?? hurts so bad man??,27,139,0,0,0,0,6,0.02127659574468085,0,0,0
you may know me from such roles as terrorist <hashtag> <num> <url>,12,66,1,0,1,0,0,0.17142857142857143,0,0,0
i don t think i ve forgiven angelina jolie yet sef??,11,52,0,0,0,0,4,0.07407407407407407,0,0,0
if locke has to pitch in the playoffs it s not a disaster but they should absolutely positively never let him pitch the sixth inning,25,132,0,0,0,0,0,0.015037593984962405,0,0,0
<user> <user> <user> you re a lot safer that way yeah a lot more stable amp if i get in trouble i have a seat right there,27,121,0,3,0,0,0,0.07482993197278912,0,0,0
<user> the average gop voter would go to a big tent circus in a hailstorm windstorm no?,17,87,0,1,0,0,1,0.042105263157894736,0,0,0
rip mama but i m still thuggin cause the world is a war zone,14,60,0,0,0,0,0,0.03333333333333333,0,0,0
please stand up for bees against profit hungry chemical companies keep the ban amp <hashtag> savebees sign the petition now <url>,21,129,1,0,1,0,0,0.055944055944055944,0,0,0
pic of <num> yr old pkk suicide bomber who detonated bomb in turkey army trench released <url>,17,94,0,0,1,0,0,0.11214953271028037,0,0,1
to fight bioterrorism sir,4,25,0,0,0,0,0,0.038461538461538464,0,0,1
we just happened to get on the same road right behind the buses i m dead serious,17,80,0,0,0,0,0,0.025,0,1,0
refugio oil spill may have been costlier bigger than projected <url>,11,68,0,0,1,0,0,0.047058823529411764,0,0,1
investigators have said a virgin galactic spaceship crash was caused by structural failure after the co pilot unlocked a braking system,21,135,0,0,0,0,0,0.022222222222222223,0,0,1
this machine really captured my attention <hashtag> helicopter <hashtag> firefighting <hashtag> wildfire <hashtag> oregon <hashtag> easternoregon <url>,17,151,5,0,1,0,0,0.046875,0,0,1
<user> <user> i skimmed through twitter and missed this body bagging,11,68,0,2,0,0,0,0.03488372093023256,0,0,0
<user> i played online last night and got my ass obliterated,11,60,0,1,0,0,0,0.0,0,0,0
u s in record hurricane drought <url>,7,37,0,0,1,0,0,0.12727272727272726,0,0,1
papi absolutely crushed that ball,5,33,0,0,0,0,0,0.030303030303030304,0,0,0
minecraft night lucky block mod bob apocalypse wither <num> <num> amp more! mod showcase popularmmos <url> via <user>,18,117,0,1,1,1,0,0.39552238805970147,0,0,0
wo pic of <num> yr old pkk suicide bomber who detonated bomb in turkey army trench released <url>,18,97,0,0,1,0,0,0.06837606837606838,0,0,1
so my band buildings on fire are playing <user> <user> this wednesday with <user> <url> <hashtag> rdg,17,101,1,3,1,0,0,0.19424460431654678,0,1,0
<user> ahh you re bomb baby ??,7,30,0,1,0,0,2,0.0,0,0,0
slow clap for this pilot dramatic video shows plane landing during violent storm <url>,14,86,0,0,1,0,0,0.14423076923076922,0,0,1
yeah tonight i ride the lightning to my final resting place ??,12,62,0,0,0,0,6,0.030303030303030304,0,0,0
richard returns after whirlwind few days <url> <hashtag> mlb,9,60,1,0,1,0,0,0.14705882352941177,0,0,1
yet another company trying to censor the internet reddit has started to quarantine their content <url> <hashtag> cc,18,115,1,0,1,0,0,0.04,0,0,0
sure i just burned about <num> calories after eating a giant bowl of mac and cheese so i totally earned this <num> calorie klondike bar,25,135,0,0,0,0,0,0.03787878787878788,0,0,0
<user> i m devastated,4,21,0,1,0,0,0,0.08,0,0,0
the witches of the glass castle supernatural ya where sibling rivalry magic and love collide <hashtag> wogc <hashtag> kindle <url>,20,130,2,0,1,0,0,0.09230769230769231,0,0,0
new post people are finally panicking about cable tv <url>,10,58,0,0,1,0,0,0.08974358974358974,0,0,0
for some reason knocking on someone s door at <num> am in a snowstorm while wearing footed pajamas is not the best way to get into their bathroom,28,145,0,0,0,0,0,0.007142857142857143,0,0,0
<hashtag> lukebox something about first responders military they are our true hero s!! besides your music,16,105,1,0,0,2,0,0.041237113402061855,1,0,0
sound judgement by mpc premature rises could derail recovery <hashtag> business <url>,12,85,1,0,1,0,0,0.08421052631578947,0,0,1
crack in the path where i wiped out this morning during beach run surface wounds on left elbow and right knee <url>,22,115,0,0,1,0,0,0.03731343283582089,0,0,0
photo failure in structural integrity affects us all whether it is a barn raised upon a faulty concrete <url>,19,109,0,0,1,0,0,0.061068702290076333,0,0,0
a cessna airplane accident in ocampo coahuila mexico on july <num> <num> killed four men including a state of coahuila government official,22,138,0,0,0,0,0,0.05925925925925926,0,0,1
the sign up is open for the falling for danger release day blast and review tour sign up here <url>,20,99,0,0,1,0,0,0.1652892561983471,0,0,1
cat of nine irons xii this nightmarishly brutal weapon is used in ritualistic country club de <url> <url>,18,105,0,0,2,0,0,0.11428571428571428,0,0,1
<user> and he s the current nova in the bookslast i checked he was tied into the books in <num> after rider died during annihilation,25,132,0,1,0,0,0,0.04316546762589928,0,0,0
<user> gm! i pray any attack of the enemy <num> derail ur destiny is blocked by the lord amp that he floods ur life w heavenly blessings,27,136,0,1,0,1,0,0.06338028169014084,0,0,0
bbc news india rail crash trains derail in madhya pradesh flash flood <url>,13,75,0,0,1,0,0,0.12631578947368421,0,1,1
on thursday at <num> <num> we updated our <hashtag> kml of <num> d and <num> d <hashtag> seismic exploration vessels <hashtag> offshore <hashtag> oil <url>,25,155,4,0,1,0,0,0.05785123966942149,0,0,0
u s national park services tonto national forest stop the annihilation of the salt river wild horse <url> via <user>,20,116,0,1,1,0,0,0.12949640287769784,0,0,1
but right now you re only annoyed by them if you actually hung out with them you d see that they mean no harm <user>,25,116,0,1,0,0,0,0.031007751937984496,0,0,0
<user> my jealous tears are burning with the fire of a thousand ransacked buildings so awesomee,16,95,0,1,0,0,0,0.2,0,1,1
railways caught unawares by mp tragedy accident spot never marked as vulnerable <url>,13,85,0,0,1,0,0,0.08256880733944955,0,0,1
womem crush wednesday ?? <user>,5,31,0,1,0,0,18,0.05660377358490566,0,0,0
<user> it d be so bomb if u guys won ??,11,39,0,1,0,0,2,0.02040816326530612,0,0,0
<user> who had a car crashsterling!who was driving in the carmel or joeysterling knight??,14,89,0,1,0,1,7,0.07692307692307693,0,0,0
beautiful sweet avalanche faith and akito roses with lots of frothy gyp <url> <hashtag> weddinghour <url>,16,105,1,0,2,0,0,0.10687022900763359,0,0,0
memphis always floods,3,21,0,0,0,0,0,0.047619047619047616,0,0,1
newlyweds feed thousands of syrian refugees instead of hosting a banquet wedding dinner <url> <hashtag> age <hashtag> news,18,122,2,0,1,0,0,0.04132231404958678,0,0,0
and when those waves shall ripple collide it s on the tide of your love i will survive <hashtag> love <user>,21,108,1,1,0,0,0,0.10909090909090909,0,0,0
cross border terrorism pakistan caught red handed again <url>,9,61,0,0,1,0,0,0.0759493670886076,0,0,1
maj muzzamil pilot offr of mi <num> crashed near mansehra today may almighty give strength to family to bear the loss <url>,22,123,0,0,1,0,0,0.09420289855072464,0,0,1
whelen model <num> ss <num> siren amplifier police emergency vehicle full read by ebay <url> <url>,16,98,0,0,2,0,0,0.4728682170542636,0,0,0
i have an unexplainable desire to watch the rescuers <hashtag> childhooddefined,11,79,1,0,0,0,0,0.04225352112676056,0,0,0
u know the music good when you hear the siren and you get chills,14,64,0,0,0,0,0,0.0,0,0,0
udhampur terror attack nia takes over probe pakistani terrorist quizzed pak denies link <url> <hashtag> elections <hashtag> achedin,18,131,3,0,1,0,0,0.09352517985611511,0,0,1
<user> pets r like part of the family i love animals ?? the last <num> pets i had i rescued! breaks my heart when animals are mistreated??,27,138,0,1,0,1,7,0.04895104895104895,0,0,0
more homes razed by northern calif wildfire <url> <hashtag> sandiego <url>,11,74,1,0,2,0,0,0.09,0,0,1
criminals who hijack lorries and buses arrested in enugu photo <url>,11,68,0,0,1,0,0,0.21839080459770116,0,0,1
check out ameribag healthy back bag shoulder cross body backpack khaki tan beige nylon <url> <user>,16,99,0,1,1,0,0,0.14782608695652175,0,0,0
this why bsf jawans died fidayeen has aks and they bloody <hashtag> insas! insas rifles not to blame for soldiers deaths mod <url>,23,130,1,0,1,1,0,0.17985611510791366,0,0,1
map typhoon soudelor s predicted path as it approaches taiwan expected to make landfall over southern china by <url>,19,116,0,0,1,0,0,0.06521739130434782,0,0,1
<user> this is sabrina my dad rescued her from some dude who kept her in a cage we ve had her since i was <num> <url>,26,117,0,1,1,0,0,0.058823529411764705,0,0,1
<user> there isn t anything there its desolate bc of its nature the significance is that we were the first country to do it,24,123,0,1,0,0,0,0.03007518796992481,0,0,0
<hashtag> science now that a piece of wreckage from flight mh <num> has been confirmed on r union island is it possible t <url>,24,127,1,0,1,0,0,0.051094890510948905,0,0,1
<user> <hashtag> infosec rather you knew it or not your a firefighter now days you often run into burning buildings deal with it,23,128,1,1,0,0,0,0.007751937984496124,0,0,0
<user> <user> possibly he s had injuries on both ankles though <num> one worse but regardless both,17,98,0,2,0,0,0,0.06306306306306306,0,0,0
<user> <user> or pay it for a photo safari no weapons allowed otherwise they just like to kill something,19,104,0,2,0,0,0,0.032520325203252036,0,0,0
the murderous story of america s first hijacking <url>,9,54,0,0,1,0,0,0.1232876712328767,0,0,1
gunshot wound <hashtag> <num> is in the bicep the only one of the ten wounds that is not in the chest torso area <hashtag> kerricktrial <hashtag> jonathanferrell,27,161,3,0,0,0,0,0.045112781954887216,0,0,1
the latest more homes razed by northern california wildfire <url> <url>,11,71,0,0,2,0,0,0.16666666666666666,0,0,1
visting georgina at the drowned rat cafe awful view!! <url>,10,59,0,0,1,2,0,0.1375,1,0,1
<num> <num> <num> <user> <num> pm hazard in high traffic area at <num> deans bridge rd <url>,17,92,0,1,1,0,0,0.45652173913043476,0,0,1
cop pulls drunk driver to safety seconds before his car is hit by train <url> <url> via <user>,18,94,0,1,2,0,0,0.1323529411764706,0,0,1
<user> <user> good luck to the ?? tomorrow night get some coefficient points plz <user> ??,16,90,0,3,0,0,10,0.075,0,0,0
<user> grande twister!!,3,23,0,1,0,3,0,0.0,1,0,0
<user> he was like he was singing so loud,9,41,0,1,0,0,0,0.06896551724137931,0,0,0
new evacuation ordered for <num> homes in danger of hwy <num> fire near roosevelt wash <url> <hashtag> koin <num> news <url>,21,124,1,0,2,0,0,0.10869565217391304,0,1,1
seven chinese christians are detained amid widespread anger over cross demolition <url>,12,87,0,0,1,0,0,0.1346153846153846,0,0,1
<user> ight,2,11,0,1,0,0,0,0.1,0,0,0
breaking obama officials gave muslim terrorist the weapon used in texas attack <url>,13,84,0,0,1,0,0,0.23529411764705882,0,0,1
you will be held hostage by a radical group,9,43,0,0,0,0,0,0.022727272727272728,0,0,0
<user> a simple meltdown! areva have you ever seen an out of control kid?,14,73,0,1,0,1,1,0.07608695652173914,0,0,0
<user> rubber mudslide! still laughing!,5,39,0,1,0,2,0,0.1111111111111111,0,0,0
<user> i m not sure that covering my head in wounds and scabs is the solution,16,77,0,1,0,0,0,0.03260869565217391,0,0,0
tonight is being quite interesting a few minutes ago the fire system went off and we had to evacuate the building,21,113,0,0,0,0,0,0.017094017094017096,0,1,1
<user> <user> why would arsenal fans want that? west ham will be in a relegation battle this season no danger for <hashtag> afc on sun,25,134,1,2,0,0,1,0.08208955223880597,0,0,0
i can probably skip on these basic life maintenance things for a few days cut to burning buildings people screaming in the streets,23,130,0,0,0,0,0,0.007518796992481203,0,0,1
<user> i see that! crazy how this line blew up,10,46,0,1,0,1,0,0.0392156862745098,0,0,0
one direction is my pick for <url> fan army <hashtag> directioners <url> x <num>,14,80,1,0,2,0,0,0.1262135922330097,0,0,0
following a catastrophic injury acute medical care takes precedent ptsd often follows in it s wake undetected <url>,18,115,0,0,1,0,0,0.058394160583941604,0,0,1
putin s plan to destroy western food en masse is causing a huge public backlash <url>,16,85,0,0,1,0,0,0.049019607843137254,0,0,0
rather violent storm possibility of no stream tonight,8,53,0,0,0,0,0,0.03636363636363636,0,0,1
a back to school commercial came on and my sister had a meltdown ??,14,67,0,0,0,0,10,0.013157894736842105,0,0,0
for those that were interested in the gun powder art discussed at the end of introduction to theological aesthetic <url>,20,120,0,0,1,0,0,0.07194244604316546,0,0,0
<hashtag> biztip we recommend all businesses to get an alternative source of electricity <hashtag> solar wind and batteries have an emergency plan! now!,23,152,2,0,0,2,0,0.051470588235294115,0,0,1
<user> sorry for screaming at you and <user> from the car i just kinda i know those people let s yell!,21,102,0,2,0,1,0,0.23076923076923078,0,0,0
the catastrophic effects of hiroshima and nagasaki atomic bombings still being felt today <url>,14,95,0,0,1,0,0,0.13392857142857142,0,0,1
why do u ruin everything? <user> u ruined the sour cream and u put a brick of cheese in the freezer dummy,22,105,0,1,0,0,1,0.009174311926605505,0,0,0
<user> sir i just only wanted to make a point about <user> you made and said he is lying about bridge collapse,22,110,0,2,0,0,0,0.0,0,1,1
ted cruz fires back at jeb amp bush we lose because of republicans like jeb amp mitt video <url>,19,96,0,0,1,0,0,0.11811023622047244,0,0,0
<user> why only squad obliteration?,5,35,0,1,0,0,1,0.05555555555555555,0,0,1
<user> we could have had it aall i m not even on that season and i m devastated,18,79,0,1,0,0,0,0.30526315789473685,0,0,1
soul food sound so bomb right now,7,33,0,0,0,0,0,0.02857142857142857,0,0,0
<user> heavy rain and hail,5,26,0,1,0,0,0,0.09375,0,0,1
enter the world of extreme diving <num> stories up and into the volga river <url>,15,81,0,0,1,0,0,0.07142857142857142,0,0,0
seismic risk a comparison between <num> case studies calabria and malta <url>,12,77,0,0,1,0,0,0.44565217391304346,0,0,1
to fight bioterrorism sir,4,25,0,0,0,0,0,0.038461538461538464,0,0,0
<hashtag> foodscare <hashtag> offers <num> go <hashtag> nestleindia slips into loss after <hashtag> magginoodle <hashtag> ban unsafe and hazardous for <hashtag> humanconsumption,22,177,6,0,0,0,0,0.02564102564102564,0,0,1
<user> i agree with <user> to get out amp vote look at devastation <user> caused <hashtag> firstnations <hashtag> idlenomore <hashtag> cndpoli <hashtag> yyj,23,156,4,3,0,0,0,0.055944055944055944,0,0,1
i am not an american but i have family who have served in the military work in the emergency services and work in <url>,24,119,0,0,1,0,0,0.06474820143884892,0,0,1
flat out bomb by <user> <hashtag> whatcanthedo,7,46,1,1,0,0,0,0.06976744186046512,0,0,0
excited not only about the next <num> years of school and ensuing student debt but also catastrophic climate change in my lifetime d ??,24,135,0,0,0,0,2,0.014705882352941176,0,0,0
all i got in this world is my bros i don t wanna see no harm come they way ima lil upset right now ??,25,101,0,0,0,0,2,0.039603960396039604,0,0,0
deep crew to help with california wild fires <url> via <user>,11,61,0,1,1,0,0,0.09876543209876543,0,0,1
<user> <user> not to mention a major contributor to the annihilation of israel,13,78,0,2,0,0,0,0.04395604395604396,0,0,1
<num> years after atomic bombs japan still struggles with war past the anniversary of the devastation wrought b <url>,19,117,0,0,1,0,0,0.1037037037037037,0,0,1
first night with retainers in it s quite weird better get used to it i have to wear them every single night for the next year at least,28,134,0,0,0,0,0,0.028985507246376812,0,0,0
<hashtag> stormchase violent record breaking ef <num> el reno oklahoma tornado nearly runs over <url> <url>,16,107,1,0,2,0,0,0.16417910447761194,0,0,1
<hashtag> flashflood causes <hashtag> landslide in gilgit <hashtag> pakistan damage to <num> homes farmland roads and bridges <hashtag> <num> disasters <url>,21,157,4,0,1,0,0,0.06766917293233082,0,0,1
iembot hfo at <num> <num> am <num> nnw hana maui co hi county official reports coastal flood <url> <url>,19,104,1,0,2,0,0,0.32608695652173914,0,1,1
this weekend is me and nathan s birthday weekend so if you want to drown yourself in beer do reckless things and potentially die hmu,25,132,0,0,0,0,0,0.015151515151515152,0,0,0
good luck to everyone who has school soon but your sleeping schedule is wrecked beyond repair,16,93,0,0,0,0,0,0.0,0,0,0
anyone else think that stephen sounds like andy dick when he gets excited? the difference being i actually like stephen <hashtag> masterchef,22,140,1,0,0,0,1,0.06666666666666667,0,0,0
christian attacked by muslims at the temple mount after waving israeli flag via pamela geller <url>,16,99,0,0,1,0,0,0.11475409836065574,0,0,1
<user> everything must be ok because she s listening to sandstorm now,12,69,0,1,0,0,0,0.09876543209876543,0,0,0
see what happens with no battle of the block <user> !?! ?? finally,13,66,0,1,0,2,5,0.13333333333333333,0,0,0
turkish troops killed in kurdish militant suicide attack <url>,9,62,0,0,1,0,0,0.08641975308641975,0,0,1
remembering rebecca roga <num> of the philippines murdered by hamas terrorists in the suicide bombing of egged bus no <num>,20,123,0,0,0,0,0,0.058333333333333334,0,0,1
fear is my motivator,4,20,0,0,0,0,0,0.05,0,0,0
emotionally i am destroyed,4,26,0,0,0,0,0,0.07692307692307693,0,0,0
on town of salem i just melted ice cube bc im the arsonist d,14,60,0,0,0,0,0,0.01639344262295082,0,0,0
large explosion rocks aluminum plant in southeast missouri re naomi no logo <url>,13,81,0,0,1,0,0,0.12244897959183673,0,1,1
free ebay sniping rt? <url> chevrolet avalanche ltz lifted <num> x <num> truck ?please favorite amp share,17,105,0,0,1,0,2,0.16379310344827586,0,0,0
is stuart broad the prime minister yet best thing in sport i have seen for years that the aussies look devastated bless ??,23,122,0,0,0,0,6,0.08527131782945736,0,0,0
thinking about getting a demo car with a friend and joining the demolition derby in kenosha,16,91,0,0,0,0,0,0.01098901098901099,0,0,0
method in contemplation of incident an leading bridal landslide wiwnpfxa <url>,11,78,0,0,1,0,0,0.11458333333333333,0,0,1
<hashtag> boulder deputies are waiting for the bomb squad to detonate grenade like this one found in stearns lake today <url>,21,125,1,0,1,0,0,0.05263157894736842,0,0,1
fedex not willing to transport research specimens of potential bioterror pathogens in wake of anthrax lab mishaps <url>,18,119,0,0,1,0,0,0.051094890510948905,0,0,1
hero you can t swim lonely guy help me my solution is not yours lifeguard i hated killing people how destroyed it <url>,23,119,0,0,1,0,0,0.029197080291970802,0,0,0
dead space obliteration imminent <num> <num> <url> via <user>,9,61,0,1,1,0,0,0.15584415584415584,0,1,0
ted cruz bashes obama comparison gop to iranians shouting death to america <url> <hashtag> tcot,15,95,1,0,1,0,0,0.16822429906542055,0,0,1
i d still be team usagi even if she blew up the entire solar system by some airhead misstep,19,91,0,0,0,0,0,0.0,0,0,0
natural disaster news stories about natural disaster page <num> newser <url>,11,76,0,0,1,0,0,0.12371134020618557,0,0,1
world annihilation vs self transformation <url> aliens attack to exterminate humans <url>,12,89,0,0,2,0,0,0.0975609756097561,0,0,1
demi stans really think heart attack sold <num> <num> million copies ??,12,71,0,0,0,0,2,0.047619047619047616,0,0,0
now on wsls fire burns multiple buildings in <hashtag> montgomery co tips to make childcare less expensive amp rain join <user> <user>,22,134,1,2,0,0,0,0.09285714285714286,0,1,1
hi res doppler showing storm just ne of edmond is now severe with <num> <num> hail and <num> mph wind possible <hashtag> okwx <url>,24,131,1,0,1,0,0,0.07692307692307693,0,0,1
<user> your lost for words made me a new fan of yours fam crazy skills beyond blessed! keep blazing dude made love and respect!,24,127,0,1,0,2,0,0.06474820143884892,0,0,0
<user> he is dead,4,17,0,1,0,0,0,0.08333333333333333,0,1,0
someone mentions gansey on fire me busting through the brick walls of seven different buildings,15,95,0,0,0,0,0,0.0,0,1,1
hiroshima prepares to remember the day the bomb dropped <url>,10,61,0,0,1,0,0,0.11538461538461539,0,0,1
<user> then let the bagging body s begin lol ?? i ain t cuffed yet so it shouldn t be that bad!!,22,96,0,1,0,2,4,0.009615384615384616,1,0,0
weak but distinct rotation fully condenses near villa ridge mo today near mcv center a sub tornado? video <url>,19,111,0,0,1,0,1,0.09701492537313433,0,0,1
<user> for the people who died in human experiments by unit <num> of japanese military <url> <url>,17,98,0,1,2,0,0,0.11428571428571428,0,0,1
the first piece of wreckage from the first ever lost boeing <num> which vanished back in early march along with the <num> people on board has,26,141,0,0,0,0,0,0.021897810218978103,0,0,1
watch this airport get swallowed up by a sandstorm in under a minute <url>,14,74,0,0,1,0,0,0.17582417582417584,0,0,1
<hashtag> lakeeffect <hashtag> snowstorm twill denim jackets all my proceeds for items with this design will go <url>,18,117,2,0,1,0,0,0.3968253968253968,0,0,1
<user> do anything to fix that of the few people he had every trusted in his life charles was one of the casualties,23,115,0,1,0,0,0,0.03875968992248062,0,0,1
i keep it out down drown their insults out with what i feel is devote pride ten fold action with reprocussions set at birth retroactive,25,135,0,0,0,0,0,0.014705882352941176,0,0,0
i don t wanna touchdown just wanna make our worlds collide ??,12,61,0,0,0,0,2,0.015873015873015872,0,0,0
several wild fires have burned a lot of land in california here is one of the larger fires <url> <url>,20,102,0,0,2,0,0,0.07246376811594203,0,0,1
love how i don t get in any trouble for having people over and the house still being trashed,19,92,0,0,0,0,0,0.021739130434782608,0,0,0
the seven seas wreck of the giannis d sunk after hitting a submerged reef in the <url> <url>,18,92,0,0,2,0,0,0.13636363636363635,0,0,1
go look at grizzly peak right now it looks like the beginning of an dystopian apocalypse movie,17,94,0,0,0,0,0,0.28865979381443296,0,0,0
reasons brain twister oneself should discount redesigning yours website itrawcwb,10,80,0,0,0,0,0,0.07407407407407407,0,0,0
blog rain much needed as drought conditions worsen right now charlotte and much of the surrounding area have <url>,19,114,0,0,1,0,0,0.11029411764705882,0,0,1
first responders get int <user> free on saturday! details <url>,10,63,0,2,1,1,0,0.07608695652173914,0,0,0
bloody hell what a day i haven t even really done anything just tired of everything thought vaca would help but it only did so much,26,131,0,0,0,0,0,0.04285714285714286,0,0,0
breast milk is the original <hashtag> superfood but rates worldwide have stalled below <num> contributing to more than <num> child deaths last year,23,147,1,0,0,0,0,0.007246376811594203,0,0,0
omron hem <num> c automatic blood pressure monitor standard and large bp cuffs <url> <url>,15,90,0,0,2,0,0,0.33884297520661155,0,0,0
<hashtag> scseestapreparando light mag <num> <num> earthquake <num> km sw of khuzdar pakistan on wednes <url> via <user>,18,120,1,1,1,0,0,0.08888888888888889,0,1,1
beyonce is my pick for <url> fan army <hashtag> beyhive <url> <num>,12,67,1,0,2,0,0,0.10112359550561797,0,0,0
crushed a <num> mile run tonight awesome,7,40,0,0,0,0,0,0.0,0,0,0
another white mass murderer thank god i live in california <url>,11,64,0,0,1,0,0,0.12941176470588237,0,0,1
<hashtag> seattle s deadliest red light runner intersections revealed <url>,10,75,1,0,1,0,0,0.047619047619047616,0,0,1
<user> we enjoyed the show today great fun the emergency non evacuation was interesting have a great run,18,104,0,1,0,0,0,0.02702702702702703,0,1,0
does anyone know why <hashtag> murfreesboro <hashtag> walmart was evacuated this evening? <user>,13,96,2,1,0,0,1,0.0125,0,0,1
danger of union bears <url>,5,27,0,0,1,0,0,0.09090909090909091,0,0,0
whether you like it or not everything comes out of the dark be ready for that shit to explode ??,20,96,0,0,0,0,2,0.010416666666666666,0,0,0
heavy rain frequent thunder and gusty winds moving into parts of uptown and midtown <url> cn <url>,17,98,0,0,2,0,0,0.0962962962962963,0,0,1
rite now man a tlk widout nuh curfew long side aka cum fi steal di show itz a rubbery di whole a dem fi knw sound it music,28,122,0,0,0,0,0,0.023622047244094488,0,0,0
<user> look what shad forsythe has done in <num> year we won t have as many injuries as before we will inevitably have injuries like others,26,139,0,1,0,0,0,0.014492753623188406,0,0,0
news alerts glimpses hyderabad deluged by heavy rainfall,8,56,0,0,0,0,0,0.06779661016949153,0,0,1
thda kicks off anti blight loan effort in memphis <url> <url>,11,61,0,0,2,0,0,0.24210526315789474,0,0,0
child shoulder bags pvc shoulder book bag cartoon cross body bags for girls <url> <url>,15,87,0,0,2,0,0,0.17355371900826447,0,0,0
bulletproof and black like a funeral the world around us is burning but we re so cold <url>,18,91,0,0,1,0,0,0.02631578947368421,0,0,1
apollo brown detonate ft m o p <url> <url>,9,42,0,0,2,0,0,0.1686746987951807,0,0,0
mini lalaloopsy dolls seed sunburst june seashore sweater snowstorm autumn spice full re <url> <url>,15,100,0,0,2,0,0,0.1223021582733813,0,0,0
isn t it ironic that on the anniversary of hiroshima our current president is helping a terrorist nation acquire nuclear weapons <hashtag> traitor,23,146,1,0,0,0,0,0.07246376811594203,0,0,1
is inner man wayward on route to harm spent replacing online surveys? qzloremft,13,79,0,0,0,0,1,0.075,0,0,0
epa begins demolition of homes in toxic area <hashtag> buffalo <url>,11,68,1,0,1,0,0,0.1282051282051282,0,0,1
<user> <user> <user> <user> <user> ben favorited,7,48,0,5,0,0,0,0.08771929824561403,0,0,0
haley lu richardson fights for water in the last survivors review <url>,12,71,0,0,1,0,0,0.17777777777777778,0,0,0
new on ebay uk star wars storm trooper pop! vinyl bobble head figure pop funko <url> <url>,17,90,0,0,2,1,0,0.21774193548387097,0,0,0
boy <num> charged with manslaughter in shooting death of elijah walker the <num> year old appeared wednesday in a <url>,20,119,0,0,1,0,0,0.05223880597014925,0,0,1
<user> not upset with a rally upset with burning buildings businesses executing cops that have nothing to do with it etc,21,120,0,1,0,0,0,0.0,0,0,1
<user> is body bagging meek meanwhile he s on tour with nicki all hush hush he s put <num> diss tracks out and meek <num> but dude started it lol,30,145,0,1,0,0,0,0.014388489208633094,0,0,0
when there s trouble you know who to caall,9,42,0,0,0,0,0,0.021739130434782608,0,0,0
wftv eyewitness news tn school psychologist arrested in florida on child porn charges <url>,14,91,0,0,1,0,0,0.11009174311926606,0,0,0
<user> her upper arm those friggin icicle projectiles and leg from various other wounds the girl looks like a miniature more,21,124,0,1,0,0,0,0.0136986301369863,0,0,1
ahrar al sham in our negotiations with iran over al zabadani they wanted all sunnis evacuated out of al zabadani!,20,113,0,0,0,1,0,0.08771929824561403,0,0,0
and my fam had to evacuate bc we need power,10,43,0,0,0,0,0,0.7906976744186046,0,0,1
<user> amen today is the day of salvation thx brother mike for your great encouragement <url> coming us tsunami,19,111,0,1,1,0,0,0.10869565217391304,0,0,1
police officer wounded suspect dead after exchanging shots richmond va ap a richmond police officer wa <url>,17,108,0,0,1,0,0,0.13970588235294118,0,1,1
new illustration for the l a times <url> <hashtag> illustration <hashtag> subway,12,80,2,0,1,0,0,0.1111111111111111,0,0,0
watch this airport get swallowed up by a sandstorm in under a minute <url>,14,74,0,0,1,0,0,0.17582417582417584,0,0,1
motorcyclist bicyclist injured in denver collision on broadway <url> by <user>,11,78,0,1,1,0,0,0.03773584905660377,0,1,1
wreck with road blockage woodward avenue northbound at davison in m s <hashtag> shoalstraffic,14,93,1,0,0,0,0,0.08235294117647059,0,0,1
afterwards i had to be alone for an hour to savour and prolong the almost physical intensity of the feelings that deluged me y sigue,25,132,0,0,0,0,0,0.022058823529411766,0,0,0
<user> is it too soon to start flooding your comment section with come to brazil comments? bc i will,19,100,0,1,0,0,1,0.0,0,0,0
video we re picking up bodies from water rescuers are searching for hundreds of migrants in the mediterran <url>,19,112,0,0,1,0,0,0.07352941176470588,0,0,1
<user> mahalo nui loa for making my <num> s my generation could not have survived the w bush years without you <hashtag> jonvoyage <hashtag> holomua,25,148,2,1,0,0,0,0.06521739130434782,0,0,0
what is the role of usg in paeds major trauma imaging decision tool? <hashtag> foamed <hashtag> foamcc,17,102,2,0,0,0,1,0.10714285714285714,0,0,0
news refugio oil spill may have been costlier bigger than projected <url>,12,73,0,2,1,0,0,0.05434782608695652,0,0,1
<hashtag> nowplaying rene ablaze amp ian buff magnitude <url> <hashtag> edm,11,75,2,0,1,0,0,0.175,0,0,0
it s run from sirens by half hour hotel <user> <user> premium promotion offer <url>,15,83,0,2,1,0,0,0.15,0,0,0
ud rescue structural collapse scott road ypres road york <num> trucks,11,69,0,1,0,0,0,0.14666666666666667,0,1,1
<user> for the people who died in human experiments by unit <num> of japanese military <url> <url>,17,98,0,1,2,0,0,0.1079136690647482,0,0,1
i liked a <user> video from <user> <url> call of duty the piano entertainer ep <num> musicians collide!,18,103,0,2,1,1,0,0.12030075187969924,0,0,0
no lender fees for veterans or first responders past and present on <user> <url>,14,80,0,1,1,0,0,0.5714285714285714,0,0,0
disaster control teams are studying ways to evacuate the port area in response to tidal wave warnings <num>,18,107,0,0,0,0,0,0.00909090909090909,0,0,1
<num> years after atomic bombs japan still struggles with war past the anniversary of the devastation wrought b <url>,19,117,0,0,1,0,0,0.1259259259259259,0,0,1
is la at risk for a giant wildfire? which way l a ? on kcrw <url>,16,65,0,0,1,0,2,0.21428571428571427,0,0,1
stuart broad takes eight before joe root runs riot against aussies stuart broad took career best figures of <num> <url>,20,119,0,0,1,0,0,0.14705882352941177,0,0,0
disaster averted police kill gunman with hoax device at cinema <url> via <hashtag> foxnews,14,90,1,0,1,0,0,0.19607843137254902,0,0,1
we re blown away by this extension nothing we ve seen has as many options as this one <url> <url>,20,97,0,0,2,0,0,0.06338028169014084,0,0,0
update indiana state police reopening i <num> near lafayette following emergency bridge repairs that closed key highway for about <num> hours,21,141,0,0,0,0,0,0.08029197080291971,0,0,1
leicester merc icymi <hashtag> ashes <num> australia collapse at trent bridge how twitter rea <url> <url>,16,105,1,0,2,0,0,0.15,0,1,0
acc to the study conducted by skims morethan <num> population in <hashtag> kashmir suffer psychiatric disorders <url> <hashtag> kashmirconflict,19,143,2,0,1,0,0,0.10714285714285714,0,0,1
so cool <user> in the news! cutest indot worker but i might be a little bias ?? <url>,18,85,0,1,1,1,2,0.12612612612612611,0,0,0
<hashtag> hot c <num> specially modified to land in a stadium and rescue hostages in iran in <num> <url> <hashtag> prebreak <hashtag> best,23,138,3,0,1,0,0,0.03968253968253968,0,0,1
<user> i got it for the mistake but boss got it worse cause their job was to oversee my work boss didn t change after that,26,122,0,1,0,0,0,0.045112781954887216,0,0,0
cape coral city leaders take part in mock hurricane training <url> <url>,12,72,0,0,2,0,0,0.08490566037735849,0,0,1
<user> skype just crashed u host,6,32,0,1,0,0,0,0.08108108108108109,0,0,0
evacuation order lifted for town of roosevelt wash though residents warned to be ready to leave quickly <url>,18,109,0,0,1,0,0,0.047244094488188976,0,1,1
don t think for one second i m out to drown your memory baby you ain t worth the whiskey,20,88,0,0,0,0,0,0.03333333333333333,0,0,0
families to sue over legionnaires more than <num> families affected by the fatal outbreak o <url> <hashtag> news <hashtag> check <hashtag> follow,22,145,3,0,1,0,0,0.058823529411764705,0,0,1
tennessee lesbian couple faked hate crime and destroyed own home with arson <url> <hashtag> lesbian,15,99,1,0,1,0,0,0.07272727272727272,0,0,1
rt patrickjbutler excellent damiengayle eyewitness account of kids company closure you drop the bomb and expect <url>,17,117,0,0,1,0,0,0.07142857142857142,0,0,1
<user> people aren t rioting because justice has been served and that murderer is behind bars simple! no justice no peace justice peace,23,135,0,1,0,1,0,0.04316546762589928,0,0,1
psalms <num> <num> the lord redeemeth the soul of his servants and none of them that trust in him shall be desolate,22,115,0,0,0,0,0,0.02702702702702703,0,0,0
i m sorry but if you have to resort to weapons to settle something you re a pussy win or lose take your shit like a man amp leave it at that,32,140,0,0,0,0,0,0.007042253521126761,0,0,1
fatality ??,2,11,0,0,0,0,4,0.07692307692307693,0,0,0
<num> passengers abandoned at lrt station during tuesday s hailstorm <url> <hashtag> yyc <hashtag> yycstorm <hashtag> abstorm,17,125,3,0,1,0,0,0.061946902654867256,0,0,1
<user> lt gasp! gt i forgot sunday! omg,8,39,0,1,0,2,0,0.1,0,0,0
<user> yes a lot more harm then good if there are guardrails up now why cant we go <num> their will be a big problem when school starts,28,135,0,1,0,0,0,0.007142857142857143,0,0,0
students at sutherland remember australian casualties at lone pine gallipoli <url> via <user>,13,93,0,1,1,0,0,0.08403361344537816,0,0,1
pussy so deep i could ve drowned twice,8,38,0,0,0,0,0,0.02631578947368421,0,0,0
on plus side look at the sky last night it was ablaze <url>,13,59,0,0,1,0,0,0.4605263157894737,0,0,0
madhya pradesh train derailment village youth saved many lives,9,62,0,0,0,0,0,0.14285714285714285,0,0,1
apocalpytic iran heat wave nearly breaks world record <url>,9,59,0,0,1,0,0,0.19736842105263158,0,0,1
<user> a loud bang he froze on the spot as slowly every head turned towards him one of the things he hated the most was to be,27,125,0,1,0,0,0,0.029197080291970802,0,0,0
bestseller! fossil dawson mini cross body bag es <num> <num> <url>,11,66,0,0,1,1,0,0.2962962962962963,0,0,0
if your lost amp alone or your sinking like a stone carry on,13,60,0,0,0,0,0,0.013888888888888888,0,0,0
white ppl bruise easily where ur bullet wounds at ?? <url>,11,58,0,0,1,0,2,0.0625,0,0,0
afghan conflict sees sharp rise in female casualties <url> <url>,10,64,0,0,2,0,0,0.09,0,0,1
oun continues severe thunderstorm warning for oklahoma ok till <num> <num> pm cdt <url>,14,87,0,0,1,0,0,0.19,0,0,1
where will the winds take my gypsy blood this time? <url>,11,57,0,0,1,0,1,0.06756756756756757,0,0,0
being bestfriends with your high school crush?? <user>,8,54,0,1,0,0,4,0.015625,0,0,0
<user> looks like george was having a panic attack lol,10,54,0,1,0,0,0,0.09836065573770492,0,0,0
man charged over fatal crash near dubbo refused bail <url> via <user>,12,69,0,1,1,0,0,0.10752688172043011,0,0,1
fukushima the story of a nuclear disaster <url> <url>,9,53,0,0,2,0,0,0.1590909090909091,0,0,1
mgn africa pin <num> f <num> correction tent collapse story correction tent collapse story <url> <user>,16,103,0,1,1,0,0,0.17424242424242425,0,1,0
<hashtag> quote never let your problems ruin your faith,9,55,1,0,0,0,0,0.02127659574468085,0,0,0
good samaritans shot in horror hijacking johannesburg amp mdash four men were shot dead in bronville free state <url>,19,117,0,0,1,0,0,0.1564625850340136,0,1,1
r union debris is almost surely from flight <num> officials say new york times <url>,15,84,0,0,1,0,0,0.1568627450980392,0,0,1
so much shit has happened today wtf idk how i survive thruu it all,14,66,0,0,0,0,0,0.029850746268656716,0,0,1
nout like rubbin salt in the wounds dad ?? <url>,10,48,0,0,1,0,6,0.056338028169014086,0,0,0
obama keeps <num> iraqi christian asylum seekers ndetention while flooding u s w unscreened muslims <url> via <user>,18,116,0,1,1,0,0,0.1357142857142857,0,0,1
a demolished palestinian village comes back to life <url>,9,57,0,0,1,0,0,0.06756756756756757,0,0,1
juneau empire first responders turn out for national night out <url>,11,68,0,0,1,0,0,0.12643678160919541,0,0,0
<user> bring the body bags tho,6,30,0,1,0,0,0,0.027777777777777776,0,0,0
<hashtag> jsunnews storm damage reported in madison county thunderstorm damage reports ar <url> via <url>,15,105,1,0,2,0,0,0.08823529411764706,0,0,1
love living on my own i can blaze inside my apt or on the balcony,15,65,0,0,0,0,0,0.030303030303030304,0,0,1
alabama home quarantined over possible <hashtag> ebola case an ambulance sat outside the university of alabama at <url>,18,119,1,0,1,0,0,0.07633587786259542,0,0,1
still domestic terrorism <url>,4,30,0,0,1,0,0,0.14285714285714285,0,0,1
hat <hashtag> russian soviet army kgb military <hashtag> cossack <hashtag> ushanka link <url> <url>,14,99,3,0,2,0,0,0.11926605504587157,0,0,0
no ways!! a video for stretcher ?! <user>,8,41,0,1,0,4,1,0.19607843137254902,1,0,0
<user> us military and nato are fighting talibans too,9,53,0,1,0,0,0,0.06779661016949153,0,0,1
our little forest fire wardens <url>,6,36,0,0,1,0,0,0.05660377358490566,0,1,1
trauma team needs to come to the american e shop,10,48,0,0,0,0,0,0.08163265306122448,0,0,0
strengthening partnerships <hashtag> afterhaiyan <url> <hashtag> haiyan <hashtag> yolandaph <hashtag> philippines <hashtag> livelihood <hashtag> disasterrecovery <hashtag> disaster,17,180,7,0,1,0,0,0.05970149253731343,0,0,1
read the unhealed wounds of an unending conflict <hashtag> kashmir <hashtag> pakistan <hashtag> india <url> <hashtag> endoccupation <hashtag> endconflict <hashtag> freekashmir,21,175,6,0,1,0,0,0.37857142857142856,0,0,1
don t you dare play the victim when i ve been drowning for years,14,64,0,0,0,0,0,0.015384615384615385,0,0,0
i remember when i worked at mcdonalds i use to be hours late because we used military time and i use to mess up when i had to be there,30,134,0,0,0,0,0,0.043795620437956206,0,0,0
<user> sigh daily battle,4,24,0,1,0,0,0,0.06666666666666667,0,0,0
<user> please support this please cosponsor s <num> and support aid for sick and injured <num> <num> responders! <hashtag> renew <num> health,22,141,1,1,0,1,0,0.031496062992125984,0,1,1
just came back from camping and returned with a new song which gets recorded tomorrow can t wait! <hashtag> desolation <hashtag> theconspiracytheory <hashtag> newep,24,164,3,0,0,1,0,0.06521739130434782,0,0,1
<user> if the nda is written to damage your ability to offer your services in the future then you prolly don t want the work anyway,26,131,0,1,0,0,0,0.022556390977443608,0,0,0
<user> put this in detroit niggas gone be acting out?? tryna fuck n drown mfs??loose they buffs in the water?? <url>,21,116,0,1,1,0,12,0.04827586206896552,0,0,0
<num> common running injuries and how to avoid them <url>,10,57,0,0,1,0,0,0.15714285714285714,0,0,0
magic city mayhem kissimmee adventures ? aug <num> <num> <url>,10,62,0,0,1,0,1,0.14473684210526316,0,0,0
it s baack! petersen s bowhunting battle of the bows make sure you head on over and cast your vote for your <url>,23,113,0,0,1,1,0,0.06521739130434782,0,0,0
gunmen open fire on bus near el salvador s capital killing <num> a week after gang attacks killed <num> bus drivers <url> bit,23,125,0,0,1,0,0,0.050724637681159424,0,1,1
eyewitness identification via reddit <url> <url>,6,48,0,0,2,0,0,0.12195121951219512,0,0,0
unwanted person at <num> block of se <num> th ave portland or portland police <hashtag> pp <num> <num> <num> <hashtag> pdx <num>,22,128,2,0,0,0,0,0.4117647058823529,0,0,0
santa fe springs studebaker rd south st trfc collision no inj <url>,12,67,0,0,1,0,0,0.14444444444444443,0,0,0
north sac elkhorn blvd walerga rd trfc collision <num> enrt <url>,11,65,0,0,1,0,0,0.13793103448275862,0,0,1
trauma can happen anywhere school home etc at any time learn the abc s of trauma and how to parent <url>,21,104,0,0,1,0,0,0.07352941176470588,0,0,1
this is an evil generation rock and roll evacuation! as far as the eye can see! hey hey hey hey!,20,96,0,0,0,3,0,0.04081632653061224,0,1,0
dr owen says four of ferrell s ten bullet wounds were rapidly lethal <hashtag> kerricktrial <hashtag> twcnewsclt <url>,18,118,2,0,1,0,0,0.15,0,0,1
i liked a <user> video from <user> <url> minecraft ps <num> <num> x <num> lava door how to tutorial ps <num> xbox,22,113,0,2,1,0,0,0.19696969696969696,0,0,0
up to <num> of businesses affected by a natural or man made disaster never reopen <url>,16,87,0,0,1,0,0,0.028846153846153848,0,0,0
ad miles hurricane of fun the making of wet hot <url>,11,53,0,0,1,0,0,0.18666666666666668,0,0,0
a sinkhole grows in brooklyn six meter crater swallows street <url>,11,67,0,0,1,0,0,0.047058823529411764,0,0,1
are users of this sub to be quarantined? <url>,9,46,0,0,1,0,1,0.14285714285714285,0,0,0
i was over here dreaming peacefully then that loud ass thunder wanted to scare me ??,16,84,0,0,0,0,2,0.011764705882352941,0,0,1
<num> news ? water main break disrupts trolley service <url>,10,60,0,0,1,0,1,0.0410958904109589,0,0,1
science daily lightning reshapes rocks at the atomic level a lightning strike can reshape a mineral s crystal s <url>,20,117,0,0,1,0,0,0.06428571428571428,0,0,1
u s forest service says spending more than half of budget on fires <url>,14,72,0,0,1,0,0,0.1,0,0,1
if you can t summon the flames directly from hell store bought is fine me mom dies,17,82,0,0,0,0,0,0.0,0,0,0
the finnish hip hop pioneer paleface will be rescued from a drifting raft and brought into the container later <hashtag> enkelbiljett <hashtag> menolippu,23,153,2,0,0,0,0,0.021897810218978103,0,0,0
<user> i m tryna smoke that mf out,8,34,0,1,0,0,0,0.14634146341463414,0,0,0
we are on our way to hiroshima today is the <num> th anniversary of the detonation of the atomic bomb,20,101,0,0,0,0,0,0.030303030303030304,0,0,1
kenya news chelsea talisman eden hazard keen to match cristiano ronaldo and lionel messi mipasho <url>,16,102,0,0,1,0,0,0.10569105691056911,0,0,0
i barely smoke with people i solo all my blunts,10,47,0,0,0,0,0,0.02127659574468085,0,0,0
students collide this fri sat register <url> <hashtag> nlccollide <url>,10,71,1,0,2,0,0,0.15306122448979592,0,0,0
watching xela firefighters struggle to save burning buildings last night w old equipment makes me so grateful for dcfd <user> <user>,21,132,0,2,0,0,0,0.08823529411764706,0,0,1
nueva favorita emergency feat the chemical brothers my bits <url> <user>,11,72,0,1,1,0,0,0.19607843137254902,0,0,0
babe i m gonna ruin you if you let me stay,11,42,0,0,0,0,0,0.023809523809523808,0,0,0
one direction is my pick for <url> fan army <hashtag> directioners <url> x <num>,14,80,1,0,2,0,0,0.1262135922330097,0,0,1
will <user> continue to derail the iran nuclear deal during tonight s <hashtag> gopdebate oh yeah,16,97,1,1,0,0,0,0.10869565217391304,0,0,1
like why on earth would you want anybody to be unhappy don t purposely ruin somebody else s happiness,19,101,0,0,0,0,0,0.0,0,0,0
i m slightly traumatised after this week s one born!,10,52,0,0,0,1,0,0.019230769230769232,0,0,0
thunderstorm in helsinki <hashtag> thunder <hashtag> lightning <hashtag> lightningstrike <hashtag> thunderstorm <hashtag> nature <hashtag> helsinki <url>,16,153,6,0,1,0,0,0.08333333333333333,0,0,1
the big ten has their annual football media day but before we get into that here s some cyclone hoops recruiting nuggets,22,120,0,0,0,0,0,0.03278688524590164,0,0,1
new ladies shoulder tote handbag faux leather hobo purse cross body bag womens full read <url> <url>,17,100,0,0,2,0,0,0.1366906474820144,0,0,0
does homeowners insurance cover water damage? here are some good things to know <url> <url>,15,91,0,0,2,0,1,0.0873015873015873,0,0,1
<user> i be seen them turn a blind eye to a bloke drinking and smoking on during the curfew time cos its not worth the hassle,26,125,0,1,0,0,0,0.015503875968992248,0,0,1
evacuation orders lifted for roosevelt in highway <num> fire <url> <hashtag> koin <num> news <url>,15,98,1,0,2,0,0,0.09649122807017543,0,1,1
<url> another disaster waiting to happen and your allowing it??,10,63,0,0,1,0,3,0.6419753086419753,0,0,1
when the last tree is cut down the last fish eaten and the last stream poisoned you will realize that you <url>,22,111,0,0,1,0,0,0.1450381679389313,0,0,0
so many security gards this is good i dare them to let someone harm harry <hashtag> otrametlife,17,95,1,0,0,0,0,0.7954545454545454,0,0,0
it was past curfew and we were at the grove,10,43,0,0,0,0,0,0.046511627906976744,0,0,0
back home they mad cause i chill with the white boys,11,52,0,0,0,0,0,0.037037037037037035,0,0,0
texas seeks comment on rules for changes to windstorm insurer <url>,11,67,0,0,1,0,0,0.15476190476190477,0,0,0
politicians are using false allegations to attack <hashtag> plannedparenthood amp harm women we aren t fooled we <hashtag> standwithpp <url>,20,140,2,0,1,0,0,0.07746478873239436,0,0,0
storm batters top half of north island a violent overnight storm has battered the upper north island uprootin <url>,19,115,0,0,1,0,0,0.07352941176470588,0,0,1
advice from noah dont go running in a thunderstorm,9,50,0,0,0,0,0,0.058823529411764705,0,0,0
morganite gemstone white fire opal <num> sterling silver ring size <num> r <num> <url> <url>,15,92,0,0,2,0,0,0.1694915254237288,0,1,0
<url> <hashtag> gamergate the end of reddit is coming it s time we devise an emergency evacuation plan,18,102,1,0,1,0,0,0.10714285714285714,0,1,0
texas seeks comment on rules for changes to windstorm insurer <url> via <user>,13,78,0,1,1,0,0,0.11224489795918367,0,0,0
niggas love hating,3,18,0,0,0,0,0,0.0,0,0,0
<user> no bc we always got in trouble for laughing too much ??,13,62,0,1,0,0,2,0.04285714285714286,0,0,0
infowars nashville theater attack will gun grabbers now demand hatchet control? <url> <hashtag> nwo,14,99,1,0,1,0,1,0.1111111111111111,0,0,1
beforeitsnews hundreds feared dead after libyan migrant boat capsizes during rescue <url> <url>,13,95,0,0,2,0,0,0.07352941176470588,0,1,1
to all the meat loving feminists of the world riot grill has arrived <url> oliviamiles <num>,16,92,0,0,1,0,0,0.2,0,0,0
rescued tb goes on to ribbon at hits <url> via <user>,11,53,0,1,1,0,0,0.17721518987341772,0,0,0
<hashtag> allah describes piling up <hashtag> wealth thinking it would last <hashtag> forever as the description of the people of <hashtag> hellfire in surah humaza <hashtag> reflect,27,182,5,0,0,0,0,0.036231884057971016,0,0,0
i liked a <user> video <url> tremor is no joke!! tremor dlc fatalities x ray,15,76,0,1,1,2,0,0.43434343434343436,1,0,1
flood advisory issued august <num> at <num> <num> pm edt by nws <url> <hashtag> wxky,15,84,1,0,1,0,0,0.19753086419753085,0,1,1
<user> you mean olympic also its follow up for honshu operation coronet in all <num> m allied casualties <num> m japanese dead,22,126,0,1,0,0,0,0.08888888888888889,0,1,1
mary coming to troy rescue ?? <url>,7,35,0,0,1,0,6,0.1206896551724138,0,0,0
<user> he s already done it by negotiating with the <hashtag> <num> state of terrorism in the world what was his hurry in trying to get a deal,28,142,1,1,0,0,0,0.03571428571428571,0,0,1
i liked a <user> video from <user> <url> battlefield hardline <num> new weapons new map throwingknifes!,16,103,0,2,1,1,0,0.17054263565891473,0,0,0
apply now to work for dignity health as <hashtag> rn <hashtag> emergency services full time <num> a <num> <num> p siena campus in <hashtag> henderson <hashtag> jobs <url>,28,170,4,0,1,0,0,0.13043478260869565,0,0,0
<user> coming atcha from boston had golfball sized hail yesterday sunny amazing skies today! <hashtag> parkchat,16,111,1,1,0,1,0,0.05714285714285714,0,0,0
who need friends when there s booze and darude sandstorm d,11,58,0,0,0,0,0,0.06557377049180328,0,0,0
<num> pcs <num> w cree led work light offroad lamp car truck boat mining <num> wd flood beam full rea <url> <url>,22,113,0,0,2,0,0,0.23741007194244604,0,1,0
<user> <user> lt right now even after two years there were still refugees camped just south of redcliffe village and aidan gt,22,125,0,2,0,0,0,0.020833333333333332,0,0,1
obama declares disaster for typhoon devastated saipan obama signs disaster declaration for northern marians a <url>,16,115,0,0,1,0,0,0.08823529411764706,0,0,1
had lunch with stewart amp julian only a couple of hours earlier good to finally find out what happened to them <url>,22,117,0,0,1,0,0,0.057971014492753624,0,0,0
turn back to me! i have rescued you and swept away your sins as though they were clouds isaiah <num> <num> contemporary english version,24,135,0,0,0,1,0,0.046153846153846156,0,0,0
hope the drowned <user>,4,23,0,1,0,0,0,0.45161290322580644,0,0,0
<user> haha it s alright but more than twice is just stupid he s traumatised ??,16,79,0,1,0,0,4,0.13829787234042554,0,0,0
simmering beneath <hashtag> nhl good times the league s own concussion issues <user> <url>,14,90,1,1,1,0,0,0.10377358490566038,0,0,0
just got evacuated from the movie theatre for an emergency saw people running from another they re,17,98,0,0,0,0,0,0.02,0,0,1
businesses are deluged with invoices make yours stand ogt with colomr or shape and it s likely to rise to the top of the pay pile,26,129,0,0,0,0,0,0.015151515151515152,0,0,0
there are a few people i d let ruin my life my soul my cervix my everything odell is definitely top of that list,24,112,0,0,0,0,0,0.017543859649122806,0,0,0
love it when jesse suffers a panic attack <url>,9,47,0,0,1,0,0,0.045454545454545456,0,0,0
skinny jeans are hazardous for your health! <hashtag> socialnews <url>,10,70,1,0,1,1,0,0.1282051282051282,0,0,1
<user> daem girl smooth asf c ?,7,31,0,1,0,0,1,0.5151515151515151,0,0,0
<user> did the first world war ever truly end? the ripples are with still and have been compound into low level tsunami,22,119,0,1,0,0,1,0.10084033613445378,0,0,1
<hashtag> nursing alert emergency department psychiatric rn <num> fte day providence health amp services <hashtag> olympia wa <url>,18,131,2,0,1,0,0,0.15328467153284672,0,0,1
there was a small earthquake in la but don t worry emily rossum is fine <hashtag> difficultpeople is great,19,106,1,0,0,0,0,0.050505050505050504,0,1,1
sinkhole disrupts downtown trolley service <hashtag> sandiego <url>,8,67,1,0,1,0,0,0.12987012987012986,0,0,1
<user> he s gone you can relax i thought the wife who wrecked her cake was a goner mind lol <hashtag> whoops,22,108,1,1,0,0,0,0.028037383177570093,0,0,0
<hashtag> download amp <hashtag> watch demolition frog <num> <url> <hashtag> movie,11,82,3,0,1,0,0,0.04,0,0,1
a fun filled happy hour at simmons bar in camden with this handsome one ?? i got annihilated apart from this game <url>,23,119,0,0,1,0,2,0.050724637681159424,0,0,0
the latest more homes razed by northern california wildfire <url> <url>,11,71,0,0,2,0,0,0.09259259259259259,0,0,1
<url> <user> <user> katherine s death,6,37,0,2,1,0,0,0.15714285714285714,0,0,0
gov brown links ca wildfire to drought <url>,8,44,0,0,1,0,0,0.12903225806451613,0,0,1
katunews <hashtag> sr <num> remains closed as brush fire burns <num> acres <url> <hashtag> liveonk <num> <url>,17,110,2,0,2,0,0,0.13559322033898305,0,1,1
emergency units simulate a chemical explosion at nu evanston now <url>,11,70,0,0,1,0,0,0.0898876404494382,0,1,1
in the words of charlie daniels fire on the mountain run boys run <url>,14,71,0,0,1,0,0,0.07368421052631578,0,1,1
the catastrophic effects of hiroshima and nagasaki atomic bombings still being felt today <url>,14,95,0,0,1,0,0,0.15178571428571427,0,0,1
kosciusko police investigating pedestrian fatality hit by a train thursday <url>,11,80,0,0,1,0,0,0.08247422680412371,0,0,1
<user> <user> who is bagging her body ? she s smoking hot ??,13,60,0,2,0,0,3,0.04411764705882353,0,0,0
<num> n past the <num> l lane is reopened all other lanes are closed all lanes are open on the <num> s trash truck fire cleanup <user>,27,134,0,1,0,0,0,0.06766917293233082,0,1,1
police assailant in latest us movie theatre attack was homeless had psychological issues <url>,14,94,0,0,1,0,0,0.0625,0,0,1
the far right racist <hashtag> avigdorliberman calls for destruction of <hashtag> susiya ! previously he also called for beheadings! <url>,20,138,2,0,1,2,0,0.050359712230215826,0,0,1
american casualties including <num> <num> fatalities and five to ten million japanese fatalities <url>,14,102,0,0,1,0,0,0.06201550387596899,0,0,1
<num> people have screamed right in my ear this week at camp twenty six! and we still have <num> <num> day left <hashtag> cedarglade <num>,25,138,1,0,0,1,0,0.1016949152542373,0,0,0
syd traffic hazard oil spill bankstown stacey st at wattle st <url>,12,67,0,0,1,0,0,0.32558139534883723,0,0,1
<hashtag> myanmar displaced <hashtag> rohingya at <hashtag> sittwe point of no return <url> <hashtag> prison like conditions <hashtag> genocide <user> <user> <user>,22,164,5,3,1,0,0,0.1079136690647482,0,0,1
<hashtag> colorado <hashtag> avalanche men s official colorado avalanche reebok t shirt xl blue <num> cotton <url> <hashtag> nhl <hashtag> hockey,21,145,4,0,1,0,0,0.176,0,0,0
<user> <user> alsowhat if some of the <num> st team players got injured?then bilic would get slated for playing themhe can t win,23,128,0,2,0,0,1,0.028985507246376812,0,1,1
mtr issues hazardous weather outlook hwo <url>,7,46,0,0,1,0,0,0.23076923076923078,0,0,1
the latest more homes razed by northern california wildfire abc news <url>,12,74,0,0,1,0,0,0.1595744680851064,0,0,1
<user> <user> if i don t get my money by tomorrow rioting ??,13,60,0,2,0,0,2,0.039473684210526314,0,0,0
<hashtag> nowplaying dubstep hardstyle trap messy mix event recording by alien casualty on <user> <url> <url>,16,109,1,1,2,0,0,0.10144927536231885,0,0,1
when a monster truck racer catches on fire at the fair,11,54,0,0,0,0,0,0.0,0,1,1
wce i can t even lie even tho i can t stand her she still will always be my crush ?? <user>,22,91,0,1,0,0,2,0.04950495049504951,0,0,0
fyi cad fyi accident property damage nhs <num> piner rd horndale dr,12,67,0,0,0,0,0,0.7611940298507462,0,0,1
<hashtag> truckcrash overturns on <hashtag> fortworth interstate <url> click here if you ve been in a crash gt <url>,19,116,2,0,2,0,0,0.11363636363636363,0,0,1
square just let booty org write xv im sure we d do just fine buildings around me set on fire,20,92,0,0,0,0,0,0.0,0,1,0
<user> blight,2,13,0,1,0,0,0,0.0,0,0,0
though serious <hashtag> natural <hashtag> disaster increased in <hashtag> japanjapan <hashtag> nuclear safety standard is far inferior to <hashtag> us standard <hashtag> anonymous <hashtag> nytimes,25,198,7,0,0,0,0,0.044444444444444446,0,0,1
canada hailstorm flash flooding slam calgary knocks out power to <num> k customers <url> <url>,15,94,0,0,2,0,0,0.104,0,0,1
<user> are you another stand user? if you are i will have to detonate you with my killer queen,19,94,0,1,0,0,1,0.0594059405940594,0,0,0
her cake looks like a mudslide hah,7,34,0,0,0,0,0,0.0,0,0,0
new and now different fnaf fanfiction trixie drowned <num> pageshi my awesome proxies it s <url> <hashtag> wattpad <hashtag> promo,20,130,2,0,1,0,0,0.07407407407407407,0,0,0
jack wilshere has poor injury recordand his off field behaviors doesn t help <hashtag> arsenal,15,94,1,0,0,0,0,0.03529411764705882,0,0,1
<user> responds fedex no longer to transport bioterror germs in wake of anthrax lab mishaps <url>,16,97,0,1,1,0,0,0.06956521739130435,0,0,1
my car is so fast,5,17,0,0,0,0,0,0.058823529411764705,0,0,0
<user> yeah i agree but it s the shock factor that ropes people in if they just show devastation then it angers me,23,114,0,1,0,0,0,0.008547008547008548,0,0,0
new <hashtag> job opening at downtown emergency service center in <hashtag> seattle <hashtag> chemical <hashtag> dependency counselor or intern <hashtag> jobs <url>,22,164,5,0,1,0,0,0.10869565217391304,0,0,0
<user> i had my meltdown yesterday i m going to miss you so much you are forsure my dtb for life when i get back watchout ??,27,124,0,1,0,0,2,0.07518796992481203,0,0,0
dog rendered a kitten from burning buildings <url> <url>,9,56,0,0,2,0,0,0.0989010989010989,0,0,1
reddit will now quarantine offensive content <url> <url>,8,56,0,0,2,0,0,0.14130434782608695,0,0,0
<user> guys to scared to show his real name anyway he knows i ll bomb him,16,73,0,1,0,0,0,0.0641025641025641,0,0,0
official kinesiology tape of ironman long lasting durability effectiveness on common injuries <url> <url>,14,105,0,0,2,0,0,0.12056737588652482,0,0,0
george njenga the hero saved his burning friend from a razing wildfire <url>,13,76,0,0,1,0,0,0.053763440860215055,0,0,1
poor liv and i getting our phones wrecked on the same day <user> <hashtag> thatswhatfriendsarefor,15,97,1,1,0,0,0,0.030927835051546393,0,0,0
<user> again?? eep! thought of you yesterday when i saw that hella scary hail <hashtag> armageddon?,16,99,1,1,0,1,3,0.054945054945054944,0,0,1
<user> gm! i pray any attack of the enemy <num> derail ur destiny is blocked by the lord amp that he floods ur life w heavenly blessings,27,136,0,1,0,1,0,0.056338028169014086,0,0,1
this is unbelievably insane <hashtag> man <hashtag> airport <hashtag> airplane <hashtag> aircraft <hashtag> aeroplane <hashtag> runway <hashtag> accident <hashtag> freaky <url>,21,176,8,0,1,0,0,0.023809523809523808,0,0,1
<url> cleveland heights shaker heights fight blight the house next door <url>,12,77,0,0,2,0,0,0.12280701754385964,0,0,0
meg issues hazardous weather outlook hwo <url>,7,46,0,0,1,0,0,0.23076923076923078,0,0,1
ended today s staff meeting with the teacher version of i will survive <hashtag> tootrue <url>,16,94,1,0,1,0,0,0.09615384615384616,0,0,0
many thx for share and your comment alex lightman what evidence did it take or will it take for you or your <url>,23,113,0,0,1,0,0,0.058394160583941604,0,0,0
<user> ?? hey esh,4,17,0,1,0,0,2,0.043478260869565216,0,0,0
want twister tickets and a chance at a vip experience to see shania!! click here <url>,16,86,0,0,1,3,0,0.4380952380952381,1,0,0
unr issues severe thunderstorm warning wind <num> mph hail <num> <num> in for weston wy and custer fall river lawrence meade pennington s,23,137,0,0,0,0,0,0.15328467153284672,0,0,1
run out evacuation hospital indexing remedial of angioplasty dissertation at power elite hospitals dismayed <url>,15,113,0,0,1,0,0,0.04477611940298507,0,1,1
hollywood movie about trapped miners released in chile <url>,9,60,0,0,1,0,0,0.11688311688311688,0,0,1
<user> greed is the fuel of self destruction <hashtag> takecare,10,63,1,1,0,0,0,0.078125,0,0,0
<hashtag> nz hollywood movie about trapped miners released in chile <url> <hashtag> hugomatz,13,92,2,0,1,0,0,0.0989010989010989,0,0,0
i ve been bleeding in your silence i feel safer in your violence,13,64,0,0,0,0,0,0.029850746268656716,0,0,0
here we go again ebola! run for your lives! aarrgghh! <url>,11,59,0,0,1,3,0,0.1728395061728395,0,0,1
<user> magical bag of blazing,5,29,0,1,0,0,0,0.0,0,0,0
so i pick myself off the ground and swam before i drowned hit the bottom so hard i bounced twice suffice this time around is different,26,134,0,0,0,0,0,0.03676470588235294,0,0,1
official vid <hashtag> doublecups gt gt <url> gt gt <user> prod <user> gt gt <hashtag> armageddon,16,97,2,2,1,0,0,0.38333333333333336,0,0,0
bradford back to doing what we do best burning down our own buildings read it and weep leeds <url>,19,98,0,0,1,0,0,0.058333333333333334,0,0,1
interview on the collapse of materialism best <hashtag> talkradio listen live <url>,12,83,1,0,1,0,0,0.15217391304347827,0,1,1
<user> you said they are terrorist because of <hashtag> babri so was it ok? if you demolish my house todayhave i right to take revenge?,25,135,1,1,0,0,2,0.030534351145038167,0,0,0
here we fucking go with the injuries again who s next? <url>,12,60,0,0,1,0,1,0.05128205128205128,0,0,0
<user> <user> <user> i was looking for you guys on the live stream i m guessing the evacuation cost you the front?,22,114,0,3,0,0,1,0.045454545454545456,0,1,0
<user> calling it now kia gets banned or quarantined before month s end,13,71,0,1,0,0,0,0.06097560975609756,0,0,0
<num> <num> out of <num> stars by <num> reviewers for dragon blood boxset by lindsay buroker <url> <hashtag> kindle <url>,20,121,1,0,2,0,0,0.06716417910447761,0,0,0
do you feel like you are sinking in low self image? take the quiz <url> <url>,16,77,0,0,2,0,1,0.10714285714285714,0,0,0
<user> <user> bleeding wild things running around the apartment while hes in work at the bar ??,17,95,0,2,0,0,8,0.017391304347826087,0,0,0
<user> yes i would think not but since college <num> <num> it s been difficult not to think of bioterrorism esp bc dispersed,23,124,0,1,0,0,0,0.04477611940298507,0,0,1
<user> he s getting <num> here i think salt wounds rub in,12,57,0,1,0,0,0,0.11764705882352941,0,0,0
this is why i am scared to leave my car under trees in a storm <hashtag> jamaicaplain <hashtag> boston <hashtag> hailstorm <url>,22,128,3,0,1,0,0,0.07317073170731707,0,0,1
<user> pfft! i wish i had a bot like that instead i m daily inundated with <num> characters of the same unhinged machismo bullshit,24,130,0,1,0,1,0,0.05714285714285714,0,0,0
dr jack stern interview ending back pain for <hashtag> military <hashtag> injury listen now <url>,15,97,2,0,1,0,0,0.15306122448979592,0,0,0
how many baskets did a charming fatality by <user> get? <url> <hashtag> mystery <hashtag> paranormal,15,100,2,1,1,0,1,0.07407407407407407,0,0,0
internet basics the flood defective intertissue is soul mate the milk trench host guabxfv <url>,15,95,0,0,1,0,0,0.07894736842105263,0,1,1
<user> even the second half has that great greek tragedy laced monologue by charlize coulda been so much more,19,109,0,1,0,0,0,0.025,0,0,0
<hashtag> nowplaying fitz and the tantrums out of my league on <hashtag> crush <hashtag> listen <url> <hashtag> nowplaying,18,122,4,0,1,0,0,0.18095238095238095,0,0,0
<hashtag> losdelsonido obama declares disaster for typhoon devastated saipan obama signs disaster declaration for northern ma <hashtag> ivanberroa,18,146,2,0,0,0,0,0.10218978102189781,0,0,1
just completely annihilated cech with paul keegan what a time to be alive,13,73,0,0,0,0,0,0.0,0,0,0
mourning notices for stabbing arson victims stir politics of grief in israel <url>,13,82,0,0,1,0,0,0.06666666666666667,0,0,1
photo deadgirltalking unfortunemelody jaylenejoybeligan tarynel dredougie santanico pandemonium <url>,9,101,0,0,1,0,0,0.0390625,0,0,0
enter the world of extreme diving <num> stories up and into the volga river <url>,15,81,0,0,1,0,0,0.09183673469387756,0,0,0
shark boy and lava girl for the third time today i guess this is what having kids feelings like ??,20,98,0,0,0,0,6,0.019230769230769232,0,0,0
<user> ouch clelli you could almost hear their hopes and dreams being crushed !,14,79,0,1,0,1,0,0.06666666666666667,0,0,0
<user> he was the lich king s first casualty block me back i hate you! <url>,16,76,0,1,1,1,0,0.52,0,0,1
the hobbit the desolation of smaug ed sheeran i see fire hd <url>,13,65,0,0,1,0,0,0.20224719101123595,0,1,0
my son didn t sleep all night! ?? so finally at <num> am i laid him with me on my bed and he crashed out ??,26,107,0,0,0,1,6,0.019230769230769232,0,0,0
<hashtag> tweetlikeitsseptember <num> th <num> those two buildings are on fire,11,78,1,0,0,0,0,0.08064516129032258,0,1,1
<user> that s why terrorism is not d war for d army but for intel agents who can counter their moves before they detonate their bombs,26,133,0,1,0,0,0,0.014388489208633094,0,0,1
nothing to fear it s all about taking risks,9,43,0,0,0,0,0,0.044444444444444446,0,0,1
body bags! <url>,3,16,0,0,1,1,0,0.38235294117647056,0,0,0
diretube information egypt cyprus and greece agreed to fight terrorism <url> <url>,12,82,0,0,2,0,0,0.17355371900826447,0,0,1
don t mess with my daddy i can be a massacre <hashtag> becarefulharry,13,69,1,0,0,0,0,0.09836065573770492,0,0,0
gets on battlefield <num> screams into mic at cunts,9,51,0,0,0,0,0,0.0425531914893617,0,0,0
four technologies that could let humans survive environmental disaster <url>,10,76,0,0,1,0,0,0.1368421052631579,0,0,0
good tips! does your family have an emergency plan? <url> <url>,11,63,0,0,2,1,1,0.14705882352941177,0,0,0
thousands attend a rally organized by peace now protesting the arson attack that took the life of an <url>,19,106,0,0,1,0,0,0.04878048780487805,0,0,1
reid lake fire prompts campground evacuation order <url>,8,56,0,0,1,0,0,0.1232876712328767,0,1,1
devastation coming to a <user> and find the <user> closed ?? <hashtag> momneedscoffee <hashtag> asap <hashtag> iwontmakeit,17,122,3,2,0,0,2,0.0297029702970297,0,0,0
<user> you would have been annihilated so you might as well thank <user>,13,72,0,2,0,0,0,0.056179775280898875,0,0,0
<user> <user> drake killing this dude and tea bagging the dead body at this point,15,81,0,2,0,0,0,0.020833333333333332,0,1,1
a look at state actions a year after ferguson s upheaval <url>,12,62,0,0,1,0,0,0.11392405063291139,0,0,1
woman s gps app guides rescuers to injured biker in marin county <url>,13,70,0,0,1,0,0,0.11235955056179775,0,1,1
cyclist who collided with runner on roanoke greenway wins <num> civil verdict <url> via <user>,15,94,0,1,1,0,0,0.041666666666666664,0,0,0
dc media tip for getting updates on the derailed <hashtag> wmata train today ask them about movie night and quickly change the subject!,23,135,1,0,0,1,0,0.06201550387596899,0,0,1
the municipal emergency plan is now in effect stay safe everyone! <hashtag> abstorm <hashtag> yyc <url>,16,103,2,0,1,1,0,0.08737864077669903,0,0,1
global precipitation measurement satellite captures <num> d image of typhoon soudelor nasahurricane visit <url>,14,111,0,0,1,0,0,0.1015625,0,0,1
someone asked me about a monkey fist about <num> feet long with a panic snap like the one pictured to be used as a <url>,25,120,0,0,1,0,0,0.04411764705882353,0,0,0
games that i really hope to see in agdq trauma center second opinion kororinpa marble mania tloz oracle of ages metroid ii,22,122,0,0,0,0,0,0.16260162601626016,0,0,0
<hashtag> reno truck trailer catches fire in reno <url>,9,55,1,0,1,0,0,0.1111111111111111,0,1,1
stu put beetroot in his cake and even lost to a mudslide,12,56,0,0,0,0,0,0.017857142857142856,0,0,0
<user> and her band killed it tonight it was almost loud enough to drown out the tambourine behind me <user> <user>,21,115,0,3,0,0,0,0.045454545454545456,0,0,1
when the waves are flooding the shore and i can t find my way home anymore that s when i look at you <url>,24,106,0,0,1,0,0,0.08943089430894309,0,0,1
fire crews evacuate passengers from a gold coast tram trapped when powerlines fell across a carriage <hashtag> tennews <num> pm <url>,21,133,1,0,1,0,0,0.058394160583941604,0,1,1
<user> <user> <hashtag> wish mattingly amp bundy amp mcgwire were standing on it when it collapsed!,16,99,1,2,0,1,0,0.10909090909090909,0,0,1
republican styled economic destruction undergroundbestsellers <url>,6,67,0,0,1,0,0,0.46511627906976744,0,0,0
<hashtag> cyprus news analysis mullah omar s death may split taliban s ranks omar s demise would certainly lead <url>,20,117,1,0,1,0,0,0.08208955223880597,0,0,1
eric clapton shot the sheriff in <num> and guess how many people were rioting? right none,16,89,0,0,0,0,1,0.033707865168539325,0,0,1
<user> <user> the out of control wild fires in california even in the northern part of the state very troubling,20,111,0,2,0,0,0,0.048,0,0,1
it s never a good sign when you pull up to work amp there s five ambulances amp a fire truck in the bay wompp at least it s friday,30,130,0,0,0,0,0,0.021897810218978103,0,1,1
what would you do if you were trapped in a collapsed circus tent with a bunch of clowns? <url>,19,94,0,0,1,0,1,0.04504504504504504,0,0,0
the people s republic of china proc abandon the west philippine sea and all the <url> via <user>,18,96,0,1,1,0,0,0.1357142857142857,0,0,0
<user> i have the forrest version from <num> that s bloody awful as well xx,15,75,0,1,0,0,0,0.045454545454545456,0,0,0
<user> getting hit by a foul ball while sitting there is hardly a freak accident it s a war zone,20,96,0,1,0,0,0,0.04672897196261682,0,0,0
lightning strike in the distance via r pics <url> <hashtag> pics <url>,12,70,1,0,2,0,0,0.07291666666666667,0,0,1
def louis is tired plus the meltdown of fans when he confirmed he s a dad but some fans are reaching making conclusions and stuff,25,129,0,0,0,0,0,0.0,0,0,0
<user> nah man he s panicking he just found out his brothers had it off with his now wife debbie is in hospital he s stressed,26,125,0,1,0,0,0,0.007633587786259542,0,0,0
trident <num> chevy fire truck w pumper ims fire dept red ho <num> <num> plastic <url> <url>,17,92,0,0,2,0,0,0.18699186991869918,0,1,0
sitting in a cafe enjoying a bite and cramming for my meeting during my whirlwind <num> hours in nyc! <url>,20,107,0,0,1,1,0,0.08196721311475409,0,0,0
this guy bought my car on tuesday police knocked my door yday cos he crashed n ran amp <num> day he text me asking not to send the log book??,30,141,0,0,0,0,8,0.013888888888888888,0,0,1
<user> i hope he does and i hope you die in the explosion too,14,61,0,1,0,0,0,0.04225352112676056,0,1,1
a thought on not dismantling our weapons yet <url>,9,50,0,0,1,0,0,0.057971014492753624,0,0,0
<user> <user> they reined it in to <num> drinks each for <num> people but only on account of too many falling off stool casualties!,24,131,0,2,0,1,0,0.043478260869565216,0,0,0
<url> articles in saudi press reject russian initiative for regional alliance with assad regime to fight terrorism,17,114,0,0,1,0,0,0.17424242424242425,0,0,0
<hashtag> latestnews police officer wounded suspect dead after exchanging shots richmond va ap a richmond pol <url>,17,115,1,0,1,0,0,0.14705882352941177,0,1,1
got it winning by a landslide those the perfect words cause i got it out the mud,17,80,0,0,0,0,0,0.023529411764705882,0,0,0
politifiact harry reid s <num> percent of women served planned parenthood claim is a pants on fire lie <url> <hashtag> tcot,21,123,1,0,1,0,0,0.13333333333333333,0,1,0
<user> <user> i need this,5,25,0,2,0,0,0,0.0975609756097561,0,0,0
man found dead in demi moore s swimming pool! <url>,10,51,0,0,1,1,0,0.16176470588235295,0,1,1
my hair is poverty at the moment need to get a fade before the weekend gets here,17,80,0,0,0,0,0,0.0125,0,0,0
wtf this mom just drowned her child?!,7,37,0,0,0,1,1,0.02702702702702703,0,0,1
<user> are you okay?! i electrocute you too badly right?,10,56,0,1,0,1,2,0.14516129032258066,0,0,0
i m on fire <url>,5,17,0,0,1,0,0,0.25,0,1,0
y all read <num> nigerian refugees repatriated from cameroon <url>,10,66,0,0,1,0,0,0.07228915662650602,0,0,1
<user> i don t see the option to buy the full collapse vinyl with tee bundle just the waiting?,19,94,0,1,0,0,1,0.03,0,1,0
<user> if you have the time <num> hours ?? the latest series about ww <num> blueprint for armageddon is extremely impressive,21,124,0,1,0,0,2,0.03968253968253968,0,0,0
repulsive! refugees victimiser <hashtag> dutton evangelical liar <hashtag> abbott c o <hashtag> lnp on a dupe the press overdrive <hashtag> choppergate!<hashtag> bronwynbishop!<hashtag> auspol,23,192,6,0,0,3,0,0.28776978417266186,0,0,0
dal news wednesday s injury report rb lance dunbar injures ankle is listed as day to day <url>,18,94,0,0,1,0,0,0.11504424778761062,0,0,0
<user> live somewhere else for a while and da mill ain t too bad son! <hashtag> perspective,17,91,1,1,0,1,0,0.021739130434782608,0,0,1
tt kettlebell upheaval blueprint over chris lopez hindsight jhmnye,9,66,0,0,0,0,0,0.05970149253731343,0,0,0
im getting a car wow it hasn t sunk in,10,38,0,0,0,0,0,0.0,0,0,0
for those impacted by the <hashtag> calwildfires here are some great recovery tips to help you in the aftermath <url>,20,117,1,0,1,0,0,0.04,0,0,1
hiroshima survivors fight nuclear industry in brazil ?? video <url>,10,67,0,0,1,0,2,0.09302325581395349,0,0,1
russia destroys food while people go hungry we re not the only ones with an insane government <url>,18,99,0,0,1,0,0,0.05042016806722689,0,0,1
i never knew about the relationship btwn kansas city hyatt bridge collapse amp aia s cote <url> via <user>,19,106,0,1,1,0,0,0.14814814814814814,0,1,1
sadly before she could save humanity ursula drowned in the drool of a protoshoggoth but at least she sort of died doing what she loved,25,134,0,0,0,0,0,0.014814814814814815,0,0,1
<hashtag> tbt remember that time patrick kane attacked a cab driver over <num>,13,78,1,0,0,0,0,0.08955223880597014,0,0,0
bend post office roofers cut gas line prompt evacuation <url>,10,61,0,0,1,0,0,0.0875,0,1,1
faan gives owners of abandoned aircraft evacuation ultimatum <url> via <user> they should probe them too!,16,105,0,1,1,1,0,0.061068702290076333,0,1,1
<user> looks like mudslide??,4,28,0,1,0,0,4,0.0,0,0,1
the best thing at dq is the cotton candy blizzard ??,11,52,0,0,0,0,50,0.02,0,0,0
marquei como visto game of thrones <num> x <num> kissed by fire <url> <hashtag> bancodeseries,15,93,1,0,1,0,0,0.09473684210526316,0,1,0
san jose mercury governor brown allows parole for california school bus hijacker <url>,13,86,0,0,1,0,0,0.09523809523809523,0,0,0
<hashtag> refugees of <hashtag> nuclear disaster in western <hashtag> japan will be beyond <num> thousand at least <hashtag> afp <hashtag> guardian <hashtag> wps <hashtag> nytimes,25,179,7,0,0,0,0,0.08695652173913043,0,0,1
i liked a <user> video from <user> <url> gun range mayhem!,11,58,0,2,1,1,0,0.26436781609195403,0,0,1
<url> jacksonville family bands together as memorial is planned for toddler who florida <url>,14,93,0,0,2,0,0,0.07352941176470588,0,0,0
dry thunderstorms with lightning possible in the pinpoint valley forecast <url> <url>,12,85,0,0,2,0,0,0.11666666666666667,0,0,1
<num> <num> pm <hashtag> mapleridge lougheed hwy eb is closed between <num> rd and dewdney trunk rd because of collision eto is between <num> <num> pm and <num> <num> pm,30,169,1,0,0,0,0,0.18248175182481752,0,0,1
bloody mary in the sink beet juice <url>,8,40,0,0,1,0,0,0.1206896551724138,0,0,0
if i tweet daily <hashtag> fukushima <hashtag> japan global nuclear disaster amp <hashtag> chernobyl ppl dont care there is no hope <num> humanity c gt <url>,26,157,3,0,1,0,0,0.06206896551724138,0,0,1
<user> been on tour in the day to hellfire caves! would love to investigate the place though!,17,93,0,1,0,2,0,0.05,0,0,0
so many youtube commenters saying the dothraki would get crushed if they came to westeros nah bro you underestimate the dothraki,21,128,0,0,0,0,0,0.038461538461538464,0,0,1
but ! oh! how rich the soil?! how wonderful the upheaval!? <user>,12,65,0,1,0,4,2,0.20253164556962025,0,0,0
sinkhole leaking sewage opens in housing estate irish independent <num> aug <num>,12,81,0,0,0,0,0,0.05263157894736842,0,0,1
potus <hashtag> strategicpatience is a strategy for <hashtag> genocide refugees idp internally displaced people horror etc <url>,17,128,2,0,1,0,0,0.12686567164179105,0,0,1
public hearing on <num> <num> <user> budget thurs <num> <num> at <num> <num> emergency services ctr goshen <url>,18,112,0,1,1,0,0,0.1282051282051282,0,0,0
new post pic of <num> yr old pkk suicide bomber who detonated bomb in turkey army trench released <url>,19,103,0,0,1,0,0,0.11965811965811966,0,0,1
south sac i <num> s i <num> s <num> rd ave ofr trfc collision no inj <url>,17,74,0,0,1,0,0,0.20481927710843373,0,0,1
<user> thanks for joining the foot <user>,7,41,0,2,0,0,0,0.13333333333333333,0,0,0
fear and panic in the air i want to be free from desolation and despair!,15,72,0,0,0,1,0,0.027777777777777776,0,0,0
jacksonville fire amp rescue engine <num> awesome truck! official jade fl <url> via <user>,14,90,0,1,1,1,0,0.29310344827586204,0,1,1
unions say they are supportive of london yet are prepared to damage it economically? <num> m last time <url>,19,108,0,0,1,0,1,0.046511627906976744,0,0,0
a marshall plan for the united states by dambisa moyo via <user> <hashtag> oped <url> via <user>,17,96,1,2,1,0,0,0.12380952380952381,0,0,0
plains all american pipeline company may have spilled <num> percent more crude oil than previously estimated <url>,17,114,0,0,1,0,0,0.06818181818181818,0,0,1
i pledge allegiance to the p o p e and the burning buildings of epic city ??,17,76,0,0,0,0,6,0.18292682926829268,0,0,0
<url> <hashtag> artisteoftheweekfact say <hashtag> conversations by <hashtag> coast <num> coastdjs agree <user> s <hashtag> jiwonle is a <hashtag> hiphop <hashtag> clubbanger,22,174,6,1,1,0,0,0.12857142857142856,0,0,0
if anything happens i will fucking fly <num> metlife which is <num> hours away from me amp beat d crap out of any <num> who tries <num> harm d boys <hashtag> otratmetlife,32,170,1,0,0,0,0,0.1111111111111111,0,0,0
if you fill your mind with encouragement and positivity then it won t take you hostage be careful of your content,21,113,0,0,0,0,0,0.017543859649122806,0,0,0
<hashtag> hot funtenna hijacking computers to send data as sound waves black hat <num> <url> <hashtag> prebreak <hashtag> best,19,126,3,0,1,0,0,0.06722689075630252,0,0,1
quirk injury law s news is out! <url> stories via <user>,11,56,0,1,1,1,0,0.13414634146341464,0,0,0
remaining sections of greystone psychiatric hospital under demolition pic <num> <url>,11,85,0,0,1,0,0,0.1308411214953271,0,0,0
walmart is taking steps to keep children safe in hot vehicles take a look at the innovative car seat here! <url>,21,112,0,0,1,1,0,0.046153846153846156,0,0,0
this storm??,2,12,0,0,0,0,4,0.0,0,0,0
man! what i would give to be in ca right now to help with the wild fires,17,72,0,0,0,1,0,0.0684931506849315,0,0,1
football hooligan jailed for rioting before game in scotland was already banned from matches in england <hashtag> uknews <url>,19,126,1,0,1,0,0,0.05223880597014925,0,0,1
death on railway track why rains cannot take all the blame? derailment is not very common last year less th <url>,21,113,0,0,1,0,1,0.051470588235294115,0,0,1
obama declares disaster for typhoon devastated saipan obama signs disaster declaration for northern marians a <url>,16,115,0,0,1,0,0,0.10294117647058823,0,0,1
my ear started bleeding again,5,29,0,0,0,0,0,0.03125,0,0,0
<user> theres actually a theory out there that the magisters arent the only reason for the blight that dwarves the ones from the,23,128,0,1,0,0,0,0.014705882352941176,0,0,0
love <num> <num> the twister <user> and maddie and tae <hashtag> oktxduo,12,72,1,1,0,0,0,0.16417910447761194,0,0,0
photos <num> people killed and over <num> injured in deadly saudi mosque suicide attack <url>,15,93,0,0,1,0,0,0.0761904761904762,0,1,1
<user> any idea what s going on? i hear no sirens but this damn helo is flying so low my apt is shaking!,23,104,0,1,0,1,1,0.036036036036036036,0,0,1
<user> <user> maybe some muzzies will spontaneously combust! it s like allah suicide bombing them as payback ??,18,111,0,2,0,1,8,0.05223880597014925,0,0,1
<num> things all affiliate marketers need to survive online every affiliate marketer is always <url>,15,100,0,0,1,0,0,0.1440677966101695,0,0,0
loved the way this book was written to include so many vantage points of first responders <user> <hashtag> kindle <url>,20,119,1,1,1,0,0,0.09090909090909091,0,0,0
jupiter s great red spot is a violent storm larger than the entire earth <url> <url>,16,84,0,0,2,0,0,0.12605042016806722,0,0,0
abc news police officer wounded suspect dead after exchanging shots more <hashtag> news <url>,14,93,1,0,1,0,0,0.1619047619047619,0,1,1
govt plan for rs <num> cr lifeline to fci waste of money ask people to store grains fr <num> <num> <num> months fr emergency enough capacity available nw,28,153,0,0,0,0,0,0.04285714285714286,0,0,0
a look at state actions a year after ferguson s upheaval <url>,12,62,0,0,1,0,0,0.0975609756097561,0,0,0
add these items to your everyday eating habits please do the research on how to take with your blood <url>,20,106,0,0,1,0,0,0.046875,0,0,0
mama i m still thugging the world is a war zone,11,47,0,0,0,0,0,0.02127659574468085,0,0,0
sending a snapchat to the wrong person instead of your brother about the toilet ?? ?? ?? <hashtag> snapchatselfie <hashtag> wrongperson <hashtag> traumatised,23,157,3,0,0,0,8,0.007518796992481203,0,0,0
traumatised after seeing a baby literally fall out of that lady she only went for a wee great catch! <hashtag> oneborn,21,118,1,0,0,1,0,0.01818181818181818,0,0,0
three episodes left the end is nigh,7,35,0,0,0,0,0,0.0,0,0,0
air group is here to the rescue! we have <num> <num> emergency service! learn more about it here <url> <url>,20,108,0,0,2,2,0,0.10218978102189781,0,0,0
first time getting into <hashtag> gbbo <num> and physically gasped at the cake mudslide incident already way too emotionally invested,20,133,1,0,0,0,0,0.007874015748031496,0,0,1
heard theres two more deaths and a murder chrissie kills adam? val and finn die? <hashtag> emmerdale,17,100,1,0,0,0,2,0.010869565217391304,0,0,0
<user> people like you should be charged after the inevitable rioting for contributing to it with your lies,18,107,0,1,0,0,0,0.009174311926605505,0,0,0
late night mcdonalds with friends hilarious although my car is wrecked and there s half a steak pastie in the industrial estate,22,127,0,0,0,0,0,0.0,0,0,0
<user> i wanna see you reboot the fresh prince of bel air bring back the original cast and everything amp do nothing that will ruin the show,27,140,0,1,0,0,0,0.0425531914893617,0,0,0
only had a crush on one girl in high school and she don t even realize it lol,18,77,0,0,0,0,0,0.012987012987012988,0,0,0
no civilian population ever deserves demolition may we never forget amp learn from our mistakes <hashtag> hiroshima,17,115,1,0,0,0,0,0.018518518518518517,0,0,1
photo this is why i am scared to leave my car under trees in a storm <hashtag> jamaicaplain <hashtag> boston <hashtag> hailstorm <url>,23,134,3,0,1,0,0,0.0625,0,0,1
<user> did lloyds of london insure your bet with <user> <hashtag> sinking <hashtag> twins,14,89,2,2,0,0,0,0.11538461538461539,0,0,0
a brave little dog gets rescued from the river his recovery will inspi <url> via <user>,16,87,0,1,1,0,0,0.08928571428571429,0,0,0
the first trial in the death of <hashtag> cecilthelion was just postponed <url> <url>,14,85,1,0,2,0,0,0.08181818181818182,0,0,0
me don t bother calling or texting me because my phone is obliterated has <num> k missed calls and messages,20,107,0,0,0,0,0,0.018867924528301886,0,0,0
all that panicking made me tired i want to sleep in my bed,13,58,0,0,0,0,0,0.0,0,0,1
what s cool is that teens are becoming what i like to call digital first responders for their friends who need a little help or support !!,27,138,0,0,0,2,0,0.014285714285714285,1,0,0
<user> that sounds like the perfect bread! i ll hit up trader joes this wknd ?? not really lol already being inundated with,23,123,0,1,0,1,2,0.04477611940298507,0,0,0
i already had my phone updated to <num> <num> and somehow my phone crashed and i had to restore it and they re not letting me restore it,28,136,0,0,0,0,0,0.015625,0,0,0
keeps askin me what this means not like i got the answers plus if i say the wrong thing this might just turn into a disaster,26,124,0,0,0,0,0,0.03225806451612903,0,0,1
mens cross body canvas waist packs solid letter print sports zipper bags coffee <url> <url>,15,91,0,0,2,0,0,0.152,0,0,0
video we re picking up bodies from water rescuers are searching for hundreds of migrants in <url> <hashtag> africa <hashtag> news,21,129,2,0,1,0,0,0.11029411764705882,0,0,1
short of throwing them overboard himself i don t think any other leader could do much worse by <hashtag> refugees than <user> worst pm ever!,25,140,1,1,0,1,0,0.050359712230215826,0,0,1
new post from <user> <url> new smb relay attack steals user credentials over internet,14,85,0,1,1,0,0,0.1574074074074074,0,0,1
our doctors and nurses in the new pediatric emergency department are all specialized in child services! <url>,17,109,0,0,1,1,0,0.07142857142857142,0,0,0
after the green line derailment my concern for track that looks like this goes up a bit <user> <user> <url>,20,107,0,2,1,0,0,0.0859375,0,0,1
i burned myself today on the oven ?? it was at <num> degrees ??,14,63,0,0,0,0,4,0.01639344262295082,0,0,0
youth electrocuted in khulna <url> <url> via <user>,8,51,0,1,2,0,0,0.10752688172043011,0,0,1
thought it was friday all day today was beyond devastated when i realised it wasn t ??,17,86,0,0,0,0,2,0.04597701149425287,0,0,0
ladies here s how to recover from a <hashtag> date you totally bombed according to men <url> <url>,18,98,1,0,2,0,0,0.14285714285714285,0,0,0
her eyes and words are so icy but she burns like rum on the fire,15,64,0,0,0,0,0,0.0,0,1,0
<user> <user> <user> when push <num> left talk ecology amp human rts amp democracy war afghetc left humanitarian bombing,19,120,0,3,0,0,0,0.0625,0,0,1
fatality <url>,2,14,0,0,1,0,0,0.15625,0,0,1
<user> so traumatised im ?? <url>,6,33,0,1,1,0,4,0.125,0,0,1
wsjthinktank ahead of tonight s <hashtag> gopdebate colleenmnelson explains how a bad debate can derail a campaign <url>,18,120,1,0,1,0,0,0.13432835820895522,0,0,0
daviesmutia breaking news! unconfirmed! i just heard a loud bang nearby in what appears to be a blast of wind from my neighbour s ass,25,133,0,0,0,2,0,0.022058823529411766,0,0,1
<user> love you amp can t wait until collide!!??,9,48,0,1,0,3,4,0.0,1,0,0
casualty insurance jobs against hunt up willinghearted into rpn <url>,10,69,0,0,1,0,0,0.09195402298850575,0,0,0
unr continues severe thunderstorm warning wind <num> mph hail lt <num> in for weston wy and custer fall river pennington sd till <num> <num> p,25,142,0,0,0,0,0,0.14788732394366197,0,0,1
<user> never watched pres think hes a dick like thunder though,11,62,0,1,0,0,0,0.056338028169014086,0,0,0
<hashtag> sinjar massacre <hashtag> yazidis blast lack of action over hostages <url> portland <hashtag> phoenix <hashtag> newyork <hashtag> miami <hashtag> atlanta <hashtag> casper <hashtag> iraq,25,195,8,0,1,0,0,0.1357142857142857,0,0,1
<user> last week wanted the <num> th sense to get blown up so far so good james could win but he s a huge target and will be gone soon,30,134,0,1,0,0,0,0.021739130434782608,0,0,0
the united kingdom and france are bombing daesh in syria voltaire network <url>,13,79,0,0,1,0,0,0.14285714285714285,0,0,1
<user> havnt you crashed ? ??,6,29,0,1,0,0,3,0.0,0,0,0
<num> years after atomic bombs japan still struggles with war past the anniversary of the devastation wrought b <url>,19,117,0,0,1,0,0,0.11029411764705882,0,0,1
<hashtag> usgs m <num> <num> <num> km e of interlaken california time <num> <num> <num> <num> <num> <num> utc <num> <num> <num> <num> <num> <num> <num> <num> at ep <url> <hashtag> sm,32,182,2,0,1,0,0,0.1259259259259259,0,0,0
police walk up on me i be blowin smoke in dey face wanna lock me up cus i got dope shit is gay,23,94,0,0,0,0,0,0.031578947368421054,0,0,0
photo weallheartonedirection i wouldn t let david electrocute himself so i m the asshole <url>,15,94,0,0,1,0,0,0.08547008547008547,0,0,0
he s being put on a stretcher ?? don t want to see that,14,55,0,0,0,0,2,0.017857142857142856,0,0,0
i understand why broke ppl be mad or always hav an attitude now this sht ain t no fun i won t be desolate for long,26,114,0,0,0,0,0,0.008771929824561403,0,0,0
<url> from devastation to elation getting back on my feet helping those willing to help themselves <url>,17,104,0,0,2,0,0,0.15942028985507245,0,0,0
contruction upgrading ferries to earthquake standards in vashon mukilteo q <num> fox <url> <hashtag> earthquakenews,15,115,1,0,1,0,0,0.09917355371900827,0,1,1
among other main factors behind pedestrian fatalities are people failing to yield to a car <url>,16,96,0,0,1,0,0,0.043478260869565216,0,0,1
refugio oil spill may have been costlier bigger than projected <url>,11,68,0,0,1,0,0,0.08235294117647059,0,0,1
<user> <user> he s blazing through this game with the best stealth skills yet nothing beats the silenced m <num>,20,112,0,2,0,0,0,0.041666666666666664,0,0,0
officer wounded suspect killed in exchange of gunfire richmond police say an officer has been wounded and a <url>,19,113,0,0,1,0,0,0.05185185185185185,0,0,1
you wrecked my whole world,5,26,0,0,0,0,0,0.0,0,0,0
there s a fire in the catalinas looks kinda cool this picture doesn t do it justice <url>,18,89,0,0,1,0,0,0.08181818181818182,0,1,1
only you can prevent forest fires ?? <url>,8,42,0,0,1,0,4,0.0967741935483871,0,0,1
police expand search for missing pregnant woman in beloeil police in richelieu saint laurent are expanding th <url>,18,115,0,0,1,0,0,0.058823529411764705,0,0,0
happy birthday <user> ?? i miss you so much amp i hope you have a great birthday!!??,17,84,0,1,0,2,6,0.020618556701030927,1,0,0
<user> now im internally screaming,5,34,0,1,0,0,0,0.5454545454545454,0,0,0
anti collision rear <hashtag> technology <hashtag> cool <url>,8,61,2,0,1,0,0,0.09836065573770492,0,0,0
george njenga the hero saved his burning friend from a razing wildfire <url>,13,76,0,0,1,0,0,0.03125,0,0,1
your psa for the day if a fire truck is behind you with lights going move over!! so they can get to their call,24,110,0,0,0,3,0,0.11504424778761062,1,1,0
food crematoria in russia provoke outrage amid crisis famine memories <url>,11,75,0,0,1,0,0,0.06382978723404255,0,0,1
dr bengston on <hashtag> wildfire management numbers and size of fires areas affected and costs of fighting them all show upward trend <hashtag> smem,24,149,2,0,0,0,0,0.014285714285714285,0,0,1
never let fear get in the way of achieving your dreams! <hashtag> deltachildren <hashtag> instaquote <hashtag> quoteoftheday <hashtag> disney <hashtag> waltdisney <url>,22,168,5,0,1,1,0,0.05,0,0,0
my worst fear <url>,4,19,0,0,1,0,0,0.07894736842105263,0,0,0
<user> she won t harm you,6,25,0,1,0,0,0,0.0,0,0,0
wrecked tired but not gonna be asleep before <num> ??,10,53,0,0,0,0,2,0.020833333333333332,0,0,0
womens flower printed shoulder handbags cross body metal chain satchel bags blue <url> <url>,14,92,0,0,2,0,0,0.1349206349206349,0,0,0
owner of chicago area gay bar admits to arson scheme frank elliott pleaded guilty to hiring an arsonist to to <url>,21,115,0,0,1,0,0,0.11029411764705882,0,0,0
picking up a man in a bar is like a snowstorm you never know when he s coming how many inches you ll get or how long ll he ll stay,31,130,0,0,0,0,0,0.007633587786259542,0,0,0
hi yall this poem is called is the one about the snowstorm when we meet in space and that one time it rained thx ur watching disney chann,28,137,0,0,0,0,0,0.02158273381294964,0,0,0
taylor and cara aka catastrophe and mother chucker behind the scenes of bad blood vote <url> <hashtag> vmas <url>,19,113,1,0,2,0,0,0.14285714285714285,0,0,0
<user> great job done by village hostages,7,41,0,1,0,0,0,0.02,0,0,1
experts in france begin examining airplane debris found on reunion island french air accident experts o <url> <hashtag> news,19,124,1,0,1,0,0,0.08088235294117647,0,0,1
check out my new song collide live at the bowery electric! <url>,12,64,0,0,1,1,0,0.12048192771084337,0,0,0
<user> i fell off someone s back and hit my head on concrete i was bleeding n shit,18,82,0,1,0,0,0,0.03333333333333333,0,0,0
<user> kindly follow back,4,25,0,1,0,0,0,0.034482758620689655,0,0,0
<num> <num> mix new flat double sided linerless bottle caps you choose mix flattened full re <url> <url>,18,104,0,0,2,0,0,0.49640287769784175,0,0,0
the burning legion has returned! <url>,6,38,0,0,1,1,0,0.22807017543859648,0,0,0
the civil rights movement eyewitness history series wexler sanford hardcover <url> <url>,12,88,0,0,2,0,0,0.1532258064516129,0,0,0
rgj truck trailer catches fire in reno <url>,8,44,0,0,1,0,0,0.11290322580645161,0,1,1
if gop want to destroy america then obama is dilutional i should be institutionalize or sued for slander <url>,19,110,0,0,1,0,0,0.09230769230769231,0,0,0
<num> killed <num> injured in madhya pradesh twin train derailment <url>,11,72,0,0,1,0,0,0.0963855421686747,0,1,1
my lil brother has a crush on mariah ??,9,39,0,0,0,0,6,0.046511627906976744,0,0,0
today was such a hastle from getting drug tested blood drown out tb shot to document filling ??,18,95,0,0,0,0,2,0.010101010101010102,0,0,0
obama declares disaster for typhoon devastated saipan obama signs disaster declaration for northern marians a <url>,16,115,0,0,1,0,0,0.11029411764705882,0,0,1
<user> you are terrorist,4,24,0,1,0,0,0,0.06666666666666667,0,0,0
<user> the game has officially collapsed,6,40,0,1,0,0,0,0.0,0,0,0
hermancranston <hashtag> atk <hashtag> letsfootball rt skanndtyagi <hashtag> letsfootball <hashtag> atk wired all these fires are burning through <url>,19,151,4,0,1,0,0,0.10714285714285714,0,0,0
i liked a <user> video <url> boeing <num> takeoff in snowstorm hd cockpit view atc audio episode <num>,18,102,0,1,1,0,0,0.09917355371900827,0,0,1
<user> i fear not for a while,7,29,0,1,0,0,0,0.02857142857142857,0,0,0
<user> just wait until your friends at <hashtag> mta ruin it <hashtag> sorrybutitstrue,13,86,2,1,0,0,0,0.09333333333333334,0,0,0
hundreds feared drowned after another mediterranean asylum seeker boat sinking <url>,11,84,0,0,1,0,0,0.039603960396039604,0,0,1
isis claims responsibility for saudi mosque suicide bombing <url> <url>,10,71,0,0,2,0,0,0.10476190476190476,0,0,1
<user> i was going to tell him but you were body bagging him,13,60,0,1,0,0,0,0.05,0,0,0
zicac vintage leather briefcase messenger satchel tote cross body handbags for womens <url>,13,91,0,0,1,0,0,0.1388888888888889,0,0,0
<hashtag> np avenged sevenfold hail to the king,8,47,1,0,0,0,0,0.15,0,0,0
rly tragedy in mp some live to recount horror <url> <hashtag> topstories <hashtag> india timesofindia,15,101,2,0,1,0,0,0.10891089108910891,0,0,1
and you wonder why he s injured every year <url>,10,48,0,0,1,0,0,0.10606060606060606,0,1,0
also in a matter of weeks amazon s going to be deluged with poorly written indie dystopian fiction about teens escaping from blood farms,24,136,0,0,0,0,0,0.014598540145985401,0,0,0
gunmen kill four in el salvador bus attack suspected salvadoran gang members killed four people and wounded s <url>,19,115,0,0,1,0,0,0.051470588235294115,0,0,1
fresh out da shower lookss ?? still loving this new hair does it ruin my brand? <hashtag> yes <url>,19,99,1,0,1,0,3,0.01818181818181818,0,0,0
fun with my girls! joe cools durban main page <url>,10,51,0,1,1,1,0,0.136986301369863,0,0,0
<user> catastrophe is anything but! i literally have been unable to stop ejaculating,13,84,0,1,0,1,0,0.021739130434782608,0,0,1
residents in the central part of ocean city heard from engineers about flood mitigation options tuesday <hashtag> ocnj <url>,19,124,1,0,1,0,0,0.08888888888888889,0,1,1
mh <num> aircraft debris found on la reunion is from missing malaysia airlines abc onlin <url> g <hashtag> malaysia <hashtag> news,21,130,2,0,1,0,0,0.13970588235294118,0,0,1
pierce the veil rubber bracelet wristband collide with the sky full read by ebay <url> <url>,16,92,0,0,2,0,0,0.234375,0,0,0
rationing of food and water may also become necessary during an emergency such as a natural disaster or terror attack,20,117,0,0,0,0,0,0.00847457627118644,0,0,0
<hashtag> news madhya pradesh train derailment village youth saved many lives <url> <hashtag> til now <hashtag> ndtv,17,116,3,0,1,0,0,0.17757009345794392,0,0,1
witnessed my very first demolition derby today psa that my excitement has not worn down and it s been over <num> hours,22,118,0,0,0,0,0,0.0,0,0,0
<user> lmaov v hard the ny is the the new trend babalmao welcome to nyozi kwaa<hashtag> dead,17,92,1,1,0,0,0,0.043478260869565216,0,1,0
<hashtag> entertainment hollywood movie about trapped miners released in chile santiago chile ap the hollyw <url> <hashtag> news,18,128,2,0,1,0,0,0.13138686131386862,0,0,0
<user> if <num> blks amp <num> whts colluded <num> take wht f <user> auth hostage amp <num> make her look blk w bioterrorism amp use her lgl org idis id still hers? <user>,33,171,0,3,0,0,1,0.2052980132450331,0,0,1
our tipster previews chelsea v swansea amp there s a <num> <num> double! <url> <hashtag> chelsea <hashtag> hazard <url>,19,119,2,0,2,1,0,0.1297709923664122,0,0,0
i <num> vantage backups eastbound with low visibility due to a dust storm about <num> miles east of the bridge,20,110,0,0,0,0,0,0.02857142857142857,0,0,1
new summer long thin body bag hip a word skirt blue <url> <url>,13,63,0,0,2,0,0,0.13402061855670103,0,0,0
a mad catastrophe the outbreak of world war i and the collapse of the <url> <url>,16,81,0,0,2,0,0,0.13333333333333333,0,1,1
when you re taking a shower and someone flushes the toilet and you have <num> second to gtfo or you get burned??,22,112,0,0,0,0,50,0.025477707006369428,0,0,0
rt <user> documenting climate change s first major casualty <url> via <user>,12,76,0,2,1,0,0,0.07407407407407407,0,0,1
pls can all the nittys evacuate stockwell,7,41,0,0,0,0,0,0.022727272727272728,0,0,0
<user> <user> crazy to use the netanyahu argument iran can flush a nuclear reactor down the toilet,17,98,0,2,0,0,0,0.3185840707964602,0,0,1
i m just going to say it under the new reddit policy changes i think r conspiracy will be quarantined and how that s bad for the truth m,29,136,0,0,0,0,0,0.02127659574468085,0,0,0
<user> if i press on the twitch will my head explode?,11,53,0,1,0,0,1,0.07017543859649122,0,0,0
<user> for the people who died in human experiments by unit <num> of japanese military <url> <url>,17,98,0,1,2,0,0,0.11510791366906475,0,0,1
my mama scared of the thunder ??,7,32,0,0,0,0,4,0.029411764705882353,0,0,0
reuters debris confirmed from mh <num> relatives hope for discovery of crash site <url>,14,87,0,0,1,0,0,0.10576923076923077,0,0,1
pandemonium in aba as woman delivers baby without face photos <url>,11,67,0,0,1,0,0,0.1839080459770115,0,0,1
cramer iger s <num> words that wrecked disney s stock <url> <hashtag> cnbc <hashtag> topnews,15,92,2,0,1,0,0,0.06818181818181818,0,0,0
it s lights out again with stage two load shedding stage two load shedding will be in force between <num> pm and <num> pm <url>,25,127,0,0,1,0,0,0.051094890510948905,0,0,0
<num> former executives to be prosecuted in fukushima nuclear disaster <url>,11,76,0,0,1,0,0,0.056179775280898875,0,0,1
ra l sends a message of condolence to vietnam following natural disaster on behalf of the cuban government an <url>,20,115,0,0,1,0,0,0.051094890510948905,0,0,1
jesus christ that ball was fucking crushed!! <hashtag> bluejays,9,63,1,0,0,2,0,0.07407407407407407,1,0,0
<hashtag> what <hashtag> tribal olap <hashtag> world pres <url> how to recognize a hazardous waste and the multidimensi <url>,19,125,3,0,2,0,0,0.14285714285714285,0,0,0
sandstorm!! woo hoo!!,3,21,0,0,0,5,0,0.6818181818181818,1,0,1
<user> <user> <user> moved in a crescent formation small trails of dust left in their wake as they moved,19,104,0,3,0,0,0,0.06015037593984962,0,0,0
officials rescue <num> migrants off libya <num> bodies found fox news <url> <hashtag> news,14,90,1,0,1,0,0,0.10416666666666667,0,0,1
<user> that song have a cool beat like nothing but trouble,11,58,0,1,0,0,0,0.0625,0,0,0
<user> how come scott rice doesn t get another shot holding lefties to a <num> average is he injured?,19,101,0,1,0,0,1,0.01818181818181818,0,1,0
hellfire is surrounded by desires so be careful and don t let your desires control you! <hashtag> afterlife <hashtag> islam,20,123,2,0,0,1,0,0.018691588785046728,0,0,0
don t be the cause of your own self destruction,10,47,0,0,0,0,0,0.02127659574468085,0,0,0
man currensy really be talkin that talk i d be more devastated if he had a ghostwriter than anybody else,20,104,0,0,0,0,0,0.02702702702702703,0,0,1
property casualty insurance rates up <num> in july after several months of no movement commercial property casu <url>,18,117,0,0,1,0,0,0.05185185185185185,0,0,1
<user> <user> fine line btw mass murderer and terrorist yes we don t know if there s polit or social aspect yet however he went to a,27,132,0,2,0,0,0,0.007352941176470588,0,0,0
i hate to talking otp with my grandma i mean i love her as to death but she talk so damn much sshheesshh!! ??,24,109,0,0,0,3,6,0.19166666666666668,1,0,0
our deeds are the reason of this <hashtag> earthquake may allah forgive us all,14,78,1,0,0,0,0,0.14492753623188406,0,1,1
my little heart just exploded <hashtag> otrametlife <hashtag> mtvhottest one direction <url>,12,92,2,0,1,0,0,0.2391304347826087,0,0,0
i like the weird ones like rain of mystical or windstorm or ocean waves <url>,15,77,0,0,1,0,0,0.10526315789473684,0,0,0
<user> ethiopian regimes continue receiving foreign aid when famine struck for <num> years eastern ethiopia <url>,16,113,0,1,1,0,0,0.043795620437956206,0,0,1
everything has sunk in except the fact that i am actually moving to the state of colorado tomorrow been dreaming of it since i was a kid ??,28,139,0,0,0,0,2,0.03571428571428571,0,0,0
<user> <num> dolla says wicked twister won t be running,10,55,0,1,0,0,0,0.0,0,0,0
dad bought a dvd that looks like a science doc on the front but i read the back and it s actually about the impending biblical apocalypse,27,137,0,0,0,0,0,0.0364963503649635,0,0,1
if you ever think you running out of choices in life rembr there s that kid that has no choice but wear a suicide bomb vest,26,123,0,0,0,0,0,0.008130081300813009,0,0,0
ee recalls power bar phone chargers after explosion burns woman the register <url>,13,82,0,0,1,0,0,0.0970873786407767,0,1,1
rainstorm destroys <num> houses in yobe state <url>,8,51,0,0,1,0,0,0.16666666666666666,0,0,1
smokers that ruin that new car smell ??,8,39,0,0,0,0,4,0.0,0,0,0
listening to my grandad talk about his holiday is great but i don t want to be inundated with train photos ??,22,109,0,0,0,0,4,0.018018018018018018,0,0,0
it starts a forest fire that cannot be put out <url>,11,52,0,0,1,0,0,0.5714285714285714,0,1,1
sex workers say credit card bans on online ads do more harm than good <url>,15,75,0,0,1,0,0,0.1956521739130435,0,0,0
physical sense helps preserve memories of <num> triple disaster <num> <num> ajw <url> <hashtag> jishin e <hashtag> nuclear <hashtag> minamisoma,20,143,3,0,1,0,0,0.07936507936507936,0,0,1
flood advisory issued august <num> at <num> <num> pm cdt until august <num> at <num> <num> pm cdt by nws the urban and <url> <hashtag> weather,26,142,1,0,1,0,0,0.23529411764705882,0,1,1
black eye <num> a space battle occurred at star o <num> involving <num> fleets totaling <num> ships with <num> destroyed,20,120,0,0,0,0,0,0.047619047619047616,0,0,0
literally just sunk in we got backty school in exactly a week s s s,15,67,0,0,0,0,0,0.02857142857142857,0,0,0
my man runs into burning buildings for a living but is scared to hit up a girl i don t get it,22,93,0,0,0,0,0,0.021052631578947368,0,0,0
<user> i am so sick of criminals parents and friends rioting when they are killed by police you don t give a damn when officer is,26,129,0,1,0,0,0,0.021897810218978103,0,0,1
<hashtag> reuters twelve feared killed in pakistani air ambulance helicopter crash <url>,12,88,1,0,1,0,0,0.0625,0,0,1
the year is <num> and the national society of meme preservation has opened the first museum where memes and their origins are displaced,23,135,0,0,0,0,0,0.007462686567164179,0,0,0
christian attacked by muslims at the temple mount after waving israeli flag via pamela geller <url>,16,99,0,0,1,0,0,0.10655737704918032,0,0,1
<user> godslove amp <hashtag> thanku my sister helene for rt of new video <url> the coming apocalyptic us earthquake amp tsunami,21,128,1,1,1,0,0,0.16891891891891891,0,1,1
mourning notices for stabbing arson victims stir politics of grief in israel <url>,13,82,0,0,1,0,0,0.0761904761904762,0,0,1
what the hell is wrong with people?!communication! rule with an iron fist ticket to disaster can t swing one day and not the next,24,129,0,0,0,2,1,0.022556390977443608,0,0,0
flood two people dead <num> houses destroyed in kaduna two people have been reportedly killed and <num> houses ut <url>,20,119,0,0,1,0,0,0.06666666666666667,0,1,1
if i fall is men god <user> is d bomb well av always known dat since <num> bigger u i pray sir,22,94,0,1,0,0,0,0.07446808510638298,0,0,1
<user> read american lives first the chronicle <hashtag> freeamirnow <hashtag> freeallfour <hashtag> hostages held by <hashtag> iran <hashtag> irandeal <url>,20,157,5,1,1,0,0,0.15,0,0,1
lt suicide bombing of european union car kills at least three in kabul on <url>,15,79,0,0,1,0,0,0.15306122448979592,0,0,1
every kingdom divided against itself is headed for destruction and no city or house divided against itself will stand matthew <num> <num>,22,137,0,0,0,0,0,0.014925373134328358,0,0,0
<user> <user> <user> <user> i think the risk of losing and getting her nose flattened has a lot to do with it,22,109,0,4,0,0,0,0.06015037593984962,0,0,0
you must be annihilated!,4,24,0,0,0,1,0,0.041666666666666664,0,0,0
volunteers needed to participate in emergency preparedness drill simulating a bioterrorism disaster <url> <user>,14,112,0,1,1,0,0,0.07971014492753623,0,0,1
latest landslide kills three near venice after heavy rain <url>,10,63,0,0,1,0,0,0.1111111111111111,0,0,1
kenny holland crush da vida,5,27,0,0,0,0,0,0.0,0,0,0
men escape car engulfed in flames in parley s canyon crews investigating cause <url> <url>,15,90,0,0,2,0,0,0.1111111111111111,0,0,1
<user> i m all for that to be honest if people want to go on a rampage let them use their own hands and feet no casualties,27,122,0,1,0,0,0,0.037037037037037035,0,0,0
<user> you can now pre order the film on itunes amp watch <num> <num> !! yay! <url> <url> <url>,19,95,0,1,3,3,0,0.2127659574468085,1,0,0
<user> except idk them?? it s really burning ??,9,47,0,1,0,0,8,0.03389830508474576,0,0,0
<user> are you serious?,4,23,0,1,0,0,1,0.0,0,0,0
pandemonium in aba as woman delivers baby without face photos <url>,11,67,0,0,1,0,0,0.17045454545454544,0,0,1
it s my senior year i just wanna go all out,11,43,0,0,0,0,0,0.046511627906976744,0,0,0
this night just blew up rq,6,26,0,0,0,0,0,0.038461538461538464,0,0,0
new giant flames giant full black pantofel info order sms <num> pin <num> <url> pic twitter com pnpizody,18,104,0,0,1,0,0,0.23880597014925373,0,0,1
rick and morty they blew up <url>,7,33,0,0,1,0,0,0.2037037037037037,0,0,0
new article russian food crematoria provoke outrage amid crisis famine memories read more at here <url>,16,103,0,0,1,0,0,0.06504065040650407,0,0,1
i was body bagging on the ??today <num> got to post my score <url>,14,66,0,0,1,0,4,0.07317073170731707,0,0,0
c <num> specially modified to land in a stadium and rescue hostages in iran in <num> <url> <url>,18,96,0,0,2,0,0,0.05384615384615385,0,0,1
<hashtag> du <num> who gon get in this rap battle with me,12,57,1,0,0,0,0,0.045454545454545456,0,0,0
japan marks <num> th anniversary of hiroshima atomic bombing <hashtag> generalnews <url>,12,88,1,0,1,0,0,0.07608695652173914,0,0,1
one thing for sure god has promised israel will not be annihilated but the horror of iran w nukes <url>,20,103,0,0,1,0,0,0.048,0,0,0
a marshall plan for the united states by dambisa moyo via <user> <hashtag> oped <url> via <user>,17,96,1,2,1,0,0,0.10476190476190476,0,0,0
<user> <user> <user> what is happening we hear there is runway lighting damage by a contractor,16,94,0,3,0,0,0,0.05217391304347826,0,0,1
<user> gm! i pray any attack of the enemy <num> derail ur destiny is blocked by the lord amp that he floods ur life w heavenly blessings,27,136,0,1,0,1,0,0.05714285714285714,0,0,0
earthquake drill ??,3,19,0,0,0,0,6,0.043478260869565216,0,1,0
<user> why is no one talking about the risk of a suicide bomber hiding amongst the migrants stowing aboard the eurotunnel trains?,22,129,0,1,0,0,1,0.014925373134328358,0,0,1
no pharrell only you can prevent forest fires ??,9,48,0,0,0,0,2,0.05660377358490566,0,0,0
fedex no longer will transport bioterror germs <url> via <user>,10,63,0,1,1,0,0,0.14457831325301204,0,0,0
<user> changing my weapon!,4,26,0,1,0,1,0,0.0,0,0,0
nigerian boxer ?who survived sessions with klitschko becomes famous on youtube <url>,12,84,0,0,1,0,1,0.1188118811881188,0,0,0
despite the crippling anxiety and overwhelming panic attacks i d say i m fairly well adjusted,16,93,0,0,0,0,0,0.031914893617021274,0,0,0
oops bounty hunters try to raid phoenix police chief s home <url>,12,65,0,0,1,0,0,0.07228915662650602,0,0,0
but even if the stars and moon collide i never want you back into my life??,16,75,0,0,0,0,6,0.025,0,0,0
<user> m believe my blue not isis kwwkwwk without weapon blue will hug me jiahahahha yeyeulala,16,94,0,1,0,0,0,0.01834862385321101,0,0,0
i added a video to a <user> playlist <url> cher lloyd sirens,12,60,0,1,1,0,0,0.12345679012345678,0,0,0
hiroshima one of history s worst examples of mass murder <url> <hashtag> hiroshima <hashtag> war <hashtag> atombomb <hashtag> japan,19,131,4,0,1,0,0,0.043478260869565216,0,0,1
fresh encounter in pulwama of j amp amp k one terrorist killed others holed up inside a house <url>,19,99,0,0,1,0,0,0.05172413793103448,0,0,1
map shows where all of california s wild<hashtag> fires are burning this map created by cal fire <url> <url>,19,108,1,0,2,0,0,0.13138686131386862,0,1,1
malaysia seem more certain than france plane debris is from missing mh <num> <url>,14,82,0,0,1,0,0,0.10204081632653061,0,0,1
how american war planners singled out hiroshima for destruction <url>,10,69,0,0,1,0,0,0.09302325581395349,0,0,1
twia board approves <num> percent rate hike the texas windstorm insurance association twia board of directors v <url>,18,117,0,0,1,0,0,0.14705882352941177,0,0,1
severe thunderstorm pictures from across the mid south <url>,9,60,0,0,1,0,0,0.15584415584415584,0,0,1
california amp <hashtag> <num> monster amp <hashtag> <num> fire is <num> contained as <num> are told to evacuate <url>,19,118,2,0,1,0,0,0.05309734513274336,0,1,1
hey bitch blow me uh no stick your dick in some water then an outlet so u get electrocuted,19,90,0,0,0,0,0,0.021052631578947368,0,0,0
the blazing elwoods <user> don t bother me doug s song tune <url>,13,65,0,1,1,0,0,0.16666666666666666,0,0,0
<user> funny cause my dumb ass was the young one to get n trouble the most lol,17,78,0,1,0,0,0,0.0,0,0,1
jkl issues hazardous weather outlook hwo <url> <hashtag> wx,9,59,1,0,1,0,0,0.17142857142857143,0,0,1
owner of chicago area gay bar admits to arson scheme <url> via <user> <hashtag> lgbt <url>,16,90,1,1,2,0,0,0.14960629921259844,0,0,0
<hashtag> tubestrike derailed you? our <hashtag> robertwelch cutlery offers will get you back on track <url> <url>,17,114,2,0,2,0,1,0.06923076923076923,0,0,0
it s been raining since you left me now i m drowning in the flood you see i ve always been a fighter but without you i give up,29,126,0,0,0,0,0,0.05555555555555555,0,1,0
national briefing west california spring oil spill estimate grows documents released on wednesday d <url> nyt,16,109,0,0,1,0,0,0.125,0,0,1
greece s tax revenues collapse as debt crisis continues <url>,10,61,0,0,1,0,0,0.038461538461538464,0,1,1
if you were the nws wth a rotating storm w a report of a huge massive violent tornado what would you do? <url>,23,110,0,0,1,0,1,0.19424460431654678,0,0,1
going to the beach with jim alves means a guaranteed rainstorm <hashtag> lucky <url>,14,84,1,0,1,0,0,0.0425531914893617,0,0,0
california spring oil spill estimate grows by the associated press via nyt <url>,13,80,0,0,1,0,0,0.297029702970297,0,0,1
san bernardino i <num> w eo redlands blvd trfc collision no inj <url>,13,69,0,0,1,0,0,0.19318181818181818,0,0,0
i liked a <user> video from <user> <url> minecraft skywars o blaze que usa hack e flechadas sinistras!,18,102,0,2,1,1,0,0.352,0,0,0
<hashtag> deai ?? ?? ?? suicide bomber kills <num> in saudi security site mosque reuters <url>,16,94,4,0,1,0,9,0.046296296296296294,0,0,1
<user> we must refuse to become a nation with everyone living in fear of being shot unawares by intoxicated amp or crazy people,23,127,0,1,0,0,0,0.021739130434782608,0,0,1
<user> <hashtag> askh <num> cz i m jealous now bc i wanted a elgato hd for my bday so i can record videos but i didnt have the money for it,31,139,1,1,0,0,0,0.015384615384615385,0,0,0
<user> so many specs so much fan service so much lore destruction,12,65,0,1,0,0,0,0.029850746268656716,0,0,0
the drought is real ??,5,22,0,0,0,0,6,0.15384615384615385,0,0,1
it s a miracle that mankind survived <num> years since one of the worst days in its history all bets are off if it will survive the next <num>,29,142,0,0,0,0,0,0.014492753623188406,0,0,1
roof collapsed a bowling alley many in the community remember going to for more than <num> years <user> <url>,19,109,0,1,1,0,0,0.07317073170731707,0,0,1
dust storm en route from alice springs to uluru <url>,10,53,0,0,1,0,0,0.1111111111111111,0,0,1
i can t believe <user> photo bombed a screenshot,9,48,0,1,0,0,0,0.01818181818181818,0,0,0
waiting for my chocolate lava cakes to get here ??,10,50,0,0,0,0,6,0.0,0,0,0
so when r u getting married <user> oh finally jennifer aniston got married?? i m so happy for her ??,20,100,0,1,0,0,12,0.058823529411764705,0,0,0
<num> yr old pkk suicide bomber who detonated bomb in turkey army trench released <url>,15,87,0,0,1,0,0,0.07,0,0,1
he came to a land which was engulfed in tribal war and turned it into a land of peace i e madinah <hashtag> prophetmuhammad <hashtag> islam,26,139,2,0,0,0,0,0.032520325203252036,0,0,0
ok severe thunderstorm warning issued august <num> at <num> <num> pm cdt until august <num> at <num> <num> pm cdt by nws <url> <hashtag> okwx,25,141,1,0,1,0,0,0.18461538461538463,0,0,1
horror films are made by incredibly creative artists we interviewed <num> of them in depth for the anatomy of fear <url>,21,120,0,0,1,0,0,0.051470588235294115,0,0,1
just had a heart attack because i thought my goat was dead ?? don t worry rocket is okay ??,20,91,0,0,0,0,6,0.031578947368421054,0,1,0
check out want twister tickets and a vip experience to see shania? click here at <url> i would love love love!! to win,23,118,0,0,1,2,1,0.34532374100719426,1,0,0
the prophet peace be upon him said save yourself from hellfire even if it is by giving half a date in charity,22,109,0,0,0,0,0,0.03508771929824561,0,0,0
service on the green line has resumed after an earlier derailment near garfield with residual delays,16,100,0,0,0,0,0,0.039603960396039604,0,0,1
<user> <user> the legal system never forgets,7,44,0,2,0,0,0,0.0847457627118644,0,0,0
<user> <user> and <user> can t survive without referring <user> without mr modi they are big zeros,17,98,0,5,0,0,0,0.14728682170542637,0,0,0
new ladies shoulder tote <hashtag> handbag faux leather hobo purse cross body bag <hashtag> womens <url> <url> rt en,19,116,2,0,2,0,0,0.15827338129496402,0,0,0
new explosion proof tempered glass screen protector film for blackberry z <num> full read by <url> <url>,17,104,0,0,2,0,0,0.11510791366906475,0,1,0
yessum i m traumatised ??,5,25,0,0,0,0,2,0.08,0,0,0
go easy on her paul the poor woman has been traumatised by a cake <hashtag> gbbo,16,80,1,0,0,0,0,0.056338028169014086,0,0,0
okay the cat has been quarantined in my bathroom its meowing really loud but i turned up the tv louder things just might work out okay,26,134,0,0,0,0,0,0.021739130434782608,0,0,0
welcome <user> <user> <user> <user> <user> <hashtag> family <hashtag> cleveland <hashtag> standup <user> <url>,14,110,3,6,1,0,0,0.18248175182481752,0,0,0
forever drowning in my feelings,5,31,0,0,0,0,0,0.0,0,0,0
severe weather bulletin no <num> for typhoon <hashtag> hannaph soudelor tropical cyclone warning issued at <num> <num> pm <num> <url>,20,133,1,0,1,0,0,0.5633802816901409,0,0,1
<user> <user> hate to shatter your delusions but a hatchet is a deadly weapon justifying lethal force <hashtag> gunsense,19,120,1,2,0,0,0,0.03333333333333333,0,0,0
<hashtag> hot reddit s new content policy goes into effect many horrible subreddits banned or quarantined <url> <hashtag> prebreak <hashtag> best,21,145,3,0,1,0,0,0.03676470588235294,0,0,0
thanks!! <user> dante do join us by following the <user> zone johnny,12,68,0,2,0,5,0,0.6896551724137931,1,0,0
jax mk <num> stage fatality uud lk close,8,40,0,0,0,0,0,0.275,0,0,0
the twins survived their first day of high school!! they re gonna have a great year!! <hashtag> makinmemories <num> <url>,20,121,1,0,1,4,0,0.038461538461538464,1,0,0
my <hashtag> mantra this morning!! heading out to make a whirlwind trip down south <url>,15,88,1,0,1,2,0,0.05,1,0,0
<user> <user> <user> <user> on the christie hillside game <num> pandemonium at the pits <url>,15,93,0,4,1,0,0,0.14285714285714285,0,0,0
skinny jeans are hazardous for your health! <hashtag> socialnews <url>,10,70,1,0,1,1,0,0.11538461538461539,0,0,1
photo hundreds of rescued migrants await disembarkment from an irish naval vessel at palermo italy <user> <url>,17,111,0,1,1,0,0,0.09285714285714286,0,0,1
businesses are deluged with inroices make yours stand out with colour or shape and it s likely to rise to the top of the pay pile,26,129,0,0,0,0,0,0.015151515151515152,0,0,0
let s talk some more about your goof guild saunders come right up here on stage <url>,17,85,0,0,1,0,0,0.04672897196261682,0,0,0
officials say a quarantine is in place at a birmingham home over a possible ebola case edward khan of the <url>,21,111,0,0,1,0,0,0.06015037593984962,0,0,1
they are evacuating buildings in that area of state road <num> we still don t have confirmation of what is on fire,22,114,0,0,0,0,0,0.035398230088495575,0,1,1
the opposite of love is fear here s why <url>,10,45,0,0,1,0,0,0.140625,0,0,1
rescued med migrants arrive in sicily <url>,7,43,0,0,1,0,0,0.1,0,0,1
iranian warship points weapon at u s helicopter official says <url> <hashtag> tcot,13,82,1,0,1,0,0,0.07692307692307693,0,0,1
nws flash flood warning continued for shelby county until <num> <num> pm wednesday <url> <hashtag> tnwx,16,103,1,0,1,0,0,0.16822429906542055,0,1,1
madhya pradesh train derailment village youth saved many lives,9,62,0,0,0,0,0,0.14285714285714285,0,0,1
nobody remembers who came in second charles schulz,8,50,0,0,0,0,0,0.05660377358490566,0,0,0
i think a typhoon just passed through here lol,9,46,0,0,0,0,0,0.043478260869565216,0,0,1
wow what beauty lies within every storm taken today after a rainstorm at a amp b pipeliners <url>,18,97,0,0,1,0,0,0.06956521739130435,0,0,1
former heroin addict shares story as city leaders sound alarm city officials said emergency teams responded t <url>,18,115,0,0,1,0,0,0.0661764705882353,0,0,1
stretcher bearers were soldiers whose job was to follow behind the advance and bring the wounded back into their <url>,20,118,0,0,1,0,0,0.028985507246376812,0,0,0
i ve been meaning to harm you in the best way i see fit??,14,57,0,0,0,0,2,0.03508771929824561,0,0,0
<hashtag> playingnow <hashtag> bloodbound seven angels media stream <url>,9,73,2,0,1,0,0,0.2777777777777778,0,0,0
im feeling attacked <url>,4,25,0,0,1,0,0,0.09523809523809523,0,0,0
i tried to save mido macia one of the murder accused has testified he tried to save mido macia s life <url>,22,107,0,0,1,0,0,0.08461538461538462,0,0,0
i added a video to a <user> playlist <url> doc volcanoes and earthquakes inside the volcano,16,91,0,1,1,0,0,0.08849557522123894,0,0,1
how empire avenue crushed my soul <url> via <user>,9,50,0,1,1,0,0,0.10666666666666667,0,0,0
lately i ve been under pressure make me wanna put a fuck niqqa on a stretcher,16,77,0,0,0,0,0,0.025974025974025976,0,0,0
i tried making a chocolate and peanut butter lava cake using my <hashtag> shakeology protein shake mix and a <url>,20,114,1,0,1,0,0,0.06349206349206349,0,0,0
the latest more homes razed by northern california wildfire abc news <url>,12,74,0,0,1,0,0,0.1595744680851064,0,0,1
this from the city of calgary city of calgary has activated municipal emergency plan the municipal emergency <url>,18,114,0,0,1,0,0,0.1079136690647482,0,0,1
how standardized tests harm children of color and what we can do about it <url> via <user> cc <user>,19,100,0,2,1,0,0,0.05303030303030303,0,0,0
uribe demolished that ball ??,5,29,0,0,0,0,6,0.030303030303030304,0,0,0
so paulista injured wilshere,4,28,0,0,0,0,0,0.0,0,1,0
<user> <user> <user> <user> <user> yet still why did so many fish die in the worldwide flood? i wonder,19,102,0,5,0,0,1,0.07633587786259542,0,1,0
ng <num> x <num> mhtw <num> fnet watch michael jordan absolutely destroy this meme baiting camper foxsportscom,17,110,0,0,0,0,0,0.07291666666666667,0,0,0
new explosion proof tempered glass screen protector film for blackberry z <num> full read by <url> <url>,17,104,0,0,2,0,0,0.1510791366906475,0,1,0
<hashtag> dream <hashtag> magic the <hashtag> linden method lite version <hashtag> <num> anxiety panic cure program <url> the lind <url>,20,136,4,0,2,0,0,0.10526315789473684,0,0,0
lrt look at all my tom feels flooding back,9,42,0,0,0,0,0,0.8095238095238095,0,0,0
everyone s wonder who will win and i m over here wondering are those grapes real ?? <hashtag> bb <num>,20,102,1,0,0,0,6,0.03225806451612903,0,0,0
<hashtag> putin decree results in destruction of <num> tons of imported cheese near russia ukraine border rt <user> <url>,19,121,1,1,1,0,0,0.06766917293233082,0,0,1
<num> <num> <hashtag> earthquake in <num> km s of volcano hawaii <hashtag> iphone users download the earthquake app for more information <url>,22,142,2,0,1,0,0,0.109375,0,1,1
back in <num> to <num> would never said that <num> would have ended ja like obliteration,16,88,0,0,0,0,0,0.012658227848101266,0,0,0
army names <num> th mountain units for iraq afghanistan deployments deeds <url>,12,79,0,0,1,0,0,0.11702127659574468,0,0,0
last chance animal rescue has <num> new posts <url> <hashtag> animalrescue <url>,12,80,1,0,2,0,0,0.10476190476190476,0,0,0
tkyonly <num> fmk breaking news! unconfirmed! i just heard a loud bang nearby in what appears to be a blast of wind from my neighbour s ass,27,139,0,0,0,2,0,0.022058823529411766,0,0,0
news update huge cliff landslide on road in china watch the moment a cliff collapses as huge chunks of rock fall <url>,22,118,0,0,1,0,0,0.05714285714285714,0,0,1
small casualty on the way to colorado <url>,8,43,0,0,1,0,0,0.13333333333333333,0,0,1
fatality scary af probably not the best falcon but still scary,11,62,0,0,0,0,0,0.03125,0,0,0
new post people are finally panicking about cable tv <url>,10,58,0,0,1,0,0,0.08974358974358974,0,0,0
us navy sidelines <num> newest subs <url> defensenews comus navy sidelines <num> newest subsd <url> <hashtag> navy,17,114,1,0,2,0,0,0.1897810218978102,0,0,1
if the taken movies took place in india <num> vine by <user> <url>,13,66,0,1,1,0,0,0.10588235294117647,0,0,0
<user> make natural disaster reporting more interesting by adding the to headlines such as rescuers are sifting through the wreckage,20,132,0,1,0,0,0,0.02857142857142857,0,0,0
totoo! totoo! <user> dust storm approaching stratford texas <num> th april <num> <url>,13,86,0,1,1,2,0,0.08870967741935484,0,0,1
<user> democrats restricted blacks from voting in <num> landslide lyndon johnson won senate election by <num> votes of dead people in texas!,22,140,0,1,0,1,0,0.10714285714285714,0,1,0
boy saves autistic brother from drowning a nine year old in maine dove into a pool to save his autistic brother from drowning,23,125,0,0,0,0,0,0.023809523809523808,0,0,1
crying out for more! set me ablaze,7,34,0,0,0,1,0,0.058823529411764705,0,0,0
no <hashtag> news of <hashtag> hostages in <hashtag> libya <url> <hashtag> india <hashtag> terrorism <hashtag> africa <hashtag> ap <hashtag> ts <hashtag> nri <hashtag> news <hashtag> trs <hashtag> tdp <hashtag> bjp <url>,31,220,13,0,2,0,0,0.18705035971223022,0,0,1
i just heard a really loud bang and everyone is asleep great,12,60,0,0,0,0,0,0.016666666666666666,0,0,0
demolished my personal best <url>,5,33,0,0,1,0,0,0.21568627450980393,0,0,0
what a win by kerry <num> <num> <hashtag> obliteration,9,54,1,0,0,0,0,0.045454545454545456,0,0,0
hollywood movie about trapped miners released in chile the <num> hollywood movie about trapped miners starring <url>,17,116,0,0,1,0,0,0.09558823529411764,0,0,0
<user> no reported flooding po in the area ten <num> <hashtag> mmda,12,67,1,1,0,0,0,0.03076923076923077,0,0,0
when the world say finish god says don t fear <url> <hashtag> choosegod <hashtag> restoringpaths,15,96,2,0,1,0,0,0.10204081632653061,0,0,0
<user> flattened frog?,3,22,0,1,0,0,1,0.0,0,0,0
you can t watch home alone <num> without telling your kids she used to be on casualty <hashtag> homealone <num> <hashtag> film <num>,23,132,2,0,0,0,0,0.04672897196261682,0,0,0
<hashtag> africanbaze breaking news nigeria flag set ablaze in aba <url>,11,72,1,0,1,0,0,0.2073170731707317,0,0,1
<user> ceo divestitures and <hashtag> catastrophe losses temper q <num> <hashtag> results <url>,13,95,2,1,1,0,0,0.15306122448979592,0,0,0
no one told me you can drown yourself by drinking too much water,13,64,0,0,0,0,0,0.015384615384615385,0,0,0
two giant cranes holding a bridge collapse into nearby homes <url>,11,66,0,0,1,0,0,0.060240963855421686,0,1,1
i had a airplane accident,5,25,0,0,0,0,0,0.038461538461538464,0,0,1
all i need in this life of sin is just me and my girlfriend down to ride till the bloody end just me and my girlfriend,26,118,0,0,0,0,0,0.0423728813559322,0,0,0
sticks and stones may break my bones but words will never harm me,13,65,0,0,0,0,0,0.0,0,0,0
hey girl you must be toe hobbit part two ghe desolation of smaug because i m not interested in seeing you sorry,22,111,0,0,0,0,0,0.0782608695652174,0,0,0
ee recalls power bar battery packs after explosion in student s bedroom <url>,13,77,0,0,1,0,0,0.09574468085106383,0,1,1
i lava you! ??,4,14,0,0,0,1,4,0.0,0,0,0
don t get on i <num> south huge wreck and airlift and maybe some deaths interstate is completely blocked,19,104,0,0,0,0,0,0.009708737864077669,0,0,1
new <hashtag> photo oak in a snowstorm <url> taken in <hashtag> winter on the <hashtag> southdowns <hashtag> hampshire <hashtag> photography <hashtag> art <hashtag> tree <hashtag> treeporn,26,188,8,0,1,0,0,0.08270676691729323,0,0,1
lately i been stressing make me wanna put a fuck nigga on a stretcher!,14,70,0,0,0,1,0,0.02857142857142857,0,0,0
the end!,2,8,0,0,0,1,0,0.125,0,0,0
longest streak of triple digit heat since <num> forecast in dallas an unrelenting and dangerous heat wave will <url>,19,116,0,0,1,0,0,0.07352941176470588,0,0,1
media stocks are getting destroyed dis foxa cmcsa sni amcx viab via twx <url>,14,77,0,0,1,0,0,0.3229166666666667,0,0,0
<user> <user> <user> <user> they didn t succeed the other two times either bomb didn t detonate amp shots missed,20,112,0,4,0,0,0,0.06993006993006994,0,0,1
currently driving through a dust storm <url>,7,44,0,0,1,0,0,0.08064516129032258,0,0,1
why are you drowning in low self image? take the quiz <url> <url>,13,65,0,0,2,0,1,0.07,0,0,0
i had school today and i ve already had a panic attack thank you high school for sucking !!,19,91,0,0,0,3,0,0.03225806451612903,1,0,0
kindermorgan gas explosion,3,26,0,0,0,0,0,0.0,0,1,1
i have completed the quest demolish <num> murlo in the <hashtag> android game the tribez <url> <hashtag> androidgames <hashtag> gameinsight,20,139,3,0,1,0,0,0.07575757575757576,0,0,0
severe thunderstorm warning issued august <num> at <num> <num> pm cdt until august <num> at <num> <num> pm cdt by nws <url>,22,123,0,0,1,0,0,0.17647058823529413,0,0,1
don avoid wearing dead black flaming red and stark white so much and esp at debate go with your blue gold brown even to shoes and,26,129,0,0,0,0,0,0.007575757575757576,0,1,0
next may i ll be free from school from obligations like family best of all that damn curfew,18,91,0,0,0,0,0,0.04,0,0,1
<user> <user> <user> today s <hashtag> metro commute debacle w derailed non passenger train shows clearly we need a rail mgr ceo!,22,129,1,3,0,1,0,0.10218978102189781,0,0,1
maybe if the stars align maybe if our worlds collide,10,52,0,0,0,0,0,0.019230769230769232,0,0,0
mh <num> aircraft debris found on la reunion is from missing malaysia airlines abc online <url>,16,95,0,0,1,0,0,0.15517241379310345,0,0,1
<hashtag> oilandgas exploration takes seismic shift in <hashtag> gabon to <hashtag> somalia <url> via <user>,15,108,3,1,1,0,0,0.12871287128712872,0,0,1
<user> <user> <user> tragedy of commons pertains to public ownership not property rights based markets the opposite of what you say,21,131,0,3,0,0,0,0.036231884057971016,0,0,0
<user> <user> i m hampered by only liking cross body bags i really like ella vickers bags machine washable <url>,20,112,0,2,1,0,0,0.06521739130434782,0,0,0
hank williams jr country boys can survive official music video <url> via <user>,13,79,0,1,1,0,0,0.14150943396226415,0,0,0
the art world s seismic shift back to the oddball observer <url>,12,64,0,0,1,0,0,0.14457831325301204,0,0,0
<hashtag> lonepine remembered around australia as descendants grow via <user> <hashtag> gallipoli <hashtag> ww <num> <url> <url>,17,128,3,1,2,0,0,0.11594202898550725,0,0,0
loans until settlement day ?? emergency money advances treasure house self outbreed yours below take home akx,17,109,0,0,0,0,2,0.02654867256637168,0,0,0
sirens everywhere!,2,18,0,0,0,1,0,0.05555555555555555,0,0,0
<user> <user> hostages are meaningless might as well just play cod search and destroy,14,85,0,2,0,0,0,0.020618556701030927,0,0,0
police respond to crash find suspected heroin <url>,8,51,0,0,1,0,0,0.04285714285714286,0,0,1
pretty neat website to get the latest drought conditions in your area <url>,13,75,0,0,1,0,0,0.043010752688172046,0,0,1
i don t laugh out loud at many things but man i really lol the big bang theory,18,78,0,1,0,0,0,0.036585365853658534,0,0,0
there s a weird siren going off here i hope hunterston isn t in the process of blowing itself to smithereens,21,108,0,0,0,0,0,0.02654867256637168,0,0,1
how about a book describing the future of therapies technologies sport sexuality bioterrorism and diagnosis? <hashtag> digitalhealth <hashtag> hcsm,19,147,2,0,0,0,1,0.007751937984496124,0,0,0
just bought another <user> <num> medium crash!! hey <user> what about an endorsement! starting to get expensive!,17,112,0,2,0,4,0,0.024193548387096774,1,0,0
<user> <user> <user> <user> rioting,5,35,0,4,0,0,0,0.03636363636363636,0,0,1
a group of florida forest service firefighters could be deployed to california to help contain fires details at <num> ! <url>,21,125,0,0,1,1,0,0.07913669064748201,0,0,1
gears of war <num> ! preview member come chat! xb <num> ! welcome to the danger zone! <url>,18,91,0,0,1,4,0,0.25252525252525254,0,0,0
not a catastrophe at all i m perfectly content being the only one means nothing when i m being controlled text me if you got crap to say,28,136,0,0,0,0,0,0.014492753623188406,0,0,0
amateur night actress reprises role for siren horrormovies ca <hashtag> horror <url>,12,84,1,0,1,0,0,0.12244897959183673,0,0,1
smoke with me baby and lay with me baby and laugh with me baby i just want the simple things,20,92,0,0,0,0,0,0.021739130434782608,0,0,0
is claims suicide bombing against saudi police an islamic state group suicide bomber on thursday detonated an <url>,18,115,0,0,1,0,0,0.08823529411764706,0,0,1
now playing landslide by smashing pumpkins <url> <hashtag> <num> x,10,66,1,0,1,0,0,0.1267605633802817,0,0,0
<user> your tweet was quoted by <user> <url>,8,44,0,2,1,0,0,0.16417910447761194,0,0,0
i stand alone don t piss and moan about my choices made if i must reap the whirlwind so be it i ll do so with demeanor calm and staid,30,133,0,0,0,0,0,0.03007518796992481,0,0,0
<hashtag> boy <hashtag> mix ultimate <hashtag> preparedness library <url> prepare yourself for any catastrophe over <num> <url>,17,127,3,0,2,0,0,0.09022556390977443,0,0,1
a siren just went off and it wasn t the forney tornado warning ??,14,65,0,0,0,0,2,0.015384615384615385,0,0,1
watch this airport get swallowed up by a sandstorm in under a minute <url>,14,74,0,0,1,0,0,0.17582417582417584,0,0,1
i m blazing rn and there s nothing you can do to stop me,14,56,0,0,0,0,0,0.017857142857142856,0,0,0
must get hot in burning buildings loses followers <url>,9,55,0,0,1,0,0,0.06578947368421052,0,0,1
wreckage conclusively confirmed as from mh <num> malaysia pm investigators and the families of those who were <url>,18,115,0,0,1,0,0,0.11029411764705882,0,0,1
pak army helicopter crashed in mansehra,6,39,0,0,0,0,0,0.1,0,0,1
reddit updates content policy promises to quarantine extremely offensive communities <url>,11,90,0,0,1,0,0,0.04424778761061947,0,0,0
islamic state group in egypt threatens to kill croat hostage <url>,11,66,0,0,1,0,0,0.12048192771084337,0,0,1
we found a sunflower explosion on our walk <url> <url>,10,54,0,0,2,0,0,0.0898876404494382,0,1,1
lmao that light skin guy blew up on twitter by talking about how ugly he was as a kid,19,85,0,0,0,0,0,0.022988505747126436,0,0,0
<url> rescued med migrants arrive in sicily hundreds of migrants rescued <url>,12,78,0,0,2,0,0,0.10344827586206896,0,0,1
like it affects every level of life you re expecting me to buy everything and still survive with my limited pocket money,22,120,0,0,0,0,0,0.008333333333333333,0,0,0
<hashtag> hot c <num> specially modified to land in a stadium and rescue hostages in iran in <num> <url> <hashtag> prebreak <hashtag> best,23,138,3,0,1,0,0,0.047619047619047616,0,0,1
crazy mom threw teen daughter a nude twister sex party according to her friend <num> more pics <url> <url>,19,106,0,0,2,0,0,0.16176470588235295,0,0,0
consent order on cleanup underway at csx derailment site knoxville news sentinel <url> <url>,14,92,0,0,2,0,0,0.140625,0,0,1
<user> i felt bad for romero he cared but mental stuff sunk his career i worry same thing will happen to hutch <hashtag> bluejays,24,129,1,1,0,0,0,0.05263157894736842,0,0,0
<user> screams <num>,3,20,0,1,0,0,0,0.07692307692307693,0,0,0
mp trains derailment it s the freakiest of freak accidents mp trains derailment it s the freakiest of <url>,19,107,0,0,1,0,0,0.0821917808219178,0,0,1
show me a hero tv review <url> <url>,8,36,0,0,2,0,0,0.2054794520547945,0,0,0
i just added sandy first responders lost their homes to vip home page group on <user> <url>,17,91,0,1,1,0,0,0.16964285714285715,0,0,1
during drag me down last night i was screaming shell of a mannequin instead of shell of a man and i think everyone hated me there,26,129,0,0,0,0,0,0.015037593984962405,0,0,0
god forbid this is true <hashtag> california has enough problems with severe <hashtag> drought amp <hashtag> wild fires <url> <hashtag> nuclear power <hashtag> sanonofre,24,169,5,0,1,0,0,0.0763888888888889,0,0,1
brace yourself <user> by sunday evening you will inundated with thousands of calls from depressed <user> fans <url>,18,115,0,2,1,0,0,0.04316546762589928,0,0,0
investigators rule catastrophic structural failure resulted in <num> virg related articles <url>,12,96,0,0,1,0,0,0.0782608695652174,0,0,1
<num> years after atomic bombs japan still struggles with war past the anniversary of the devastation wrought b <url>,19,117,0,0,1,0,0,0.1037037037037037,0,0,1
a new favorite midfield general disco sirens house edm version soni soner by <user> <url> on <hashtag> soundcloud,18,113,1,1,1,0,0,0.140625,0,0,0
<user> worry about yourself,4,27,0,1,0,0,0,0.058823529411764705,0,0,0
<num> displaced by ocean township apartment fire <hashtag> newyork <url>,10,72,1,0,1,0,0,0.08860759493670886,0,1,1
<hashtag> pt cross sectarian protest powerful shia cleric says militias must withdraw ur fightin isis but we wont forget damage uve done to ur ppl,25,146,1,0,0,0,0,0.05,0,0,1
<num> <num> lionel trains smoke locomotives with magne traction instructions <url> <url>,12,88,0,0,2,0,0,0.5284552845528455,0,0,0
domestic terrorism no ifs ands or buts about it you created this <user> <url>,14,77,0,1,1,0,0,0.24468085106382978,0,0,0
how can we help save a beautiful town in ontario from destruction by a power plant developer? <url>,18,99,0,0,1,0,1,0.05172413793103448,0,0,0
young children among those rescued from capsized boat off libya <url> via <user>,13,80,0,1,1,0,0,0.08411214953271028,0,0,1
uribe just annihilated that baseball <hashtag> mets,7,51,1,0,0,0,0,0.046511627906976744,0,0,0
<hashtag> latestnews tension in bayelsa as patience jonathan plans to hijack apc pdp,13,84,1,0,0,0,0,0.2236842105263158,0,0,1
fedex no longer will ship potential bioterror pathogens fedex corp nyse fdx will no longer deliver packages <url>,18,113,0,0,1,0,0,0.1,0,0,1
why did god order obliteration of ancient canaanites? <url>,9,59,0,0,1,0,1,0.11842105263157894,0,0,0
rt kurtkamka beautiful desolation just me a couple of coyotes some lizards and the morning sun <hashtag> phoenix <hashtag> ariz <url>,21,133,2,0,1,0,0,0.06521739130434782,0,0,1
escape the heat and the <hashtag> orshow for a trail run on desolation loop you ll be glad you did <url> <url>,22,110,1,0,2,0,0,0.10948905109489052,0,0,0
i m drowning in spirits to wash you out,9,39,0,0,0,0,0,0.02564102564102564,0,0,0
<num> pair new <num> w <num> round led work driving flood light off road atv utv full read by ebay <url> <url>,22,110,0,0,2,0,0,0.22627737226277372,0,1,0
statistically i m at more of risk of getting killed by a cop than i am of dying in an airplane accident,22,103,0,0,0,0,0,0.028846153846153848,0,0,0
budget? oh i am in trouble but yes i would agree <hashtag> varagesale <user>,14,76,1,1,0,0,1,0.1038961038961039,0,0,0
new warning for central hills <num> hail <num> mph winds not affecting sturgis but could later tonight <hashtag> kotaweather <url>,20,130,1,0,1,0,0,0.14925373134328357,0,0,1
virgin galactic crash early unlocking of brakes triggered structural failure the crash of a virgin galactic <url>,17,113,0,0,1,0,0,0.051470588235294115,0,0,1
gulfport energy all in realizations fall off a cliff <url>,10,58,0,0,1,0,0,0.15584415584415584,0,0,0
wackoes like <hashtag> michelebachman predict the world will soon be obliterated by a burning firey inferno but can t accept <hashtag> globalwarming!! hello!!,23,158,2,0,0,4,0,0.30714285714285716,1,0,0
when the answer my friend isn t blowing in the wind it s yelling! how to survive a dust storm <url> <url>,22,105,0,0,2,1,0,0.16428571428571428,0,0,1
crptotech tsunami and banks <url> <hashtag> banking <hashtag> tech <hashtag> bitcoing <hashtag> blockchain,13,106,4,0,1,0,0,0.07865168539325842,0,0,1
<user> hide your kids hide your wife he s on the loose i thought i flattened you with a ball ??,21,95,0,1,0,0,4,0.0380952380952381,0,0,0
rt roadid thanks to alex for his story amp to all first responders for being there when we need you <url>,21,105,0,0,1,0,0,0.09230769230769231,0,0,0
<user> its broken its fully exploded,6,36,0,1,0,0,0,0.06521739130434782,0,0,1
happy no one was hurt when <hashtag> wmata train derailed also the express bus is so much better than metro rail <url> <user>,23,125,1,1,1,0,0,0.050359712230215826,0,0,1
u s national park services tonto national forest stop the annihilation of the salt river wild horse <url> via <user>,20,116,0,1,1,0,0,0.14492753623188406,0,0,0
experts in france begin examining airplane debris found on reunion island french air accident experts on wedn <url>,18,115,0,0,1,0,0,0.09558823529411764,0,0,1
men fear the feeling of being controlled by a woman or passive aggressively being coerced into commitment before they re ready,21,126,0,0,0,0,0,0.015151515151515152,0,0,0
<user> you re too busy finishing those weapon designs,9,53,0,1,0,0,0,0.04838709677419355,0,0,0
anyone need a p u tonight? i play hybrid slayer ps <num> eu hmu <user> <user> <user> <user> <user> <user>,20,105,0,6,0,0,1,0.22794117647058823,0,0,0
<hashtag> hot<hashtag> teen<hashtag> nsfw<hashtag> porn<hashtag> milf oiled up ass hole is destroyed with king size cock closeup sex clip <url>,20,143,5,0,1,0,0,0.12931034482758622,0,0,0
<user> save the panicking for when you get to helios,10,52,0,1,0,0,0,0.1,0,0,0
<hashtag> pbban temporary <num> fighterdena armageddon do not kill flags only fast xp for reason,15,96,1,1,0,0,0,0.28125,0,0,0
plot in the futurea totalitarian government employs a force known as firemen to seek out and destroy all literature <url>,20,121,0,0,1,0,0,0.050359712230215826,0,0,0
my favorite text <url>,4,22,0,0,1,0,0,0.1282051282051282,0,0,0
two air ambulances on scene of serious crash between two cars and lorry in <url> <url> <hashtag> emsne,18,102,1,0,2,0,0,0.07246376811594203,0,0,1
<user> they all are intending to go just waiting for winds to drop siren just gone off to signal they allowed to leave arena none gone,26,134,0,1,0,0,0,0.014285714285714285,0,0,1
<hashtag> hot funtenna hijacking computers to send data as sound waves black hat <num> <url> <hashtag> prebreak <hashtag> best,19,126,3,0,1,0,0,0.058823529411764705,0,0,1
who else wants documents radiation emergency procedures <num> <num> <num> <hashtag> radiation <hashtag> emergency <hashtag> procedures <hashtag> <num> <hashtag> <num> <hashtag> <num> <url>,23,188,6,0,1,0,0,0.08270676691729323,0,0,0
refugio oil spill may have been costlier bigger than projected <url> a plains all american pipeline oil spill off the s,21,119,0,0,1,0,0,0.09352517985611511,0,0,1
the injuries are starting!! please <user> stay healthy!! ??,9,59,0,1,0,6,12,0.02531645569620253,1,0,0
cleared accident with property damage on <hashtag> ny <num> eb at ny <num>,13,74,1,0,0,0,0,0.13114754098360656,0,0,1
the sharper image viper <num> hardside twister black <url>,9,58,0,0,1,0,0,0.14666666666666667,0,0,0
holy fuck qvc bitch just got burned so hard,9,43,0,0,0,0,0,0.09090909090909091,0,0,0
marketforce s cat shark wins sirens round two <url> <hashtag> radio <hashtag> news,13,82,2,0,1,0,0,0.11235955056179775,0,0,0
brooklyn locksmith domesticate emergency mechanic services circa the clock movement! gba <url>,12,94,0,0,1,1,0,0.035398230088495575,0,0,0
nhs england announces new plan to meet emergency care targets <url>,11,67,0,0,1,0,0,0.11904761904761904,0,0,0
pic of <num> yr old pkk suicide bomber who detonated bomb in turkey army trench released <url> <url>,18,100,0,0,2,0,0,0.12307692307692308,0,0,1
shawie <num> shawie breaking news! unconfirmed! i just heard a loud bang nearby in what appears to be a blast of wind from my neighbour s ass,27,141,0,0,0,2,0,0.02158273381294964,0,0,0
officer wounded suspect killed in exchange of gunfire richmond police officer wounded suspect killed in exc <url>,17,113,0,0,1,0,0,0.08955223880597014,0,0,1
<user> aurora theater shooting trial gunman expected notoriety for mass murder and nothing else <url>,15,101,0,1,1,0,0,0.06349206349206349,0,0,1
summer is lovely,3,16,0,0,0,0,0,0.0625,0,0,0
people really still be having curfew even when they re <num> amp graduated high school ??,16,89,0,0,0,0,2,0.011363636363636364,0,0,0
? <hashtag> nowplaying song to the siren john frusciante <num> <url>,11,68,1,0,1,0,1,0.4177215189873418,0,0,0
<user> parents of colorado theater shooting victim fear copycat massacre <url> <hashtag> antioch <url>,14,102,1,1,2,0,0,0.10948905109489052,0,0,1
malaysia airlines flight <num> that disappeared <num> months ago debris found south of the indian ocean <url>,17,109,0,0,1,0,0,0.13114754098360656,0,0,1
left hand side of a diamond is a graveyard shift have to attack and defend the right handside no have to do that too you fucking idiot?,27,135,0,0,0,0,1,0.014598540145985401,0,0,0
mere sight of a gun makes police and public more aggressive experts say <url>,14,77,0,0,1,0,0,0.058823529411764705,0,0,0
christian attacked by muslims at the temple mount after waving israeli flag via pamela geller <url>,16,99,0,0,1,0,0,0.10655737704918032,0,0,1
<user> all hail the cloud,5,25,0,1,0,0,0,0.13793103448275862,0,0,0
a grade in black horse famine mega score <num> <url> <hashtag> dynamix <url>,13,76,1,0,2,0,0,0.19047619047619047,0,0,0
<num> years after <hashtag> abomb destroyd <hashtag> hiroshima <hashtag> bbc looks at wht <hashtag> survived <url> <hashtag> cnv watch peace vigils <url>,22,153,5,0,2,0,0,0.14084507042253522,0,0,1
hunger hits me and i can t function probably wouldn t last long in famine zones thank god,18,89,0,0,0,0,0,0.031914893617021274,0,0,0
<hashtag> modiministry madhya pradesh train derailment village youth saved many lives <url>,12,91,1,0,1,0,0,0.15,0,0,1
the next financial crash the writing is on the wall don t say you weren t warned <url>,18,86,0,0,1,0,0,0.12844036697247707,0,0,0
truck driver salvages banned tomatoes from destruction on <hashtag> russian border <url> <hashtag> news,14,103,2,0,1,0,0,0.11764705882352941,0,0,0
wreckage conclusively confirmed as from mh <num> malaysia pm investigators and the families of those who were <url>,18,115,0,0,1,0,0,0.13970588235294118,0,0,1
last chance animal rescue has <num> new posts <url> <hashtag> animalrescue,11,74,1,0,1,0,0,0.11392405063291139,0,0,0
what the fuck is going on at trent bridge?! reminds me of england s collapse out in the caribbean back in the <num> s,24,117,0,0,0,1,1,0.05128205128205128,0,1,1
<user> this dog thinks he s an ambulance ?? <url>,10,49,0,2,1,0,6,0.08823529411764706,0,0,0
you can only make yourself happy fuck those tryna ruin it keep smiling ??,14,73,0,0,0,0,2,0.02702702702702703,0,0,0
obama declares disaster for typhoon devastated saipan obama signs disaster declaration for northern marians a <url>,16,115,0,0,1,0,0,0.11029411764705882,0,0,1
pam s barry island wedding meltdown ??,7,38,0,0,0,0,10,0.06521739130434782,0,0,0
<user> i cant breathe my lungs collapsed,7,40,0,1,0,0,0,0.6086956521739131,0,0,0
<user> i m obliterate you to the shadow realm,9,45,0,1,0,0,0,0.07547169811320754,0,0,0
hellfire! we don t even want to think about it or mention it so let s not do anything that leads to it!,23,103,0,0,0,2,0,0.018691588785046728,0,0,0
i need u to delete this before i start crying into my computer and electrocute myself <url>,17,91,0,0,1,0,0,0.05504587155963303,0,0,0
some hearths they burn like a wildfire <url> by bees knees,11,58,0,0,1,0,0,0.07692307692307693,0,0,1
want to work in <hashtag> tarzana ca? view our latest opening <url> <hashtag> nursing <hashtag> job <hashtag> jobs <hashtag> hiring,20,131,5,0,1,0,1,0.11538461538461539,0,0,0
it is not always friendship when kisses show up neither is it always enemity that shows up when wounds show up <hashtag> bishopfred,23,131,1,0,0,0,0,0.024390243902439025,0,0,0
<hashtag> <num> the hobbit the desolation of smaug bilingual <url>,10,66,1,0,1,0,0,0.12162162162162163,0,0,0
ashes <num> australia collapse at trent bridge how twitter reacted <url> <url>,12,78,0,0,2,0,0,0.10526315789473684,0,1,1
<user> <user> nowt to do with money fergie bombed out the big drinkers at united within years of taking over while wenger,22,121,0,2,0,0,0,0.06153846153846154,0,0,0
read an eyewitness account from <hashtag> hiroshima from this day in <num> <url> <hashtag> life,15,95,2,0,1,0,0,0.12903225806451613,0,0,1
<user> <user> who said veg and fruit was good for you hope there s been no injuries or fatalities,19,97,0,2,0,0,0,0.036036036036036036,0,0,0
louis is sad cancel the show now everyone leave evacuate this cannot go on,14,74,0,0,0,0,0,0.0759493670886076,0,0,0
we can help says denver firefighter working to curb first responder suicide <url>,13,81,0,0,1,0,0,0.16,0,0,1
best windows torrent client? was recommended deluge but it looks like it was written <num> years ago with java swing and uses worse,23,131,0,0,0,0,1,0.015384615384615385,0,0,0
check this <user> udhampur terror attack militants attack police post <num> spos injured <url> <hashtag> suryaray <hashtag> india,18,129,2,1,1,0,0,0.09848484848484848,0,1,1
my ears are bleeding i hate stefano,7,35,0,0,0,0,0,0.0,0,0,0
<user> well i m also gay but girls like some too so i predict tsunami amp volcano amp earthquakes a gift from god? am christian but,26,131,0,1,0,0,1,0.04895104895104895,0,0,0
<hashtag> myanmar displaced <hashtag> rohingya at <hashtag> sittwe point of no return <url> <hashtag> prison like conditions <hashtag> genocide ihhen msf refugees,22,162,5,0,1,0,0,0.10294117647058823,0,0,1
samel samel has a crush <url>,6,29,0,0,1,0,0,0.0851063829787234,0,0,0
officials alabama home quarantined over possible <url>,7,54,0,0,1,0,0,0.05263157894736842,0,0,1
food crematoria provoke outrage amid crisis famine memories <url>,9,65,0,0,1,0,0,0.08045977011494253,0,0,1
<user> totally agree she is <num> and know what birth control is i am not saying it is true want to derail their plan of blaming fans,27,133,0,1,0,0,0,0.03571428571428571,0,0,0
<user> yes i want to be the new blight leader,10,45,0,1,0,0,0,0.02040816326530612,0,0,0
i still have not heard church leaders of kenya coming forward to comment on the accident issue and disciplinary measures<hashtag> arrestpastornganga,21,148,1,0,0,0,0,0.050359712230215826,0,0,0
forest fires could delay <user> but officials say it could be a good thing <url>,15,80,0,1,1,0,0,0.05825242718446602,0,0,1
bestie is making me watch texas chainsaw massacre ??,9,52,0,0,0,0,8,0.017241379310344827,0,0,1
the little girl next to me sees the spot lights in the sky and screams mom! look i see angels in the sky! ??,24,108,0,0,0,2,4,0.035398230088495575,0,0,1
<hashtag> flood <hashtag> disaster bengal floods cm mamata banerjee blames dvc bjp claims state failed to use economic t <url>,20,126,2,0,1,0,0,0.1259259259259259,0,1,1
bayelsa poll tension in bayelsa as patience jonathan plans to hijack apc pdp plans by former first lady and <url>,20,113,0,0,1,0,0,0.1259259259259259,0,0,1
the second part which focuses on the survivors is really difficult to watch but at the same time is really powerful,21,115,0,0,0,0,0,0.008620689655172414,0,0,1
only one commodity has escaped the total collapse in prices <url> <hashtag> business,13,84,1,0,1,0,0,0.07608695652173914,0,1,0
my brain id about to explode lmao,7,33,0,0,0,0,0,0.0,0,0,0
truth <url> <hashtag> news <hashtag> bbc <hashtag> cnn <hashtag> islam <hashtag> truth <hashtag> god <hashtag> isis <hashtag> terrorism <hashtag> quran <hashtag> lies <url>,23,172,10,0,2,0,0,0.2,0,0,1
who is bringing the tornadoes and floods who is bringing the climate change god is after america he is plaguing her <hashtag> farrakhan <hashtag> quote,25,151,2,0,0,0,0,0.1386861313868613,0,0,1
officials alabama home quarantined over possible ebola case <url>,9,65,0,0,1,0,0,0.08433734939759036,0,0,1
will be dropping fire selfie tomorrow saying you re welcome ahead of time,13,73,0,0,0,0,0,0.013157894736842105,0,1,0
the mf life is a vocal and lyrical bomb saw her live this summer amazing vocalist rt <user> melanie fiona is so slept on ??,25,123,0,1,0,0,2,0.1386861313868613,0,0,0
nick williams just hit another bomb just crushed it,9,51,0,0,0,0,0,0.057692307692307696,0,0,0
whao pic of <num> yr old pkk suicide bomber who detonated bomb in turkey army trench released <url>,18,99,0,0,1,0,0,0.08064516129032258,0,0,1
cleared crash in hamilton on i <num> south at mm <num>,11,54,0,0,0,0,0,0.23529411764705882,0,0,1
omg nixon lives! that is richard m nixon tricky dicky right there in the picture isn t it hiding in calgary he <url>,23,116,0,0,1,1,0,0.2028985507246377,0,0,1
latest trains derailment it s the freakiest of freak accidents the indian express the indi <url> <hashtag> indiannews,18,117,1,0,1,0,0,0.11029411764705882,0,0,1
burning buildings? media outrage? <url>,5,39,0,0,1,0,2,0.10714285714285714,0,0,1
rainstorm update further north or further south? <url> <url>,9,60,0,0,2,0,1,0.14736842105263157,0,0,1
ancient mayan tablet found in jungle temple <url>,8,49,0,0,1,0,0,0.15151515151515152,0,0,1
<user> flat footballs!!?? more like he flattened the spartans from crushing them back in the day!! <hashtag> hail,18,113,1,1,0,6,2,0.05217391304347826,1,0,0
planted <num> years ago it was moved to u s this bonsai survived hiroshima but its story was nearly lost <url> via <user>,23,121,0,1,1,0,0,0.1357142857142857,0,0,1
cyclone by double g would be the cherry on top to this outfit! <hashtag> ootd <hashtag> doubleghats <url> <url>,19,111,2,0,2,1,0,0.14173228346456693,0,0,0
live cricket score in all match international domestic team tour team squad profile amp injury lamha ba lamha update follow <user>,21,130,0,1,0,0,0,0.19285714285714287,0,0,0
<url> family mourns drowning of superhero toddler with rare epilepsy chicago tribune <url>,13,90,0,0,2,0,0,0.0625,0,0,1
potus appoints brig gen richard g kaiser as member of the mississippi river commission learn more about the mrc <url>,20,117,0,0,1,0,0,0.15827338129496402,0,0,0
slosher is goat freaking love that weapon can t wait to do an episode of splatdown with it switching to the splatling gun now,24,125,0,0,0,0,0,0.08461538461538462,0,0,0
gold coast tram hit by fallen powerlines up to <num> people have been evacuated from a tram on the gold coast af <url>,23,118,0,0,1,0,0,0.08823529411764706,0,0,1
<num> year old boy charged with manslaughter of toddler report an <num> year old boy has been charged with manslaughter over the fatal sh,24,137,0,0,0,0,0,0.0661764705882353,0,0,1
this week has been a whirlwind but this is exactly what i imagined the nyc version of my career to be like,22,106,0,0,0,0,0,0.0,0,0,0
<user> it s a well known fact that the st valentine s day massacre could have been avoided with some oompah period tom waits,24,124,0,1,0,0,0,0.05970149253731343,0,0,1
new snap on tools black baseball hat cap silver gray embroidered s logo flames full re <url> <url>,18,98,0,0,2,0,0,0.18705035971223022,0,0,0
dt <user> rt <user> the col police can catch a pickpocket in liverpool stree <url>,15,82,0,2,1,0,0,0.12,0,0,1
one direction is my pick for <url> fan army <hashtag> directioners <url>,12,72,1,0,2,0,0,0.16494845360824742,0,0,0
<user> the utopian impulse inevitably ends in gulags and mass murder,11,68,0,1,0,0,0,0.013157894736842105,0,0,1
gunmen kill four in el salvador bus attack suspected salvadoran gang members killed four people and wounded s <url>,19,115,0,0,1,0,0,0.07352941176470588,0,0,1
christian attacked by muslims at the temple mount after waving israeli flag via pamela geller <url>,16,99,0,0,1,0,0,0.11475409836065574,0,0,1
<hashtag> sismo m <num> <num> <num> km s of volcano hawaii time <num> <num> <num> <num> <num> <num> utc <num> <num> <num> <num> <num> <num> <num> <num> at ep <url> <hashtag> csismica,32,182,2,0,1,0,0,0.11851851851851852,0,0,1
<user> u on dick,4,16,0,1,0,0,0,0.047619047619047616,0,0,0
queens gambit went well until anakin blew up the droid control ship oh well still fun! can t stop is next! <hashtag> wbc <num>,24,126,1,0,0,2,0,0.07758620689655173,0,0,0
? cracker white riot ? <url> <hashtag> nowplaying,8,49,1,0,1,0,2,0.1016949152542373,0,0,0
you are equally as scared cause this somehow started to heal you fill your wounds that you once thought were permanent,21,118,0,0,0,0,0,0.008403361344537815,0,0,0
<num> if a landslide tumbles down todayi m on your side and if a twister sweeps it all away you re on your own bitch! runs into distance,28,136,0,0,0,1,0,0.15827338129496402,0,0,1
am best special report how metrics correlate to am best s property casualty marketwatch <url>,15,93,0,0,1,0,0,0.17094017094017094,0,0,0
interview with actor randy irwin a s k what could be the harm <url>,14,67,0,0,1,0,0,0.17857142857142858,0,0,0
angelriveralib <hashtag> snowden may have broken laws? hurricane katrina may have caused some damage <url> without snowden h,18,124,1,0,1,0,1,0.07801418439716312,0,0,1
storm concludes city of calgary s municipal emergency plan deactivated <url>,11,76,0,0,1,0,0,0.08602150537634409,0,0,1
lhh silent screaming was mastered <url>,6,39,0,0,1,0,0,0.13793103448275862,0,0,0
<user> lmao but real live you should go,8,39,0,1,0,0,0,0.0,0,0,0
<user> <user> screaming,3,23,0,2,0,0,0,0.2972972972972973,0,0,0
<hashtag> thingsihate watching someone you care about head into total destruction and not being able to do anything,18,115,1,0,0,0,0,0.027777777777777776,0,0,0
i get this feeling that society will collapse or implode so don t be a hero and play your part,20,94,0,0,0,0,0,0.020833333333333332,0,1,0
<user> ?? i don t have them they out here,10,41,0,1,0,0,8,0.05357142857142857,0,0,1
after having two cans explode i wanted to drink the rest but these kaldi coffee stout <url> <hashtag> photo,19,107,1,0,1,0,0,0.06611570247933884,0,0,0
this is the natural and unavoidable consequence of socialism everywhere it has been tried <url> e,16,97,0,0,1,0,0,0.05217391304347826,0,0,0
<num> great new recipes mudslide cake and so sorry stew! <hashtag> gbbo,12,71,1,0,0,1,0,0.06779661016949153,0,0,0
<user> of newport a big thanks for the emergency run to pick jackie up from bristol temple messages much appreciated,20,116,0,1,0,0,0,0.025,0,0,1
<user> <user> btw the <num> th is actually next year casualty began <num> th september <num> so <num> marks <num> years,21,119,0,2,0,0,0,0.025,0,0,1
descriptions of wounded cats being exciting <url>,7,49,0,0,1,0,0,0.6231884057971014,0,0,0
it s raining outside i m burning my favorite candle and there s hot cocoa to sip nap time awesomesauce,20,102,0,0,0,0,0,0.02830188679245283,0,0,0
seriously do we have to do a tactical riot against the headquarters of disney and marvel,16,88,0,0,0,0,0,0.03296703296703297,0,0,0
she tasted like a feast after a famine and he was starving trusting jack <user> <url> <hashtag> iartg <hashtag> rwa <hashtag> tw <num> rw <hashtag> rrbc,26,152,4,1,1,0,0,0.19424460431654678,0,0,0
he came to a land which was engulfed in tribal war and turned it into a land of peace i e madinah <hashtag> prophetmuhammad <hashtag> islam,26,139,2,0,0,0,0,0.032520325203252036,0,0,0
i m setting myself up for disaster,7,34,0,0,0,0,0,0.029411764705882353,0,0,0
wait until i tell my college friend who reafs bloody mary too about the drama cd,16,80,0,0,0,0,0,0.0125,0,0,0
<user> dealbreaker that s it that s the dealbreaker s o s abandon ship evacuate the building,17,92,0,1,0,0,0,0.0,0,0,1
why did god order obliteration of ancient canaanites? <url> via <user> <hashtag> homosexuality is the downfall of a society,19,123,1,1,1,0,1,0.05755395683453238,0,0,0
<user> are you another stand user? if you are i will have to detonate you with my killer queen,19,94,0,1,0,0,1,0.08080808080808081,0,0,0
huge cliff landslide on road in china watch the moment a cliff collapses as huge chunks of rock fall onto a r <url>,23,115,0,0,1,0,0,0.051470588235294115,0,0,1
<url> <hashtag> shoes asics gt ii super red <num> <num> <num> ronnie fieg kith red white <num> m x gel grey volcano <num> <url>,24,127,1,0,2,0,0,0.15151515151515152,0,0,0
<user> like gg was bad in the end but at least i cared a little when gg was dan cause it was a twister i don t know wilden idc,30,126,0,1,0,0,0,0.13768115942028986,0,0,0
ready to get annihilated for the bucs game,8,42,0,0,0,0,0,0.11904761904761904,0,0,1
eating takis then rubbing my eyes with my hands now my eyes are bleeding tears,15,78,0,0,0,0,0,0.01282051282051282,0,0,0
bamenda floods kill animals birds <url> <url>,7,45,0,0,2,0,0,0.13580246913580246,0,0,1
<user> <user> <user> it said they had superficial wounds and it was the pepper spray that did the most damage,20,109,0,3,0,0,0,0.0625,0,0,1
the hatchet wielding gunman had pepper spray and a fake bomb?!?!?,11,65,0,0,0,2,3,0.36923076923076925,0,0,1
<user> i m going to be in so much trouble,10,41,0,1,0,0,0,0.02,0,0,0
did you say to him!!?!?!?! and phil actually collapsed on the gravel sobbing endlessly with a crowd watching him confused angry mad,22,131,0,0,0,5,3,0.1037037037037037,1,0,0
i slammed my phone to the ground and then screamed ahahahga,11,59,0,0,0,0,0,0.01694915254237288,0,0,0
<user> like ahh fix the alec made state med tort and work comp laws leading to the injustice in our mh <url>,22,108,0,1,1,0,0,0.12949640287769784,0,0,0
rt <user> gunshot wound <hashtag> <num> is in the bicep only <num> of the <num> wounds that is not in the chest torso area <hashtag> kerricktrial <hashtag> jonathanferrell,28,171,3,1,0,0,0,0.06474820143884892,0,0,0
seeing hazard without the beard like <url>,7,42,0,0,1,0,0,0.16129032258064516,0,0,0
survived another tube strike with the last person at office reaching home we are getting better at navigating strikes!,19,118,0,0,0,1,0,0.01680672268907563,0,0,0
<num> without the bombing you would have to do hara kiri you know commit suicide <url> hiroshima <num> years ago,20,112,0,0,1,0,0,0.05511811023622047,0,0,1
<hashtag> climatechange eyewitness to extreme weather <num> social media posts that show just how crazy things a <url> <hashtag> anarchy,20,136,2,0,1,0,0,0.1323529411764706,0,0,1
<url> suicide bomber kills <num> in saudi security site mosque reuters <url>,12,76,0,0,2,0,0,0.06422018348623854,0,0,1
the windstorm blew thru my open window and now my bong is in pieces just another example of nature s indifference to human suffering,24,132,0,0,0,0,0,0.0,0,0,0
tv program i saw said us air plane flew to uranium mine in fukushima and attacked by machine gun when student army were digging it,25,130,0,0,0,0,0,0.04580152671755725,0,0,1
video we re picking up bodies from water rescuers are searching for hundreds of migrants in the mediterranean after a boat carryi,22,129,0,0,0,0,0,0.058823529411764705,0,0,1
<user> let me report it to u people instead mr obama just declares cnmi federal disaster area post typhoon soudelor u guys <num> slow <num> report,26,146,0,1,0,0,0,0.06474820143884892,0,0,1
exclusive in <num> fatalities involving on duty nypd cops in <num> years only <num> <url>,15,89,0,0,1,0,0,0.1941747572815534,0,0,1
<user> <user> this here is very true gt <num>,9,45,0,2,0,0,0,0.05970149253731343,0,0,1
<user> pleas for global warming don t really work when california australia keep having catastrophic bush fires,17,111,0,1,0,0,0,0.07086614173228346,0,0,1
<user> <user> <user> so where are the rioters looters and burning buildings?? white lives matter!!,15,98,0,3,0,6,4,0.2283464566929134,1,0,1
i honestly wonder what it is that i had to do so wrong to lose everyone,16,71,0,0,0,0,0,0.027777777777777776,0,0,0
twin storms blow through calgary <num> <url> <url>,8,50,0,0,2,0,0,0.1951219512195122,0,0,1
<user> <user> what if he committed a mass murder?,9,49,0,2,0,0,1,0.07352941176470588,0,0,1
salem <num> nuclear reactor shut down over electrical circuit failure on pump the salem <num> nuclear reactor had bee <url>,20,123,0,0,1,0,0,0.058823529411764705,0,0,1
a laois girl advertised for a new friend to replace her loved up bff and has been inundated <url> <url>,20,103,0,0,2,0,0,0.08029197080291971,0,0,0
wrapup <num> u s cable tv companies shares crushed after disney disappoints <url>,13,81,0,0,1,0,0,0.17708333333333334,0,0,0
the guardian view on the hiroshima legacy still in the shadow of the bomb editorial the world longs to cas <url>,21,112,0,0,1,0,0,0.0661764705882353,0,0,1
<num> seconds of summer is my pick for <url> fan army <hashtag> <num> sosfam <url> <num>,16,88,1,0,2,0,0,0.18446601941747573,0,0,0
whimsy as it pertains to mass casualties always impressive,9,58,0,0,0,0,0,0.03333333333333333,0,0,0
<user> note there were no passengers on board when the train derailed this morning,14,82,0,1,0,0,0,0.012048192771084338,0,0,1
too dangerous for them but it s ok for the rest of us to be in danger <url>,18,75,0,0,1,0,0,0.08421052631578947,0,0,0
why did god order obliteration of ancient canaanites? <url>,9,59,0,0,1,0,1,0.09210526315789473,0,0,0
iranian warship points weapon at american helicopter <url>,8,58,0,0,1,0,0,0.07692307692307693,0,0,1
beforeitsnews <num> former executives to be prosecuted in fukushima nuclear disaster <url> <url>,13,96,0,0,2,0,0,0.06766917293233082,0,0,1
read a schoolboy s eyewitness account of hiroshima <url>,9,56,0,0,1,0,0,0.10666666666666667,0,0,1
<user> i m traumatised,4,22,0,1,0,0,0,0.03571428571428571,0,0,0
congress should be renamed italian goonda party they are a motley crowd of hooligans and selfavowed crooks determined to derail democracy,21,137,0,0,0,0,0,0.03571428571428571,0,0,0
washington post <num> dead dozens injured in gaza blast near house leveled in summer war <url>,16,94,0,0,1,0,0,0.05504587155963303,0,1,1
the number of security officials killed by pkk in terror attacks since the suruc suicide bombing has reached <num> <url>,20,120,0,0,1,0,0,0.07407407407407407,0,0,1
man crush everyday ?? <user> <url>,6,34,0,1,1,0,4,0.09375,0,0,0
thankk u all soo much for flooding my notificationsu my fella parsholics r superb amp jus soo awesomelove love u all always <hashtag> frvrgrateful ??,25,149,1,0,0,0,2,0.1258741258741259,0,0,0
<user> why thank you there missy ?? thought it suited the blazing hot summertime ?? yee haw! ??,18,95,0,1,0,1,6,0.009615384615384616,0,0,0
eu states squabble over immigration uk france eurotunnel deluged with migrants one dead as thousands storm tunnel <url>,18,119,0,0,1,0,0,0.09285714285714286,0,1,1
arian foster does keep his promise and that s to get injured every yeat,14,71,0,0,0,0,0,0.04054054054054054,0,1,0
suicide bomber kills <num> in saudi security site mosque <url> via <user>,12,73,0,1,1,0,0,0.10112359550561797,0,0,1
pulse rifles after weapon tuning? <url>,6,39,0,0,1,0,1,0.10714285714285714,0,0,0
<user> so be it you can t tell an oppressed group of people how to react to trauma that would be stupid and ignorant,24,116,0,1,0,0,0,0.03968253968253968,0,0,0
precious cargo onesie recalled for choking hazard <url>,8,55,0,0,1,0,0,0.0684931506849315,0,0,0
dutch crane collapses demolishes houses dramatic eyewitness video captures the moment a dutch crane hoisting <url>,16,114,0,0,1,0,0,0.044444444444444446,0,0,1
even though bsg had been sufficiently hyped up for me in all the years i somehow delayed watching it i was utterly utterly blown away,25,133,0,0,0,0,0,0.04477611940298507,0,0,1
apollo brown detonate f m o p <url> <hashtag> hhbu,10,50,1,0,1,0,0,0.234375,0,0,0
<user> hey guys thanks for a rock in my world and for the follow??,14,66,0,1,0,0,8,0.024691358024691357,0,0,0
i screamed at the end oamsgajagahahah im laighign <hashtag> otrametlife <url>,11,77,1,0,1,0,0,0.6744186046511628,0,0,0
<user> you until you drown by water entering the lungs you being alive has caused this great country to fall to shit because you re a pussy,27,139,0,1,0,0,0,0.04285714285714286,0,0,0
it s cold and my head wants to explode the joys of working from home i m going back to bed peace out ??,24,103,0,0,0,0,4,0.02702702702702703,0,0,0
now trending in nigeria police charge traditional ruler others with informant s murder <url>,14,92,0,0,1,0,0,0.05309734513274336,0,0,1
fyi cad fyi accident property damage wpd <num> s <num> th st,12,60,0,0,0,0,0,0.6842105263157895,0,0,1
ntsb virgin galactic s spaceshiptwo crash due to structural failure when braking system unlocked early <url> via <user> <user>,19,126,0,2,1,0,0,0.15,0,0,1
listen to landslide by oh wonder <hashtag> soundcloud <url>,9,59,1,0,1,0,0,0.1323529411764706,0,0,0
dundee news army veteran fears loose rocks from dundee landslide could kill him at any moment <url>,17,99,0,0,1,0,0,0.11965811965811966,0,0,1
failure is a misfortunebut regret is a catastrophe,8,50,0,0,0,0,0,0.0,0,0,0
news refugio oil spill may have been costlier bigger than projected <url>,12,73,0,1,1,0,0,0.06593406593406594,0,0,1
japan marks <num> th anniversary of hiroshima atomic bombing <url>,10,66,0,0,1,0,0,0.06329113924050633,0,0,1
<user> <user> check out this <hashtag> rockin preview of <user> danger zone coming soon! <url> <hashtag> artistsunited,17,118,2,3,1,1,0,0.125,0,0,0
omg omg omg <hashtag> justinbieber and <hashtag> harrystyles have collided in a nuclear accident at <hashtag> cern oo <hashtag> harrybecareful <url>,21,148,4,0,1,0,0,0.16666666666666666,0,0,0
every time i feel a new pain or strain in my body i panic because i need it for my career ??,22,92,0,0,0,0,2,0.043478260869565216,0,0,0
isil claims suicide bombing at saudi mosque that killed at least <num> <url> <url>,14,82,0,0,2,0,0,0.12389380530973451,0,0,1
police investigating after an e bike collided with a car in little portugal e bike rider suffered serious non life threatening injuries,22,135,0,0,0,0,0,0.029197080291970802,0,0,1
<user> when u do a fatality and like the corpse is still jittering,13,66,0,1,0,0,0,0.0,0,0,1
<hashtag> lol plymouth let s obliterate litter <url>,8,52,1,0,1,0,0,0.14285714285714285,0,0,0
star wars power of the jedi collection <num> battle droid hasbro full read by ebay <url> <url>,17,94,0,0,2,0,0,0.4523809523809524,0,0,1
smoke eat sleep,3,15,0,0,0,0,0,0.06666666666666667,0,0,0
as a result of heavy rains in <hashtag> bangladeshaffected lands are inundated by flood waters land looks like rivers at high tide <hashtag> bangladeshflood,24,156,2,0,0,0,0,0.028985507246376812,0,1,1
e <num> <num> <num> particulate break up of solid combust fossil fuel voltaic active forest fire biological voc petroleum ch <num> bacteria decomposition,23,153,0,0,0,0,0,0.14814814814814814,0,1,1
bedroom clean bathroom clean laundry done shit was looking like a war zone in here ??,16,85,0,0,0,0,2,0.022222222222222223,0,0,0
got in a car wreck the car in front of me didn t put their blinker on but it really does feel great outside so lol,26,114,0,0,0,0,0,0.01652892561983471,0,0,0
someone split a mudslide w me when i get off work,11,49,0,0,0,0,0,0.04081632653061224,0,0,0
fairfax investigating firefighter over facebook post saying police should be put in body bags the washington post <url>,18,119,0,0,1,0,0,0.0625,0,0,0
bit pacquiao vs marquez <num> unfilled blazing swarm online durvod <url>,11,72,0,0,1,0,0,0.12790697674418605,0,0,0
<user> <user> wow just wow! if any other club had blown all that money and fucked up a player like that they d be pilloried!,25,124,0,2,0,2,0,0.04316546762589928,0,0,0
<user> parents of colorado theater shooting victim fear copycat massacre <url> <hashtag> antioch <url>,14,102,1,1,2,0,0,0.14728682170542637,0,0,1
<user> iit may logically have been the right call maybe but it s an act of mass murder and i can t sanction it,24,110,0,1,0,0,0,0.031496062992125984,0,0,1
<hashtag> hot funtenna hijacking computers to send data as sound waves black hat <num> <url> <hashtag> prebreak <hashtag> best,19,126,3,0,1,0,0,0.08403361344537816,0,0,0
<user> wholesale markets ablaze <url>,5,37,0,1,1,0,0,0.18181818181818182,0,0,1
air sunrays obliterated on its hairy head like a dried wire spiderweb,12,69,0,0,0,0,0,0.0,0,0,0
<hashtag> breaking <hashtag> news call for tasmania s emergency services to be trained in horse <url> <url>,17,107,2,0,2,0,0,0.07633587786259542,0,0,1
the war on drugs has turned the u s into a war zone,13,51,0,0,0,0,0,0.09433962264150944,0,0,1
see aug <num> <num> poconorecord <user> how many households have an <hashtag> emergency plan? <url> <url>,16,105,1,1,2,0,1,0.12949640287769784,0,0,1
heat wave is ending! watching a big area of rain though will impact part of the area details now on nbc <num> at <num> pm,25,121,0,0,0,1,0,0.0782608695652174,0,0,1
<user> i didn t get to buy one after the last london show because the fire alarm went off and everyone had to be evacuated hahahaha,26,131,0,1,0,0,0,0.014492753623188406,0,1,0
<num> those who care about sibling abuse survivors join the new family tree <url> <url>,15,87,0,0,2,0,0,0.4152542372881356,0,0,0
shirley caesar windstorm <url> <hashtag> nowplaying <hashtag> listenlive,8,72,2,0,1,0,0,0.1232876712328767,0,0,0
<user> i look like a mass murderer in it,9,40,0,1,0,0,0,0.0,0,0,0
<user> have a meltdown he noticed you,7,37,0,1,0,0,0,0.0,0,0,0
<user> <user> i agree with background checks i just think guns or weapons in general are the great equalizer,19,108,0,2,0,0,0,0.03305785123966942,0,0,0
china s stock market crash are there gems in the rubble? china s stock market crash this summer h <url> by forbes,22,113,0,0,1,0,1,0.10869565217391304,0,0,0
rolling sandunes the gentle lapping of the sea the call of gulls and a nuclear reactor <hashtag> sizewell <url>,19,111,1,0,1,0,0,0.05042016806722689,0,0,1
suicide bomber kills more than a dozen in saudi mosque saudi arabia have started experiencing some terrorist <url>,18,114,0,0,1,0,0,0.10294117647058823,0,0,1
<user> fatality,2,15,0,1,0,0,0,0.04,0,0,0
warfighting robots could reduce civilian casualties so calling for a <url>,11,74,0,0,1,0,0,0.13829787234042554,0,0,1
<hashtag> cum explosion! <user> <user> <user> <user> <user> <user> <user> <user> <url>,12,86,1,8,1,1,0,0.07142857142857142,0,1,0
strawberries are in big trouble scientists race to find solution <url> <url>,12,76,0,0,2,0,0,0.08928571428571429,0,0,1
consent order on cleanup underway at csx derailment site knoxville news sentinel <url> <url>,14,92,0,0,2,0,0,0.1484375,0,0,1
confirmed sanchez hazard and bolasie will be out for the rest of the season <url>,15,81,0,0,1,0,0,0.1485148514851485,0,0,1
california meets drought fueled fire season with extra crews related articles <url>,12,83,0,0,1,0,0,0.08737864077669903,0,1,1
cleared incident with injury i <num> inner loop exit <num> md <num> georgia ave silver spring,16,93,0,0,0,0,0,0.17045454545454544,0,0,1
building muscle with feast and famine feeding most diet plans are based around losing weight but what should you <url>,20,118,0,0,1,0,0,0.07913669064748201,0,0,0
i just drove with both my parents in the car lmao that was a panic attack waiting to happen,19,91,0,0,0,0,0,0.0,0,0,0
alert! sandy hook elementary school evacuated after bomb threat <url>,10,69,0,0,1,1,0,0.1956521739130435,0,0,1
reddit will now quarantine offensive content <url> <hashtag> onlinecommunities <hashtag> reddit via <user>,13,106,2,1,1,0,0,0.12264150943396226,0,0,0
heat wave is relentless <num> f feels like <num> humidity <num> relentless drought too now dominicana i know is worse in other places,23,133,0,0,0,0,0,0.05223880597014925,0,0,1
<user> bleeding on the brain don t know the cause,10,49,0,1,0,0,0,0.0,0,0,0
back in ireland v sad traumatised as is freezing and not beautiful parisian summer to which have become accustomed,19,114,0,0,0,0,0,0.02586206896551724,0,0,0
when you walk away nothing more to say see the lightning in your eyes see em running for their lives,20,100,0,0,0,0,0,0.0380952380952381,0,0,0
photo postapocalypticflimflam prodding around the rubble <url>,7,62,0,0,1,0,0,0.036585365853658534,0,0,0
kesabaran membuahkan hasil indah pada saat tepat! life isn t about waiting for the storm to pass it s about learning to dance in the rain,26,137,0,0,0,1,0,0.0,0,0,1
pandemonium in aba as woman delivers baby without face photos <url>,11,67,0,0,1,0,0,0.13636363636363635,0,0,0
canada bc drought okanagan region issued level <num> rating okanagan river columbia trib fishing suspended to sep <num> <url>,19,125,0,0,1,0,0,0.16428571428571428,0,0,1
i m an emotional wreck watching emmerdale,7,41,0,0,0,0,0,0.024390243902439025,0,0,0
lets see how good you are at soccer when you re bleeding out yo face,15,68,0,0,0,0,0,0.0,0,0,0
anti collision rear <hashtag> gadget <hashtag> technology <url>,8,63,2,0,1,0,0,0.09523809523809523,0,0,0
into burning fucking buildings <num> <num>,6,42,0,0,0,0,0,0.0,0,0,1
<hashtag> emergency in odai bucharest romania <num> dogs dying!they are so hungry that they eat each other! <url>,18,113,1,0,1,2,0,0.2689075630252101,0,0,1
this is about to be a bomb ass firework picture <url>,11,53,0,0,1,0,0,0.05714285714285714,0,0,0
fire hazard associated with installation of non compliant external cladding on <url> by <url>,14,93,0,1,2,0,0,0.040983606557377046,0,1,0
<num> <num> bst traffic a <num> gt paris a <num> geneva a <num> mons a <num> hamburg a <num> gt hanover a <num> karlsruhe gotthard n b <url>,28,140,0,0,1,0,0,0.1532258064516129,0,0,1
<user> it does say hailstorm,5,28,0,1,0,0,0,0.12121212121212122,0,0,1
scary stuff in san antonio stars head coach dan hughes was run into on the sidelines and fell over chairs onto the floor stretcher now out,26,138,0,0,0,0,0,0.05,0,0,1
man accused in fatal hit and run to get new judge <url> via <user>,14,66,0,1,1,0,0,0.08536585365853659,0,0,0
monkey just collided heads with our ninja commence the tears,10,60,0,0,0,0,0,0.046875,0,0,0
idm if you burn the whole gotham city bcs i m just gonna laugh at everyone while theyre panicking,19,97,0,0,0,0,0,0.01020408163265306,0,0,0
<hashtag> socialmedia news new facebook page features seek to help personalize the customer experience <url>,15,108,1,0,1,0,0,0.09322033898305085,0,0,0
doone silver architects has won permission to demolish birmingham s natwest tower and replace it with what will be city s tallest building,23,138,0,0,0,0,0,0.0425531914893617,0,0,0
<hashtag> onthisday in <num> the mayflower set sail for the new world read <user> <url> <url>,16,93,1,1,2,0,0,0.14285714285714285,0,0,0
unlicensed teen driver among <num> killed in nc crash <url>,10,59,0,0,1,0,0,0.125,0,0,1
when things become terrible more than the great ethiopian famine,10,64,0,0,0,0,0,0.014925373134328358,0,0,0
<user> <user> check out this <hashtag> rockin preview of <user> danger zone coming soon! <url> <hashtag> artistsunited,17,118,2,3,1,1,0,0.13043478260869565,0,0,0
<user> i was wrong to call it trusty actually considering it spontaneously collapsed on me that s not very trusty,20,113,0,1,0,0,0,0.01694915254237288,0,0,1
<user> <user> destroyed!??,3,26,0,2,0,1,2,0.13513513513513514,0,0,0
did this man just squeeze another man s head with his bare hands until it literally exploded ??,18,95,0,0,0,0,7,0.01,0,0,0
i could die by falling in a sinkhole and i d still be blamed for it,16,67,0,0,0,0,0,0.0,0,0,0
this is the natural and unavoidable consequence of socialism everywhere it has been tried <url> f,16,97,0,0,1,0,0,0.05217391304347826,0,0,0
today marks the <num> th anniversary of the bombing of hiroshima a city i visited and was humbled by in november <num> <url>,23,124,0,0,1,0,0,0.058823529411764705,0,0,1
okay now i am panicking,5,23,0,0,0,0,0,0.6956521739130435,0,0,0
if you re lost and alone or you re sinking like a stone carry onn,15,65,0,0,0,0,0,0.014925373134328358,0,0,0
smoke alot of weed like fuck kidneys put a dutch in me,12,54,0,0,0,0,0,0.7962962962962963,0,0,0
fire displaces families and damages two buildings in troy fire broke out on fourth street in <url> <hashtag> albany <hashtag> ny <hashtag> news,23,143,3,0,1,0,0,0.1386861313868613,0,1,1
i liked a <user> video from <user> <url> when realities collide! life is strange hilarious glitch,16,97,0,2,1,1,0,0.24,0,0,0
learning from the legacy of a catastrophic eruption <url> via <user>,11,68,0,1,1,0,0,0.07865168539325842,0,0,1
maan i love love without tragedy by <user> i wish she made the whole song,15,73,0,1,0,0,0,0.07692307692307693,0,0,0
wild night in the village of pugwash every fire truck is out that the town has which is like a fire truck for every house population <num>,27,138,0,0,0,0,0,0.0,0,1,1
destroy the house,3,17,0,0,0,0,0,0.0,0,0,0
rt notexplained the only known image of infamous hijacker d b cooper <url>,13,74,0,0,1,0,0,0.13829787234042554,0,0,0
russian food crematoria provoke outrage amid crisis famine memories moscow reuters russian government <url>,14,107,0,0,1,0,0,0.1037037037037037,0,0,1
i m sinking down in the darkest dream so deep so cold this pain inside of me my love for you is more dan i can bear jota esse??,29,127,0,0,0,0,2,0.031007751937984496,0,0,0
literally trapped in my room cuz my bathroom being remodeled the only exit is through a window,17,94,0,0,0,0,0,0.031578947368421054,0,0,1
trauma injuries involving kids and sport usually cycling related cbc ca <url>,12,77,0,0,1,0,0,0.08333333333333333,0,0,1
cos sanity brings no reward for one more hit and one last score don t be a casualty cut the cord,21,96,0,0,0,0,0,0.0196078431372549,0,0,1
<user> <user> good play along with her you may begin your operation with the death star the evacuation is nearly complete,21,121,0,2,0,0,0,0.02857142857142857,0,1,0
battle of the goats <url>,5,25,0,0,1,0,0,0.20454545454545456,0,0,0
<user> amp obama supports death <num> usa <url>,8,47,0,1,1,0,0,0.109375,0,0,0
get <num> free bets when you register at boylesports casino <hashtag> luck <hashtag> destroy <url> <url>,16,104,2,0,2,0,0,0.09166666666666666,0,0,0
<user> fuck u <num> specially there new shit first they hijack itunes now all sirius chan fuck off already haha just sayin,22,122,0,1,0,0,0,0.05511811023622047,0,0,0
punjab government flood relief platform <url> realtime information on inundation damages rescue efforts amp travel alerts,16,121,0,0,1,0,0,0.03546099290780142,0,1,1
<user> hello wud u kindly consider following me bak please i m never any trouble lol many thanks,18,96,0,1,0,0,0,0.028037383177570093,0,0,0
who is tomislav salopek the islamic state s most recent hostage? <url>,12,70,0,0,1,0,1,0.15730337078651685,0,0,0
<user> <user> hillarymass murderer,4,34,0,2,0,0,0,0.45098039215686275,0,0,0
<user> civil rights continued in the <num> s and what about trans generational trauma? if anything we should listen to the americans,22,132,0,1,0,0,1,0.02877697841726619,0,0,0
nearly had a heart attack just now loud bang against window next to me turns out it was two birds flying into the glass,24,119,0,0,0,0,0,0.008130081300813009,0,0,1
new ladies shoulder tote handbag women cross body bag faux leather fashion purse full re <url> <url>,17,100,0,0,2,0,0,0.20863309352517986,0,0,0
i want it to rainstorm please,6,29,0,0,0,0,0,0.2413793103448276,0,0,0
<hashtag> hungerarticles nepal rebuilding lives and livelihoods after quake devastation <url>,11,93,1,0,1,0,0,0.14563106796116504,0,0,1
<user> <num> lava blast power red <hashtag> pantherattack,8,57,1,1,0,0,0,0.18867924528301888,0,0,0
wild land fires here i come ??,7,30,0,0,0,0,6,0.08108108108108109,0,0,1
<user> lol more than welcome ??,6,31,0,1,0,0,6,0.047619047619047616,0,0,0
<user> tor for a tor situation only wind damage enhanced wording is key imo,14,75,0,1,0,0,0,0.15,0,0,1
slums are a manifestation state failure to provide housing to citizens illegality discourse confounds structural problems <hashtag> stopevictions,18,145,1,0,0,0,0,0.014492753623188406,0,0,1
<num> cars collide <num> crashes into building two cars collided at an intersection and that sent one vehicle crashing <url>,20,124,0,0,1,0,0,0.072992700729927,0,0,1
i ll cry until my pity party s in flames ??,11,43,0,0,0,0,4,0.022222222222222223,0,0,0
the new quest type is level up quest its an always present quest with x <num> exp designed to help people level up outside of emergency quests,27,142,0,0,0,0,0,0.0,0,0,0
philippines must protect internally displaced persons warns un expert the diplomat <url>,12,88,0,0,1,0,0,0.1588785046728972,0,0,1
hm mt <user> alabama home quarantined over possible ebola case <url> <url>,12,74,0,1,2,0,0,0.1565217391304348,0,0,1
oregon s biggest wildfire slows growth <url> via <user>,9,55,0,1,1,0,0,0.10666666666666667,0,0,1
sinkhole selfies you wont believe what s in the brooklyn sinkhole! <url>,12,72,0,0,1,1,0,0.15555555555555556,0,0,0
aftershock <num> full streaming youtube <url>,6,45,0,0,1,0,0,0.125,0,0,0
<user> holy crap it s been forever since i saw this movie but the nostalgia wave just hit me like a tsunami! thank youu!,24,120,0,1,0,2,0,0.03278688524590164,0,0,0
currency transgress before payday prison ward sinking fund payment unsecured loan jbumzqpk,12,90,0,0,0,0,0,0.06593406593406594,0,0,0
<user> would you please explain what you are going to do about the volcanoes amp bush fires spouting all that co <num> into the air?,25,132,0,1,0,0,1,0.06201550387596899,0,0,1
boy <num> charged in fatal shooting of <num> year old <url>,11,59,0,0,1,0,0,0.07246376811594203,0,0,1
we have different moral systems mine rejects the mass murder of innocents yours explicitly endorses such behavior <url>,18,119,0,0,1,0,0,0.05755395683453238,0,0,1
calgary transit reviewing policy after leaving hundreds of commuters stranded during hail <url> <url>,14,101,0,0,2,0,0,0.07246376811594203,0,0,1
we haven t seen the devastation from the <num> corp breaches yet be prepared! get coverage! <url> <url>,18,103,0,0,2,2,0,0.12318840579710146,0,0,0
udhampur terror attack militants attack police post <num> spos injured suspected militants tonight attacked a p <url>,17,117,0,0,1,0,0,0.08148148148148149,0,1,1
?<hashtag> fukushima?<hashtag> tepco? mountains of debris from the japanese tsunami have floated to the west coast <url>,17,120,2,0,1,0,3,0.16806722689075632,0,0,1
california wildfires force thousands to evacuate <url> via <user>,9,65,0,1,1,0,0,0.07058823529411765,0,0,1
<user> my grandfather was set to be in the first groups of marines to hit japan in operation olympic <num> casualty rate predictions,23,132,0,1,0,0,0,0.057971014492753624,0,0,1
horrible accident man died in wings of airplane <num> <num> <num> <url>,12,71,0,0,1,0,0,0.12643678160919541,0,0,1
that horrible moment when u open up the dryer and it looks like a snowy blizzard cuz u left a piece of paper in your jeans pocket ??,28,132,0,0,0,0,2,0.007575757575757576,0,0,0
police officer wounded suspect dead after exchanging shots,8,58,0,0,0,0,0,0.13793103448275862,0,1,1
someone walk with me to dq ?? i wanna butterfinger blizzard so bad??,13,68,0,0,0,0,4,0.08823529411764706,0,0,0
<user> thank you for supporting the president the <hashtag> irandeal takes nuclear weapons out of the hands of iran and keeps everyone safer,23,140,1,1,0,0,0,0.050359712230215826,0,0,0
well saturn doesn t exist anymore so the collision place has a starting estimate of <num> that s <num> times what my car is worth,25,129,0,0,0,0,0,0.03125,0,0,1
newberg upheaval jacque betz responds looking forward to the day she can answer <url> <hashtag> news <url>,17,106,1,0,2,0,0,0.08695652173913043,0,0,0
<user> <user> completely understandable considering the trauma <hashtag> ptsdchat,9,81,1,2,0,0,0,0.04819277108433735,0,0,0
typhoon soudelor was captured in this incredible nasa photo on it s way to taiwan! <url> <url>,17,94,0,0,2,1,0,0.09375,0,0,1
why does it say silas sliced in that headlinelike someone chopped him up like a piece of cabbage?? <hashtag> gh,20,111,1,0,0,0,24,0.032,0,0,0
i m a friggin wreck destiel sucks read the vine description <url>,12,65,0,0,1,0,0,0.08235294117647059,0,0,0
government experts concerned about possible bioterrorism using gm organisms scientists are concerned that the <url>,15,115,0,0,1,0,0,0.11029411764705882,0,0,1
<user> the sad eyes and tacit stories in your heart that night in which the whirlwind was raging,18,96,0,1,0,0,0,0.01,0,0,1
cute amp all livin the life then you zoom in on one s face and you have a meme ready i ve seen the gates of hell and survived,29,125,0,0,0,0,0,0.030534351145038167,0,0,0
photo sketch i did based on the a taste of armageddon episode of <hashtag> startrek <hashtag> tos <url>,18,103,2,0,1,0,0,0.05825242718446602,0,0,0
butt trauma extraordinaire,3,26,0,0,0,0,0,0.11538461538461539,0,0,1
building the perfect tracklist to life leave the streets ablaze,10,63,0,0,0,0,0,0.015873015873015872,0,0,0
series finale of <hashtag> thegame it survived so much upheaval but the audience got so much good story,18,103,1,0,0,0,0,0.04081632653061224,0,0,0
ignition knock detonation sensor connector connecto dorman <num> <num> <url> <url>,11,82,0,0,2,0,0,0.13157894736842105,0,0,0
omfg i just woke up again,6,25,0,0,0,0,0,0.030303030303030304,0,0,0
jetstar and virgin forced to cancel bali flights again because of ash from mount raung volcano <url>,17,100,0,0,1,0,0,0.09401709401709402,0,0,1
nothing surprises me anymore and i am sure there is more to come <url>,14,70,0,0,1,0,0,0.03333333333333333,0,0,0
deputies man shot before brighton home set ablaze <url>,9,55,0,0,1,0,0,0.1232876712328767,0,0,1
metro acting chief jack requa says train that derailed was a six car train with <num> and <num> series rail cars <hashtag> wmata,23,128,1,0,0,0,0,0.025423728813559324,0,0,1
myanmar flooding heavy monsoon rains during the month of july have caused flooding flash floods and landsli <url>,18,113,0,0,1,0,0,0.07462686567164178,0,0,1
fall back this first break homebuyer miscalculation that could destruction thousands mwjcdk,12,91,0,0,0,0,0,0.03260869565217391,0,0,0
<user> <user> he not gonna be thinking that when he gets his shit wrecked on the first day of school ??,21,103,0,2,0,0,2,0.0,0,0,0
<hashtag> iphone <hashtag> twist ultimate <hashtag> preparedness library <url> prepare yourself for any catastrophe ov <url>,16,124,3,0,2,0,0,0.12030075187969924,0,0,0
tomorrow will be the death of me,7,32,0,0,0,0,0,0.0,0,0,0
still can t get over the thunderstorm tornado we were woken up to yesterday half the street is still in the dark! <url>,23,119,0,0,1,1,0,0.021897810218978103,0,0,1
turn on your radios <hashtag> stoponesounds is live on your <hashtag> airwaves <url> amp <num> <num> fm <user> <user> blazing all your hits,23,139,2,2,1,0,0,0.05673758865248227,0,0,0
remember that time goku gave life to a dead birb what the hell goku,14,67,0,0,0,0,0,0.0,0,1,0
holy moly that was crushed,5,26,0,0,0,0,0,0.037037037037037035,0,0,1
<url> paci?c media centre articles australia rsf protests over new security gag over reporting on,15,97,0,0,1,0,1,0.15702479338842976,0,0,0
two hours to get to a client meeting whirlwind of emotions with this <hashtag> tubestrike,15,89,1,0,0,0,0,0.024691358024691357,0,0,1
<user> as you can imagine we re inundated with requests each week for samples amp as much as we d love to be able to send sweets <num> <num>,29,140,0,1,0,0,0,0.028368794326241134,0,0,1
not being able to touch anything or anyone in penneys without being electrocuted ??,14,83,0,0,0,0,2,0.024096385542168676,0,0,0
sometimes you face difficulties not because you re doing something wrong but because you re doing something right joel osteen,20,125,0,0,0,0,0,0.0234375,0,0,0
i wanna drink a little smoke a little,8,37,0,0,0,0,0,0.02631578947368421,0,0,0
cutting for some celebrety and then posting the wounds online is a no go,14,72,0,0,0,0,0,0.0136986301369863,0,0,0
<user> <user> i ll give him a titty twister,9,43,0,2,0,0,0,0.057692307692307696,0,0,0
i was peacefully sitting in my room and i heard this loud bang of something falling,16,83,0,0,0,0,0,0.8192771084337349,0,0,1
i ll ruin my life if i have to,9,30,0,0,0,0,0,0.06451612903225806,0,0,0
<num> year old boy charged with manslaughter of toddler report an <num> year old boy has been charged with manslaughter over the fatal sh,24,137,0,0,0,0,0,0.0661764705882353,0,0,1
<user> im not home i need to watch screams,9,42,0,1,0,0,0,0.06382978723404255,0,0,0
more than <num> families affected by the fatal outbreak of legionnaires disease in edinburgh are to sue two comp <url>,20,118,0,0,1,0,0,0.03676470588235294,0,0,1
<hashtag> cdcwhistleblower <num> deaths from measles complications in <num> yrs everyone looses their shit <num> dead from legionnaires in a month amp crickets,23,159,1,0,0,0,0,0.028169014084507043,0,1,1
what the fuck <url>,4,19,0,0,1,0,0,0.15,0,0,0
wait what?? <url> <url>,4,23,0,0,2,0,3,0.1896551724137931,0,0,0
hotel evacuated after fire on shore drive in norfolk <url>,10,58,0,0,1,0,0,0.08,0,1,1
<user> have you gotten to the post battle we re on a desolate planet below the mason dixon line style electro violin playing yet?,24,129,0,1,0,0,1,0.022727272727272728,0,0,0
<num> million bail for man accused of <hashtag> shooting at fife <hashtag> police aug <num> <num> <num> pm et <url>,20,115,2,1,1,0,0,0.08653846153846154,0,0,1
video we re picking up bodies from water rescuers are searching for hundreds of migrants in the mediterran <url>,19,112,0,0,1,0,0,0.07352941176470588,0,0,1
the latest more homes razed by northern california wildfire abc news <url>,12,74,0,0,1,0,0,0.19148936170212766,0,0,1
how missing jet s debris could have floated to r union the new york times <url>,16,79,0,0,1,0,0,0.1485148514851485,0,0,1
rescuers recover body of <num> year old calgary man from lake near vulcan <url>,14,79,0,0,1,0,0,0.05,0,0,1
the possible new jerseys for the avalanche next year ?? <url>,11,61,0,0,1,0,4,0.06172839506172839,0,0,0
dtn brazil refugio oil spill may have been costlier bigger than projected a plains all american pipeline oi <url>,19,113,0,0,1,0,0,0.1037037037037037,0,0,1
two giant cranes holding a bridge collapse into nearby homes <url>,11,66,0,0,1,0,0,0.07228915662650602,0,1,1
m <num> <num> <num> <num> utc ? <num> km nnw of lake henshaw california <url>,15,77,0,0,1,0,1,0.17105263157894737,0,0,1
mango juice with crushed ice gt gt gt gt ??,10,43,0,0,0,0,2,0.021739130434782608,0,0,0
families to sue over legionnaires more than <num> families affected by the fatal outbreak of legionnaires disea <url>,18,117,0,0,1,0,0,0.058823529411764705,0,0,1
thank you <user> <user> for words of warning re <hashtag> queenswharf <hashtag> brisbane <url> via <user>,16,105,2,3,1,0,0,0.11851851851851852,0,0,0
can t find my ariana grande shirt this is a fucking tragedy,12,59,0,0,0,0,0,0.016666666666666666,0,0,0
governor allows parole for school bus hijacker <url>,8,52,0,0,1,0,0,0.14492753623188406,0,0,1
<num> years after atomic bombs japan still struggles with war past the anniversary of the devastation wrought b <url>,19,117,0,0,1,0,0,0.1037037037037037,0,0,1
<user> stuns also probably won t be anything like aw stuns and you can t detonate them,17,86,0,1,0,0,0,0.04395604395604396,0,0,0
update <num> russian food crematoria provoke outrage amid crisis famine memories russian society still recal <url>,16,114,0,0,1,0,0,0.0962962962962963,0,0,1
wyrmwood road of the dead <num> was fucking awesome and it had an awesome ending too awesome one,18,96,0,0,0,0,0,0.04,0,1,0
lake dallas crash causes train to derail <url>,8,46,0,0,1,0,0,0.09523809523809523,0,0,1
them shootas be so hungry with bodies on they burner ??,11,55,0,0,0,0,2,0.01818181818181818,0,0,0
major accident causes life threatening injuries closes highway an <num> wheeler and an suv collided and then <url>,18,114,0,0,1,0,0,0.08333333333333333,0,0,1
<user> slightly diff catastrophe amp barry was running solo but generally the same thing,14,88,0,1,0,0,0,0.06451612903225806,0,0,0
stretcher in <num> min speaker deck <url>,7,41,0,0,1,0,0,0.12698412698412698,0,0,0
catfish retweeted me amp my notifications blew up ??,9,52,0,0,0,0,6,0.01694915254237288,0,0,0
hail! pic <url>,3,15,0,0,1,1,0,0.15384615384615385,0,0,0
we happily support mydrought a project bringing awareness to the la drought track your water <url>,16,98,0,0,1,0,0,0.05785123966942149,0,0,1
correction tent collapse story <url>,5,36,0,0,1,0,0,0.12962962962962962,0,1,1
check out <hashtag> preppers <hashtag> doomsday must have library collection on cd <hashtag> shtf <hashtag> preppertalk <hashtag> survival <hashtag> <num> a <hashtag> prepper <url> via <user>,26,191,7,1,1,0,0,0.4028776978417266,0,0,0
<user> love what you picked! we re playing worth it by fifth harm kid ink because of you! listen amp vote <url>,22,111,0,1,1,2,0,0.22058823529411764,0,0,0
?? ?? ?? ?? mh <num> aircraft debris found on la reunion is from missing malaysia airlines <url>,18,96,4,0,1,0,10,0.10655737704918032,0,0,1
<url> bin laden family plane crashed after avoiding microlight and landi <url> <hashtag> peritoengrafoscopia,14,108,1,0,2,0,0,0.10218978102189781,0,0,1
if you have an opinion and you don t put it on thh internet you will furst into flames,19,86,0,0,0,0,0,0.011494252873563218,0,0,0
<user> ?? shut up freshman its past ur curfew u need some sleep!! u spend too much of ur time watching tv instead of going outside ??,27,133,0,1,0,2,4,0.0,1,0,0
learn how i gained access to the secrets of the top earners amp used them to explode my home business here <url> please <hashtag> rt,25,132,1,0,1,0,0,0.2097902097902098,0,0,0
obama declares disaster for typhoon devastated saipan president barack obama has declared the commonwealth of <url>,16,115,0,0,1,0,0,0.07352941176470588,0,0,1
<hashtag> worldnews fallen powerlines on g link tram update fire crews have evacuated up to <num> passengers who were tr <url>,21,126,1,0,1,0,0,0.145985401459854,0,1,1
trouble trouble when i don t get my way ??,10,42,0,0,0,0,4,0.045454545454545456,0,0,0
three alarm fire destroys two residential buildings a car in manchester n h on sunday afternoon <url>,17,101,0,0,1,0,0,0.08403361344537816,0,1,1
the crew on <hashtag> enolagay had nuclear bomb on board disarmed <num> mins to <hashtag> hiroshima they got ready to arm little boy <url>,24,138,2,0,1,0,0,0.07407407407407407,0,0,1
black eye <num> a space battle occurred at star o <num> involving <num> fleets totaling <num> ships with <num> destroyed,20,120,0,0,0,0,0,0.04716981132075472,0,0,0
sink holes earth slides and avalanches gt gt <url> <hashtag> allah <hashtag> islam <hashtag> sinkhole <hashtag> landslide <hashtag> avalanche <hashtag> usa <hashtag> france <hashtag> uk <hashtag> usgs <hashtag> emsc,29,215,10,0,1,0,0,0.1310344827586207,0,0,1
truck crash on <num> w at us <num> in lebanon is a fatality very sad expect long delays through the morning,21,107,0,0,0,0,0,0.058823529411764705,0,0,1
bmx issues areal flood advisory for shelby al till aug <num> <num> <num> pm cdt <url>,16,85,0,0,1,0,0,0.20430107526881722,0,1,1
you can only be rescued from where you actually are and not from where you pretend you are giorgio hiatt,20,104,0,0,0,0,0,0.028037383177570093,0,0,0
experts in france begin examining airplane debris found on reunion island <url> french air accident experts on wednesday,18,120,0,0,1,0,0,0.06428571428571428,0,0,1
<user> the causes of federal failure are deeply structural and they will not be easily solved <url>,17,99,0,1,1,0,0,0.0546875,0,0,0
<user> that s where the concentration camps and mass murder come in every fucking time,15,86,0,1,0,0,0,0.17,0,0,0
so now that di maria has left my dear <hashtag> mufc back to the hazard di maria argument i d say hazard is way better ?? idc,27,125,1,0,0,0,2,0.06611570247933884,0,0,0
for some reason im listening to curfew overtime and stuck in a kodak over and over again,17,88,0,0,0,0,0,0.0,0,0,0
going to go drown my sorrows with sad music brb,10,47,0,0,0,0,0,0.02127659574468085,0,0,0
my vibrator shaped vape done busted,6,35,0,0,0,0,0,0.0,0,0,0
wolforth with a two out single up the middle fourth hit of the night for altamonte springs,17,90,0,0,0,0,0,0.043478260869565216,0,0,0
zone of the enders mgs <num> god of war rt <user> quote this with your favorite ps <num> game,19,93,0,1,0,0,0,0.19101123595505617,0,0,0
breaking terror attack on police post <hashtag> udhampur,8,56,1,0,0,0,0,0.2916666666666667,0,0,1
my parents don t believe in the dream sad,9,41,0,0,0,0,0,0.046511627906976744,0,0,0
<user> i still got video of u demolished,8,40,0,1,0,0,0,0.11627906976744186,0,0,0
rainstorm downtown gloucester <hashtag> gloucester <hashtag> capeann <hashtag> seagulls <hashtag> triciaoneill <hashtag> triciaoneillphoto <url>,14,144,5,0,1,0,0,0.042735042735042736,0,0,1
my precious olive tree lost this battle another crazy windstorm in <hashtag> yyc! <user> <url>,15,94,1,1,1,1,0,0.05309734513274336,0,0,1
<user> stop upsetting this bee! listen to science not chemical companies <hashtag> savebees <url> <url>,15,103,1,1,2,1,0,0.07971014492753623,0,0,0
the future of america <hashtag> gamergate <url>,7,47,1,0,1,0,0,0.12727272727272726,0,0,0
<user> <user> watch cnn s the seventies terrorism episode iran has always hated the u s they want us obliterated,20,112,0,2,0,0,0,0.03125,0,0,1
?? ?? ?? ?? suicide bomber kills <num> in saudi security site mosque reuters <url>,15,82,4,0,1,0,10,0.05714285714285714,0,0,1
<user> <user> i must be overlooking the burning buildings? <hashtag> blacklivesmatter,11,85,1,2,0,0,1,0.04878048780487805,0,0,1
<user> yes man i was having a bad week so far but events a deluge of favs have turned it right around,22,101,0,1,0,0,0,0.008928571428571428,0,0,0
there is a <hashtag> baby in oliver s <hashtag> swim class that cries the entire class it s like his <hashtag> parents are <hashtag> waterboarding him or dipping him in <hashtag> lava,32,183,5,0,0,0,0,0.06474820143884892,0,0,0
calgary news weather and traffic for august <num> <num> <url> <url>,11,67,0,0,2,0,0,0.14285714285714285,0,0,0
<user> <user> <user> getting kicked out by that crash is one of the worst experiences i ve had playing video games,21,114,0,3,0,0,0,0.061068702290076333,0,0,0
a gpm satellite bullseye in typhoon soudelor <url>,8,50,0,0,1,0,0,0.17391304347826086,0,0,1
creel you must think i m a real moron flag man! a brainless mass of muscle! i do but i don t think you re a mass murderer!,28,122,0,0,0,3,0,0.06349206349206349,0,0,0
<num> seconds for my bitches to evacuate ??,8,43,0,0,0,0,6,0.0,0,0,0
<user> <hashtag> mudslide nuff said <hashtag> gbbo,7,50,2,1,0,0,0,0.09523809523809523,0,0,1
so if i capsize on your thighs high tide b <num> you sunk my battleship gt,16,74,0,0,0,0,0,0.041666666666666664,0,0,0
<user> he s hot amp he can sing i m screaming??,11,47,0,1,0,0,6,0.017543859649122806,0,0,0
you can t fight fate and you can t survive alone i can t help but notice that almost seems like a definition of who i am,27,120,0,0,0,0,0,0.023809523809523808,0,0,0
<user> not upset with a rally upset with burning buildings businesses executing cops that have nothing to do with it etc,21,120,0,1,0,0,0,0.0,0,0,1
cell phone shop <url> <hashtag> <num> <num> pin lightning connector <num> <num> a car charger for apple <num> <num> s <num> c <num> <num> i <url>,26,145,1,0,2,0,0,0.1366906474820144,0,0,1
i m servicin in my section i m lurkin i m with my weapon,14,56,0,0,0,0,0,0.05357142857142857,0,0,0
<user> bit of both going to venture out once i ve chosen suitable music for the mayhem,17,86,0,1,0,0,0,0.022222222222222223,0,0,0
can you list <num> reasons why a london <hashtag> tubestrike is better than a snowstorm? read here <url>,18,104,1,0,1,0,1,0.0990990990990991,0,0,0
california cops have sketch of gunman who killed one wounded two deputies via the <user> app <url>,17,98,0,1,1,0,0,0.03418803418803419,0,0,1
pic of me and blaze in a fort when we were kids i look like a jackass stuffin my face like that ?? <url>,24,104,0,0,1,0,6,0.04,0,0,0
<hashtag> eyewitness media is actively embraced by <hashtag> uk audiences read the report by <user> on the impact of <hashtag> ugc in news <url>,24,144,3,1,1,0,0,0.07352941176470588,0,0,0
<user> even staying up all night to he barrier for t p and then having to run through a dust storm and almost passing out?,25,122,0,1,0,0,1,0.0,0,0,1
tell him rebahe s going to destroy himself <user> <user> <hashtag> ashes <num> ashes,14,84,1,2,0,0,0,0.10126582278481013,0,0,0
survived the plague floated the flood just peeked our heads above the mud no one s immune deafening bells my god will we survive ourselves?,25,139,0,0,0,0,1,0.0,0,1,0
<user> you should delete this one it s not an abbandoned nor sinking that s the darsena of the castello scaligero di sirmione,23,125,0,1,0,0,0,0.029197080291970802,0,0,0
that horrible sinking feeling when you ve been at home on your phone for a while and you realise its been on <num> g this whole time,27,132,0,0,0,0,0,0.007751937984496124,0,0,0
the latest more homes razed by northern california wildfire abc news <url>,12,74,0,0,1,0,0,0.1595744680851064,0,0,1
<hashtag> setting <num> success bells toll in hiroshima as japan marks <num> years since atomic bombing <hashtag> news <hashtag> smallbusiness <hashtag> entrepreneur,22,165,4,0,0,0,0,0.05,0,0,1
wreckage conclusively confirmed as from mh <num> malaysia pm investigators and the families of those who were <url>,18,115,0,0,1,0,0,0.11764705882352941,0,0,1
back to the future in <hashtag> vanuatu how cyclone pam has encouraged traditional ways of living <url> <url>,18,109,1,0,2,0,0,0.13333333333333333,0,0,1
the only country claiming the moral high ground is the only one to have dropped atomic bombs <hashtag> hiroshima <hashtag> banthebomb <url>,22,139,2,0,1,0,0,0.05755395683453238,0,0,1
today will be another dualcom with <user> !! if you enjoyed yesterdays check out todays at <num> pm easter!!,19,108,0,1,0,6,0,0.01834862385321101,1,0,0
people are finally panicking about cable tv <url>,8,49,0,0,1,0,0,0.12121212121212122,0,0,0
kanger coils burning out fast? via r vaping <num> <url>,10,55,0,0,1,0,1,0.08333333333333333,0,0,0
<user> doesn t so lvg is forced into the market may beat spurs and smaller teams with blind lcb top <num> cl teams will obliterate us,26,133,0,1,0,0,0,0.08633093525179857,0,0,0
trial date set for man charged with arson burglary <url>,10,56,0,0,1,0,0,0.1506849315068493,0,0,1
dogs lightning reshapes rocks at the atomic level a lightning strike can reshape a mineral s crystal structure <url>,19,116,0,0,1,0,0,0.03597122302158273,0,0,0
has gun law ever dissuaded a potential mass murderer?,9,53,0,0,0,0,1,0.018867924528301886,0,0,1
you made my mood go from shitty af to panicking af istg,12,55,0,0,0,0,0,0.01818181818181818,0,0,0
<user> the fear of not looking like you know what you are doing ahh that was a big one for me <hashtag> perrychat,23,113,1,1,0,0,0,0.058333333333333334,0,0,0
hail the user summons a hailstorm lasting five turns it damages all pokemon except the ice type,17,95,0,0,0,0,0,0.05154639175257732,0,0,0
free ebay sniping rt? <url> lumbar extender back stretcher excellent condition!! ?please favorite amp share,15,107,0,0,1,2,2,0.14285714285714285,1,0,0
more wicked weather rolls through calgary and surrounding areas <url> <url>,11,75,0,0,2,0,0,0.10810810810810811,0,0,1
<user> i should ve gave him a curfew,8,36,0,1,0,0,0,0.3023255813953488,0,0,0
<user> if you mess up it s gonna explode,9,40,0,1,0,0,0,0.02040816326530612,0,0,1
<url> <hashtag> latestnews <hashtag> cnbc <hashtag> cnn the anniversary of the devastation wrought by the first military use of an atomic weapon c,23,146,3,0,1,0,0,0.11428571428571428,0,0,1
politics preschool attitude russia orders to destroy all food coming from countries it doesn t like there is no hunger in the world?,23,132,0,0,0,0,1,0.036231884057971016,0,0,1
rand paul s debate strategy demolish some other bad ideas out there or point out maybe that there are some em <url>,22,115,0,0,1,0,0,0.058823529411764705,0,0,1
<hashtag> bakeoffriends <hashtag> gbbo the one with the mudslide and the guy with the hat,15,89,2,0,0,0,0,0.10810810810810811,0,0,0
fair enough we have two of the best attacking wingers in the prem in hazard and willian who will basically start every game <num>,24,129,0,0,0,0,0,0.03125,0,0,0
evacuation drill at work the fire doors wouldn t open so i got to smash the emergency release glass <hashtag> feelingmanly,21,122,1,0,0,0,0,0.017543859649122806,0,1,0
one day i want someone to run for the ferry fall and crack there face open for almost knocking me over just to get on a boat ??,28,127,0,0,0,0,6,0.015267175572519083,0,0,0
governor allows parole for california school bus hijacker who kidnapped <num> children in <num> <url> <url>,16,107,0,0,2,0,0,0.057971014492753624,0,0,1
the sunset boys wreck my bed original <num> usa gimp label vinyl <num> <num> newave <url> <url>,17,95,0,0,2,0,0,0.07142857142857142,0,0,1
<user> im glad my gay can heal <num> wounds,9,43,0,1,0,0,0,0.019230769230769232,0,0,0
<user> my narrator will have to say chemically interesting lavatory for db <num> not quite the tongue twister but certainly odd p,22,129,0,1,0,0,0,0.03816793893129771,0,0,0
so you have a new weapon that can cause un imaginable destruction,12,65,0,0,0,0,0,0.015151515151515152,0,0,1
red cross re opens shelter at bickleton school after <num> homes evacuated in amp around roosevelt wa due to wildfire <hashtag> liveonk <num>,23,141,1,0,0,0,0,0.07874015748031496,0,0,1
plains all american pipeline company may have spilled <num> more crude oil than previously estimated <hashtag> ksbynews <user> <url>,19,132,1,1,1,0,0,0.07857142857142857,0,0,1
mortal kombat x is an excellent fatalities and the most fun i ve ever had with a mortal kombat sega s version <url>,23,115,0,0,1,0,0,0.08208955223880597,0,0,0
yhngsjlg just tweeted about their secret crush <url>,8,52,0,0,1,0,0,0.043478260869565216,0,0,0
<num> security personnel killed in iraq suicide bombing <url> <url>,10,67,0,0,2,0,0,0.13,0,0,1
<hashtag> udhampuragain <num> terrorist shot dead <hashtag> udhampur,8,68,2,0,0,0,0,0.0625,0,1,1
l b <hashtag> entertainment lot of <num> <hashtag> brucewillis movies <hashtag> dvd die hard <num> <num> <num> monkeys armageddon sixth <hashtag> ebay <hashtag> auction <url>,25,174,5,0,1,0,0,0.3969465648854962,0,0,0
officially skipping out on <hashtag> fantasticfour <hashtag> fant <num> stic whatever the hashtag is it s getting annihilated in reviews bummer,21,143,2,0,0,0,0,0.13934426229508196,0,0,0
a random hole just broke out in the street ?? <url>,11,51,0,0,1,0,2,0.07352941176470588,0,0,0
<user> gd ideas i m <num> wrked hard now have almost nothing fear lives with poor fran reed <num>,19,97,0,1,0,0,0,0.05714285714285714,0,0,0
twelve feared killed in pakistani air ambulance helicopter crash <url> <hashtag> worldnews,12,90,1,0,1,0,0,0.07142857142857142,0,0,1
<user> <user> check out this <hashtag> rockin preview of <user> danger zone coming soon! <url> <hashtag> artistsunited,17,118,2,3,1,1,0,0.11428571428571428,0,0,0
<user> did you see <hashtag> hurricane <hashtag> guillermo with <hashtag> meteoearth? <url>,12,91,3,1,1,0,1,0.05813953488372093,0,0,1
whole slew of updated posts coming now that the hosting is fixed! <hashtag> unfml <hashtag> deluge,16,98,2,0,0,1,0,0.0625,0,0,0
<user> enjoy! hopefully there will be no epic hail storms where you are going!,14,78,0,1,0,2,0,0.05,0,0,0
the feeling of lonelyness has sunk into me strange depressing feeling,11,69,0,0,0,0,0,0.014285714285714285,0,0,0
rt <user> the person who dances with you in the rain will most likely walk with you in the storm anonymous,21,106,0,1,0,0,0,0.034782608695652174,0,0,0
<user> i may be panicking a little i wasn t as fast submitting the form as i usually am,19,87,0,1,0,0,0,0.03225806451612903,0,0,0
condemnation clearly replacing the latest response aimlessly dryer evacuate detersion de hlg,12,92,0,0,0,0,0,0.03225806451612903,0,0,1
<user> my good you stay in ny?? ?,8,33,0,1,0,0,4,0.13157894736842105,0,0,0
so happy to be exercised of the demon of <user> price kept rising service kept sinking <hashtag> goodbye,18,104,1,1,0,0,0,0.05263157894736842,0,0,0
<user> <user> <user> i can not envision any catastrophe that would prevent a woman placing her child for adoption,19,113,0,3,0,0,0,0.0234375,0,0,0
niggas playing in the thunderstorm hope the lorr bless em ??,11,60,0,0,0,0,4,0.30303030303030304,0,0,1
<user> my tears drowned out the terrible taste also nataly gave me her steak and cheese thing to cheer me up,21,108,0,1,0,0,0,0.0,0,0,0
remove the <url> and linkury browser hijacker <url> <url>,9,57,0,0,3,0,0,0.1388888888888889,0,0,0
islamic state group threatens to kill hostage if muslim women aren t let go <url>,15,81,0,0,1,0,0,0.036036036036036036,0,0,1
<user> <user> wld b a shame if that golf cart became engulfed in flames <hashtag> boycottbears,16,94,1,2,0,0,0,0.05102040816326531,0,0,0
u s forest service says spending more than half of budget on fires by ian simpson <url>,17,87,0,0,1,0,0,0.10091743119266056,0,0,1
<hashtag> taiwan grace expect that large rocks trees mud unstable and or saturated land may slide very hazardous in hilly mountain areas,22,136,1,0,0,0,0,0.015037593984962405,0,0,1
learn how to evacuate your home in the event of a <hashtag> wildfire view videos at <url> <hashtag> ca <hashtag> nv <hashtag> ut <hashtag> co <hashtag> or <url>,28,160,6,0,2,0,0,0.1357142857142857,0,0,1
cabin fever <num> flames <url>,5,30,0,0,1,0,0,0.11363636363636363,0,0,0
always look for the silver lining! my barn having burned to the ground i can now see the moon mizuta <url>,21,106,0,0,1,1,0,0.05303030303030303,0,0,0
man my stomach feel like a tsunami ??,8,37,0,0,0,0,2,0.02631578947368421,0,0,0
pic of <num> yr old pkk suicide bomber who detonated bomb in turkey army trench released <url> <url>,18,100,0,0,2,0,0,0.1076923076923077,0,0,1
womens handbags cross body geometric pattern satchel totes shoulder bags white <url> <url>,13,90,0,0,2,0,0,0.1774193548387097,0,0,0
<user> im speaking from someone that is using a scuf on xb <num> most of them people will end up getting on for ps also,25,119,0,1,0,0,0,0.024,0,0,0
good for her lol <url>,5,22,0,0,1,0,0,0.1794871794871795,0,0,0
hasn t quite sunk in that i saw johnny marr and primal scream all in the space of a few hours on sunday,23,103,0,0,0,0,0,0.06796116504854369,0,0,0
<num> <num> tix calgary flames vs col avalanche preseason <num> <num> scotiabank saddledome <url>,14,97,0,0,1,0,0,0.15151515151515152,0,0,0
<user> refugio oil spill may have been costlier bigger than projected <url>,12,75,0,2,1,0,0,0.06521739130434782,0,0,1
review dude bro party massacre ii <url> by patrick bromleythe title sa <url>,13,76,0,0,2,0,0,0.168141592920354,0,0,0
<user> if you take the suit off him i wouldn t be surprised to hear this is the face that belonged to another democrat mass murderer,26,132,0,1,0,0,0,0.02877697841726619,0,0,1
if you did a cannon ball into the ocean then japan would evacuate,13,65,0,0,0,0,0,0.030303030303030304,0,0,1
we re <hashtag> hiring in our toronto branch! surety underwriter senior underwriter and casualty product leader apply today <url>,19,129,1,0,1,1,0,0.10071942446043165,0,0,0
i wanna get a danger days tattoo so bad how cool would that spider look like on someones wrist or smth,21,102,0,0,0,0,0,0.0,0,0,0
<hashtag> flood in bago myanmar <hashtag> we arrived bago,9,57,2,0,0,0,0,0.1282051282051282,0,1,1
patient reported outcomes in long term survivors of metastatic colorectal cancer british journal of surgery <url>,16,113,0,0,1,0,0,0.06060606060606061,0,0,1
<user> internally and externally screaming,5,42,0,1,0,0,0,0.019230769230769232,0,0,1
<user> don t be like that babes lt <num> you ll have a ball of fun with me at lan!,20,82,0,1,0,1,0,0.043478260869565216,0,0,0
hijacker cops back in the dock <url> <url>,8,42,0,0,2,0,0,0.10714285714285714,0,0,1
we all carry these things inside that no one else can see they hold us down like anchors they drown us out at sea,24,113,0,0,0,0,0,0.017391304347826087,0,0,0
the <user> quote website disaster tried <num> browsers amp <num> machines always get missing info error due to a non existant drop down,23,135,0,1,0,0,0,0.03496503496503497,0,0,0
i miss my longer hair but it was so dead anyways it wasn t even hair,16,68,0,0,0,0,0,0.0,0,1,0
sustainability task force presents levy to fund emergency services wdtv <url>,11,77,0,0,1,0,0,0.19791666666666666,0,0,1
how is it one careless match can start a forest fire but it takes a whole box to start a campfire?,21,98,0,0,0,0,1,0.01020408163265306,0,1,1
<hashtag> thorium radioactive weapons scandals murders and environmental devastation video <url>,11,96,1,0,1,0,0,0.1111111111111111,0,0,1
<hashtag> usnwsgov severe weather statement issued august <num> at <num> <num> pm edt by nws the severe thunderstorm warning <url>,20,130,1,0,1,0,0,0.34558823529411764,0,0,1
doing dialyses to my grandpa and oh lord this blood makes me light headed,14,73,0,0,0,0,0,0.0136986301369863,0,0,0
emergency units simulate a chemical explosion at nu suppose a student in the research labs at northwestern <url>,18,112,0,0,1,0,0,0.06766917293233082,0,1,1
i eat because it makes my mouth explode with joy and my soul rise upwards <url> <url>,17,85,0,0,2,0,0,0.07258064516129033,0,0,0
yay i can feel the wind gearing up for a rainstorm in <hashtag> vancouver!! bring it on <hashtag> drought <hashtag> deadgrassandflowers <hashtag> wildfires,23,155,4,0,0,2,0,0.03361344537815126,1,0,1
i made a friend more interesting than all of y all combined <url>,13,65,0,0,1,0,0,0.07228915662650602,0,0,0
the girl that i wanna save is like a danger to my health try being with somebody that wanna be somebody else,22,108,0,0,0,0,0,0.01834862385321101,0,0,0
philadelphia eagles jordan matthews is going to explode in <num> <url> <hashtag> news <hashtag> hotnewscake,15,107,2,0,1,0,0,0.10185185185185185,0,0,0
severe thunderstorm warning remains for <hashtag> cochrane <user> has enacted municipal emergency plan after today s storm <hashtag> abstorm,19,140,2,1,0,0,0,0.015151515151515152,0,0,1
sinkhole selfies you wont believe what s in the brooklyn sinkhole! sinkhole sel <url> <user> <hashtag> funny,17,108,1,1,1,1,0,0.14705882352941177,0,0,0
first wreck today so so glad me and mom are okay could ve been a lot worse so happy the lord was with us today ??,26,113,0,0,0,0,6,0.03333333333333333,0,0,0
two giant cranes holding a bridge collapse into nearby homes <url>,11,66,0,0,1,0,0,0.07228915662650602,0,1,1
flooding ?? <url>,3,17,0,0,1,0,4,0.16666666666666666,0,0,1
fire destroys two buildings on <num> nd street in <hashtag> manchester <url>,12,76,1,0,1,0,0,0.05063291139240506,0,1,1
<user> pete when will the heat wave pass? is it really going to be mid month? frisco boy scouts have a canoe trip in okla,25,121,0,1,0,0,2,0.046875,0,0,1
rt <user> <hashtag> love <hashtag> truelove <hashtag> romance lith <hashtag> voodoo <hashtag> seduction <hashtag> astrology <hashtag> rtrrt <hashtag> lotz <num> <num> <hashtag> apocalypse <hashtag> armageddon <hashtag> <num> planet,28,231,11,1,0,0,0,0.16541353383458646,0,0,0
is it bad to say that i m kinda afraid of storms and we are in a storm?? help,19,77,0,0,0,0,4,0.02531645569620253,0,0,1
<user> what if i m drowning,6,27,0,1,0,0,0,0.10714285714285714,0,0,0
the chick i work with chews chewing gum so loud ?? feel to bang her,15,67,0,0,0,0,2,0.029850746268656716,0,0,0
<user> man gently dabbed the cotton rag across each one of his wounds the pain a lot more worse than glenn had ever,23,115,0,1,0,0,0,0.03125,0,0,0
<user> <user> together we can destroy the emperor and rule the galaxy father and son!,15,85,0,2,0,1,0,0.05,0,0,0
first responders would never be sent to the wrong address again w <hashtag> smarttek s gps based panic button <hashtag> mpers <hashtag> safety <url>,24,148,3,0,1,0,0,0.10071942446043165,0,0,0
<user> bore him with minutiae serve bad champagne he may just explode,12,69,0,1,0,0,0,0.0641025641025641,0,0,0
gt bin laden family plane crashed after avoiding microlight and landing too far down runway <url> <hashtag> rochdale <hashtag> heywood,20,134,2,0,1,0,0,0.04316546762589928,0,0,1
having your wounds kissed by someone who doesn t see them as disasters in your soul but rather cracks to pour their love into is amazing,26,136,0,0,0,0,0,0.014598540145985401,0,0,0
<num> but if they had lower striked than <num> i would have gone even further otm this could really fall off a cliff,23,116,0,0,0,0,0,0.043859649122807015,0,0,1
<user> ah i remember those days in a snowstorm too,10,50,0,1,0,0,0,0.07272727272727272,0,0,1
the stephen ave flower pots got a little ripped up in the hailstorm today <hashtag> yyc <hashtag> abstorm <hashtag> calgary <hashtag> iamdowntown <url>,23,151,4,0,1,0,0,0.045454545454545456,0,0,1
<user> <user> ironically michele bachmann brought this up in <num> w ron paul amp everyone blew her off and called hoax she was finally right,25,141,0,2,0,0,0,0.06993006993006994,0,0,0
meek mill responds to drake s ovo fest set with wedgie threat <url>,13,67,0,0,1,0,0,0.1511627906976744,0,0,1
ashes <num> australia totally collapse and the internet absolutely loves it <url>,12,81,0,0,1,0,0,0.04081632653061224,0,1,0
haunting memories drawn by survivors <url>,6,42,0,0,1,0,0,0.0847457627118644,0,0,1
ntsb virgin galactic crash caused by structural failure triggered when brakes unlocked early <url> <url>,15,104,0,0,2,0,0,0.10071942446043165,0,0,1
in light of recent events all i would like to say is screams for five years,16,75,0,0,0,0,0,0.025974025974025976,0,0,0
the ship has arrived safely so it was quite unnecessary to sign the waiver that we won t sue microsoft if any hijacking occurred,24,128,0,0,0,0,0,0.023076923076923078,0,0,0
i was obliterated last night??,5,30,0,0,0,0,2,0.03333333333333333,0,0,0
like i swear the secret we ll uncover is the old gods in a slumber i think theres gonna be another blight,22,105,0,0,0,0,0,0.7924528301886793,0,0,0
<hashtag> poster <hashtag> ergo rotator <hashtag> cuff injury recovery kit <url> super high converting rotator cuff inj <url>,18,125,3,0,2,0,0,0.12030075187969924,0,0,0
gostei de um v deo <user> de <user> <url> sleeping with sirens postcards and polaroids acoustic cover,17,101,0,2,1,0,0,0.08527131782945736,0,0,0
traffic accident n cabrillo hwy magellan av mir <num> <num> <num> <num> <num> <num>,14,83,0,0,0,0,0,0.3880597014925373,0,0,1
dramatic video shows plane landing during violent storm <url>,9,61,0,0,1,0,0,0.16666666666666666,0,0,1
<hashtag> earthquake emsc md <num> <num> off coast of northern california <url> g <url>,14,87,1,0,2,0,0,0.37383177570093457,0,1,1
holmgren describing <num> world cup we were lou s hostages,10,58,0,0,0,0,0,0.07017543859649122,0,0,0
first tweet collided with a selfie pretty sweet if you ask me?? <url>,13,69,0,0,1,0,4,0.054945054945054944,0,0,0
anyone wanna come over and watch twister with me? <hashtag> toosoon,11,67,1,0,0,0,1,0.03225806451612903,0,0,0
imagine a room with walls that are lava lamps,9,45,0,0,0,0,0,0.021739130434782608,0,0,1
<user> is serving more than <num> k veterans <num> k oif oef vets have physical wounds many more have invisible ones <url> <hashtag> client,24,139,1,1,1,0,0,0.07857142857142857,0,0,1
i m gunning down romance it never did a thing for me but heartache and misery ain t nothing but a tragedy <url>,23,111,0,0,1,0,0,0.0546875,0,0,0
why are <hashtag> bayonets being distributed to local police departments? <user> wants to know <url> <hashtag> evilempire <hashtag> jadehelm <num>,20,146,3,1,1,0,1,0.1956521739130435,0,0,0
spot flood combo <num> inch <num> w curved cree led work light bar <num> x <num> offroad fog lamp full re <url> <url>,23,117,0,0,2,0,0,0.17266187050359713,0,1,0
<user> tenshi activated yuki s fire card!,7,41,0,1,0,1,0,0.08163265306122448,0,1,0
<num> pcs <num> w cree led work light offroad lamp car truck boat mining <num> wd flood beam full rea <url> <url>,22,113,0,0,2,0,0,0.2589928057553957,0,1,1
i can t listen to darude sandstorm without expecting airhorns now,11,65,0,0,0,0,0,0.046153846153846156,0,0,0
this popeyes bout to get crushed ??,7,35,0,0,0,0,2,0.02857142857142857,0,0,0
enugu government to demolish illegal structures at international conference centre <url>,11,88,0,0,1,0,0,0.08571428571428572,0,0,1
another sad ocean casualty gray whale population in the pacific listed as critically <hashtag> endangered <hashtag> drone video <url>,19,133,2,0,1,0,0,0.029197080291970802,0,0,1
terrifying pov footage captures violent landing from inside a passenger jet during a storm in amsterdam <url> <hashtag> travel,19,126,1,0,1,0,0,0.08208955223880597,0,0,1
<user> yea heard about that not coming out until <num> and <num> ?? vampiro is bleeding,16,87,0,1,0,0,6,0.03125,0,0,0
it was finally demolished in the spring of <num> and the property has sat vacant since the just saddlebrooke <url>,20,114,0,0,1,0,0,0.057971014492753624,0,0,0
<url> twelve feared killed in pakistani air ambulance helicopter crash <url>,11,76,0,0,2,0,0,0.09090909090909091,0,0,1
the sunset looked like an erupting volcano my initial thought was the pixar short lava <url>,16,92,0,0,1,0,0,0.07017543859649122,0,0,1
rain rain go away a soaker is on the way gt <url> lt <url>,14,58,0,0,2,0,0,0.1891891891891892,0,0,0
<user> oh i m not bagging her at all! her body be bangin i m saying she s going to get the rose,23,95,0,1,0,1,0,0.0297029702970297,0,0,0
tennis defending champ svetlana kuznetsova withdraws from citi open cites injury to her lower left leg espn <url>,18,113,0,0,1,0,0,0.09774436090225563,0,0,0
i liked a <user> video from <user> <url> battlefield hardline <num> new weapons new map throwingknifes!,16,103,0,2,1,1,0,0.17829457364341086,0,0,0
new mad max screenshots show off a lovely dust storm combat magnum opus <url> <hashtag> cogxbox <hashtag> xboxone <hashtag> xbox,20,128,3,0,1,0,0,0.1864406779661017,0,0,0
check these out <url> <url> <url> <url> <hashtag> nsfw,9,54,1,0,4,0,0,0.20175438596491227,0,0,0
hermancranston wired reddit will now quarantine offensive content <url> <url>,10,77,0,0,2,0,0,0.10655737704918032,0,0,0
message boards will display updated traffic fatalities up from <num> and new message beginning today traffic deaths <num> slow for workers,21,138,0,0,0,0,0,0.02857142857142857,0,0,1
powerlines down over tram on gc highway passengers have just been evacuated <user> <user> <url>,15,95,0,2,1,0,0,0.1,0,0,1
haha south tampa is getting flooded hah wait a second i live in south tampa what am i gonna do what am i gonna do fvck <hashtag> flooding,28,137,1,0,0,0,0,0.4883720930232558,0,0,1
oil and gas exploration <url>,5,29,0,0,1,0,0,0.13043478260869565,0,0,1
i m a cyclone passion overblown <url>,7,37,0,0,1,0,0,0.14035087719298245,0,0,0
calgary pounded with hail on second day of storms <url>,10,55,0,0,1,0,0,0.0684931506849315,0,0,1
that horrible sinking feeling when you ve been at home on your phone for a while and you realise its been on <num> g this whole time,27,132,0,0,0,0,0,0.007751937984496124,0,0,1
that horrible sinking feeling when you ve been at home on your phone for a while and you realise its been on <num> g this whole time,27,132,0,0,0,0,0,0.007751937984496124,0,0,0
bayelsa poll tension in bayelsa as patience jonathan plans to hijack apc pdp plans by former first lady and <url>,20,113,0,0,1,0,0,0.1417910447761194,0,0,0
<user> haha jam imeshika hapa garden city mats bumper to bumper with aar ambulance we decide to chill via <user> piga siren kijan,23,129,0,2,0,0,0,0.05714285714285714,0,0,0
no better feeling than seeing and being on stage with my day ones <num> year friendships and we still body bagging mics together,23,128,0,0,0,0,0,0.007575757575757576,0,0,0
it looks like a mudslide! and <hashtag> gbbo is back with a belter!,13,67,1,0,0,2,0,0.1,0,0,1
sharing to help our cousin s family <url>,8,41,0,0,1,0,0,0.1206896551724138,0,0,0
heroes! a springer spaniel amp her dog dad rescued a stranded baby dolphin <url> <url>,15,86,0,0,2,1,0,0.10569105691056911,0,0,1
a voluntary evacuation is being recommended at this time for pickerel lake cabins across highway from <hashtag> reidlake fire says maca <hashtag> nwt <hashtag> yzf,25,163,3,0,0,0,0,0.09859154929577464,0,1,1
rt <user> tanzania elephant population declined by <num> in five years census reveals <url> <url>,15,97,0,1,2,0,0,0.08208955223880597,0,0,1
<hashtag> pbban temporary <num> russaky <num> armageddon do not kill flags only fast xp for reason,16,98,1,1,0,0,0,0.2978723404255319,0,0,0
petition heartless owner that whipped horse until it collapsed is told he can keep his animal! act now! <url>,19,109,0,0,1,2,0,0.0859375,0,0,0
<user> that s beyond adorable i hope it won t be wrecked now that it s been noticed,18,83,0,1,0,0,0,0.02197802197802198,0,0,0
